,MOVIE,YEAR,RATING,RUNTIME (min),IMDB,METASCORE,VOTES,A,ACTION,ADVENTURE,ANIMATION,BIOGRAPHY,C,COMEDY,CRIME,DRAMA,FAMILY,FANTASY,HISTORY,HORROR,I,MUSIC,MYSTERY,O,ROMANCE,SCI-FI,SHORT,T,THRILLER,WAR
0,1917,(2019),12,119.0,8.2,78.0,583067.0,0,1,0,0,0,0,0,0,1,0,0,0,0,0,0,0,0,0,0,0,1,0,1
1,24,(2001–2010),18,44.0,8.4,NaN,186769.0,0,1,0,0,0,0,0,1,1,0,0,0,0,1,0,0,0,0,0,0,0,0,0
2,300,(2006),18,117.0,7.6,52.0,819550.0,0,1,0,0,0,0,0,0,1,0,0,0,0,1,0,0,0,0,0,0,0,0,0
3,9-1-1,(2018– ),16,43.0,7.8,NaN,34393.0,0,1,0,0,0,1,0,0,1,0,0,0,0,0,0,0,0,0,0,0,0,1,0
4,9-1-1: Lone Star,(2020– ),12,43.0,7.1,NaN,15008.0,0,1,0,0,0,0,0,0,1,0,0,0,0,0,0,0,1,0,0,0,0,1,0
5,A través del tiempo,(1989–1993),,60.0,8.2,NaN,32883.0,0,1,1,0,0,0,0,0,1,0,0,0,0,0,0,0,0,0,0,0,1,0,0
6,Abierto hasta el amanecer,(1996),18,108.0,7.2,48.0,315837.0,0,1,0,0,0,0,0,1,0,0,0,0,1,0,0,0,1,0,0,0,0,0,0
7,Agentes de S.H.I.E.L.D.,(2013–2020),16,45.0,7.5,NaN,217351.0,0,1,1,0,0,0,0,0,1,0,0,0,0,0,0,0,1,0,0,0,0,0,0
8,Al borde del abismo,(2012),7,102.0,6.6,40.0,153307.0,0,1,0,0,0,0,0,1,0,0,0,0,0,0,0,0,0,0,0,0,1,1,0
9,Amanecer de los muertos,(2004),18,101.0,7.3,59.0,256731.0,0,1,0,0,0,0,0,0,0,0,0,0,1,0,0,0,1,0,0,0,0,0,0
10,Ambulance: Plan de huida,(2022),16,136.0,6.1,55.0,68228.0,0,1,0,0,0,0,0,1,1,0,0,0,0,0,0,0,0,0,0,0,1,0,0
11,Andor,(2022– ),14,40.0,8.3,NaN,55528.0,1,1,1,0,0,0,0,0,1,0,0,0,0,0,0,0,0,0,0,0,0,0,0
12,Ant-Man y la Avispa: Quantumanía,(2023),,NaN,NaN,NaN,NaN,0,1,1,0,0,1,1,0,0,0,0,0,0,0,0,0,0,0,0,0,0,0,0
13,Arcane,(2021– ),16,41.0,9.0,NaN,203234.0,0,1,1,1,0,0,0,0,0,0,0,0,0,0,0,0,0,0,0,0,1,0,0
14,Archer,(2009– ),18,22.0,8.6,NaN,155071.0,0,1,0,1,0,0,1,0,0,0,0,0,0,1,0,0,0,0,0,0,0,0,0
15,Arrow,(2012–2020),16,42.0,7.5,NaN,431428.0,0,1,1,0,0,0,0,1,0,0,0,0,0,0,0,0,0,0,0,0,1,0,0
16,Ataque a los titanes,(2013–2023),16,24.0,9.0,NaN,369483.0,0,1,1,1,0,1,0,0,0,0,0,0,0,0,0,0,0,0,0,0,0,0,0
17,Avatar,(2009),7,162.0,7.8,83.0,1244714.0,1,1,1,0,0,0,0,0,0,0,1,0,0,0,0,0,0,0,0,0,0,0,0
18,Avatar. La leyenda de Aang,(2005–2008),10,23.0,9.3,NaN,313221.0,0,1,1,1,0,0,0,0,0,0,0,0,0,1,0,0,0,0,0,0,0,0,0
19,Avatar: El sentido del agua,(2022),,190.0,NaN,NaN,NaN,1,1,1,0,0,0,0,0,0,0,1,0,0,0,0,0,0,0,0,0,0,0,0
20,Banshee,(2013–2016),18,60.0,8.4,NaN,104984.0,0,1,0,0,0,0,0,1,1,0,0,0,0,0,0,0,0,0,0,0,1,0,0
21,Barry,(2018– ),16,30.0,8.4,NaN,82213.0,0,1,0,0,0,0,1,1,0,0,0,0,0,0,0,0,0,0,0,0,1,0,0
22,Batman: La serie animada,(1992–1995),A,23.0,9.0,NaN,104062.0,0,1,1,1,0,0,0,0,0,0,0,0,0,1,0,0,0,0,0,0,0,0,0
23,Black Adam,(2022),12,125.0,7.0,41.0,115696.0,1,1,1,0,0,0,0,0,0,0,1,0,0,0,0,0,0,0,0,0,0,0,0
24,Black Panther,(2018),12,134.0,7.3,88.0,760364.0,1,1,1,0,0,0,0,0,0,0,0,0,0,0,0,0,0,0,1,0,0,0,0
25,Black Panther: Wakanda Forever,(2022),7,161.0,7.4,67.0,65627.0,1,1,1,0,0,0,0,0,1,0,0,0,0,0,0,0,0,0,0,0,0,0,0
26,Blade Runner,(1982),13,117.0,8.1,84.0,767135.0,0,1,0,0,0,0,0,0,1,0,0,0,0,0,0,0,1,0,1,0,0,0,0
27,Blade Runner 2049,(2017),12,164.0,8.0,81.0,567672.0,0,1,0,0,0,0,0,0,1,0,0,0,0,0,0,1,0,0,0,0,1,0,0
28,Bleach: Burîchi,(2004–2012),13,24.0,8.2,NaN,56017.0,0,1,1,1,0,0,0,0,0,0,0,0,0,0,0,0,1,0,0,0,0,0,0
29,Bleach: Thousand Year Blood War,(2022– ),,24.0,9.5,NaN,9045.0,0,1,1,1,0,1,0,0,0,0,0,0,0,0,0,0,0,0,0,0,0,0,0
30,Brahmastra Part One: Shiva,(2022),,167.0,5.6,57.0,102623.0,1,1,1,0,0,0,0,0,0,0,1,0,0,0,0,0,0,0,0,0,0,0,0
31,"Buffy, cazavampiros",(1997–2003),13,44.0,8.3,NaN,147445.0,0,1,0,0,0,1,0,0,1,0,1,0,0,0,0,0,0,0,0,0,0,0,0
32,Bullet Train,(2022),16,127.0,7.3,49.0,176503.0,1,1,0,0,0,0,1,0,0,0,0,0,0,0,0,0,0,0,0,0,0,1,0
33,Bárbaros,(2020– ),16,280.0,7.2,NaN,26508.0,0,1,1,0,0,1,0,0,1,0,0,0,0,0,0,0,0,0,0,0,0,0,0
34,Caballero Luna,(2022),16,NaN,7.3,NaN,226025.0,0,1,1,0,0,0,0,0,0,0,1,0,0,0,0,0,1,0,0,0,0,0,0
35,Call of Duty: Modern Warfare II,(2022 Video Game),,NaN,8.2,NaN,753.0,0,1,0,0,0,0,0,0,0,0,0,0,0,0,0,0,0,0,0,0,1,0,0
36,Caza al asesino,(2015),12,115.0,5.8,39.0,41581.0,0,1,1,0,0,0,0,1,0,0,0,0,0,0,0,0,1,0,0,0,0,0,0
37,Chainsaw Man,(2022– ),,NaN,8.8,NaN,10974.0,1,1,1,1,0,0,0,0,0,0,0,0,0,0,0,0,0,0,0,0,0,0,0
38,Chicago Fire,(2012– ),12,43.0,8.0,NaN,57610.0,0,1,0,0,0,1,0,0,1,0,0,0,0,0,0,0,0,0,0,0,0,0,0
39,Chicago P.D.,(2014– ),16,43.0,8.1,NaN,38689.0,0,1,0,0,0,1,0,1,1,0,0,0,0,0,0,0,0,0,0,0,0,0,0
40,Chuck,(2007–2012),13,43.0,8.2,NaN,138621.0,0,1,0,0,0,0,1,0,1,0,0,0,0,0,0,0,0,0,0,0,1,0,0
41,Cobra Kai,(2018– ),13,30.0,8.5,NaN,184581.0,1,1,0,0,0,0,1,0,1,0,0,0,0,0,0,0,0,0,0,0,0,0,0
42,Cyberpunk: Edgerunners,(2022– ),16,24.0,8.4,NaN,42210.0,0,1,1,1,0,1,0,0,0,0,0,0,0,0,0,0,0,0,0,0,0,0,0
43,DC Liga de Supermascotas,(2022),TP,105.0,7.3,56.0,60634.0,0,1,1,1,0,1,0,0,0,0,0,0,0,0,0,0,0,0,0,0,0,0,0
44,Daredevil,(2015–2018),18,54.0,8.6,NaN,439572.0,0,1,0,0,0,0,0,1,1,0,0,0,0,0,0,0,0,0,0,0,1,0,0
45,Deadpool,(2016),18,108.0,8.0,65.0,1032024.0,0,1,1,0,0,0,1,0,0,0,0,0,0,1,0,0,0,0,0,0,0,0,0
46,Deadpool 2,(2018),18,119.0,7.7,66.0,579453.0,0,1,1,0,0,0,1,0,0,0,0,0,0,0,0,0,1,0,0,0,0,0,0
47,Deadpool 3,(2024),,NaN,NaN,NaN,NaN,0,1,0,0,0,0,1,0,0,0,0,0,0,0,0,0,1,0,1,0,0,0,0
48,Demon Slayer: Kimetsu no Yaiba,(2019– ),Not Rated,24.0,8.7,NaN,101451.0,0,1,1,1,0,0,0,0,0,0,0,0,0,0,0,0,0,0,0,0,1,0,0
49,Desaparecida sin rastro (Last seen alive),(2022),18,95.0,5.6,NaN,17544.0,0,1,0,0,0,0,0,0,1,0,0,0,0,1,0,1,0,0,0,0,0,0,0
50,Destino: La saga Winx,(2021–2022),16,NaN,6.8,NaN,47810.0,0,1,1,0,0,0,0,0,1,0,0,0,0,0,0,0,0,0,0,0,1,0,0
51,Devotion. Una historia de héroes,(II) (2022),PG-13,138.0,6.3,60.0,273.0,0,1,0,0,0,1,0,0,1,0,0,0,0,0,0,0,0,0,0,0,0,0,1
52,Doctor Strange en el multiverso de la locura,(2022),12,126.0,6.9,60.0,403696.0,0,1,1,0,0,1,0,0,0,0,1,0,0,0,0,0,0,0,0,0,0,0,0
53,Doom Patrol,(2019– ),16,60.0,7.8,NaN,51982.0,0,1,1,0,0,0,1,0,0,0,0,0,0,0,0,0,1,0,0,0,0,0,0
54,Drive,(I) (2011),18,100.0,7.8,78.0,638113.0,0,1,0,0,0,0,0,0,1,0,0,0,0,0,0,0,1,0,0,0,0,0,0
55,Dune,(2021),12,155.0,8.0,74.0,624436.0,0,1,1,0,0,1,0,0,1,0,0,0,0,0,0,0,0,0,0,0,0,0,0
56,Dune: Parte Dos,(2023),,NaN,NaN,NaN,NaN,0,1,1,0,0,0,0,0,1,0,0,0,0,0,0,0,1,0,0,0,0,0,0
57,Dunkerque,(2017),12,106.0,7.8,94.0,654880.0,0,1,0,0,0,0,0,0,1,0,0,1,0,1,0,0,0,0,0,0,0,0,0
58,El Pacificador,(2022– ),16,40.0,8.3,NaN,109305.0,0,1,1,0,0,0,1,0,0,0,0,0,0,1,0,0,0,0,0,0,0,0,0
59,El agente invisible,(2022),16,122.0,6.5,49.0,188690.0,0,1,0,0,0,1,0,0,0,0,0,0,0,0,0,0,0,0,0,0,0,1,0
60,El caballero oscuro,(2008),12,152.0,9.0,84.0,2634748.0,0,1,0,0,0,1,0,1,1,0,0,0,0,0,0,0,0,0,0,0,0,0,0
61,El caballero oscuro: La leyenda renace,(2012),12,164.0,8.4,78.0,1695956.0,0,1,0,0,0,0,0,0,1,0,0,0,0,0,0,0,1,0,0,0,0,0,0
62,El escuadrón suicida,(2021),16,132.0,7.2,72.0,348009.0,0,1,1,0,0,0,1,0,0,0,0,0,0,1,0,0,0,0,0,0,0,0,0
63,El guardaespaldas,(1992),13,129.0,6.3,39.0,135788.0,0,1,0,0,0,0,0,0,1,0,0,0,0,0,1,0,0,0,0,0,1,0,0
64,El hijo bastardo y el mismísimo diablo,(2022– ),16,60.0,7.6,NaN,5032.0,1,1,1,0,0,0,0,0,1,0,0,0,0,0,0,0,0,0,0,0,0,0,0
65,El hombre de acero,(2013),12,143.0,7.1,55.0,770160.0,0,1,1,0,0,0,0,0,0,0,0,0,0,1,0,0,0,0,1,0,0,0,0
66,El hombre del norte,(2022),16,137.0,7.1,82.0,189136.0,1,1,1,0,0,0,0,0,1,0,0,0,0,0,0,0,0,0,0,0,0,0,0
67,El insoportable peso de un talento descomunal,(2022),12,107.0,7.0,68.0,81749.0,0,1,0,0,0,1,1,1,0,0,0,0,0,0,0,0,0,0,0,0,0,0,0
68,El juego del calamar,(2021– ),16,55.0,8.0,NaN,441215.0,0,1,0,0,0,0,0,0,1,0,0,0,0,1,0,1,0,0,0,0,0,0,0
69,El libro de Boba Fett,(2021– ),12,38.0,7.3,NaN,148582.0,0,1,1,0,0,0,0,0,0,0,0,0,0,0,0,0,1,0,1,0,0,0,0
70,El mediador,(2022),16,104.0,4.8,27.0,17734.0,0,1,0,0,0,1,0,0,0,0,0,0,0,0,0,0,0,0,0,0,0,1,0
71,El profesional (Léon),(1994),18,110.0,8.5,64.0,1155057.0,0,1,0,0,0,0,0,1,1,0,0,0,0,1,0,0,0,0,0,0,0,0,0
72,El príncipe dragón,(2018– ),7,26.0,8.3,NaN,23503.0,0,1,1,1,0,1,0,0,0,0,0,0,0,0,0,0,0,0,0,0,0,0,0
73,El quinto elemento,(1997),7,126.0,7.6,52.0,474111.0,0,1,1,0,0,0,0,0,0,0,0,0,0,1,0,0,0,0,1,0,0,0,0
74,El reino de los cielos,(2005),13,144.0,7.2,63.0,289711.0,0,1,1,0,0,0,0,0,1,0,0,0,0,0,0,0,1,0,0,0,0,0,0
75,El señor de los anillos: El retorno del rey,(2003),12,201.0,9.0,94.0,1835357.0,0,1,1,0,0,0,0,0,1,0,0,0,0,0,0,0,0,0,0,0,1,0,0
76,El señor de los anillos: La comunidad del anillo,(2001),12,178.0,8.8,92.0,1864318.0,0,1,1,0,0,1,0,0,1,0,0,0,0,0,0,0,0,0,0,0,0,0,0
77,El señor de los anillos: Las dos torres,(2002),12,179.0,8.8,87.0,1657236.0,0,1,1,0,0,0,0,0,1,0,0,0,0,0,0,0,1,0,0,0,0,0,0
78,El señor de los anillos: Los anillos de poder,(2022– ),14,NaN,6.9,NaN,286084.0,1,1,1,0,0,0,0,0,1,0,0,0,0,0,0,0,0,0,0,0,0,0,0
79,El último mohicano,(1992),13,112.0,7.7,76.0,171285.0,0,1,1,0,0,0,0,0,1,0,0,0,0,0,0,0,1,0,0,0,0,0,0
80,Enola Holmes,(2020),13,123.0,6.6,68.0,183530.0,1,1,1,0,0,0,0,1,0,0,0,0,0,0,0,0,0,0,0,0,0,0,0
81,Enola Holmes 2,(2022),16,129.0,6.8,64.0,40256.0,1,1,1,0,0,0,0,1,0,0,0,0,0,0,0,0,0,0,0,0,0,0,0
82,Estación 19,(2018– ),12,60.0,6.8,NaN,15400.0,0,1,0,0,0,0,0,0,1,0,0,0,0,0,0,0,0,1,0,0,1,0,0
83,Eternals,(2021),12,156.0,6.3,52.0,338209.0,0,1,1,0,0,0,0,0,0,0,1,0,0,0,0,0,0,0,0,0,1,0,0
84,Expend4bles,(2023),,NaN,NaN,NaN,NaN,0,1,1,0,0,0,0,0,0,0,0,0,0,0,0,0,0,0,0,0,1,1,0
85,FBI,(2018– ),12,60.0,7.0,NaN,18020.0,1,1,0,0,0,0,0,1,1,0,0,0,0,0,0,0,0,0,0,0,0,0,0
86,FBI: Most Wanted,(2020– ),12,45.0,6.9,NaN,8282.0,0,1,0,0,0,0,0,1,1,0,0,0,0,0,0,0,0,0,0,0,1,0,0
87,Fast X,(2023),,NaN,NaN,NaN,NaN,0,1,0,0,0,0,0,1,0,0,0,0,0,1,0,1,0,0,0,0,0,0,0
88,Free Guy,(2021),12,115.0,7.1,62.0,366391.0,0,1,1,0,0,0,1,0,0,0,0,0,0,1,0,0,0,0,0,0,0,0,0
89,Gangs of London,(2020– ),18,60.0,8.1,NaN,32086.0,1,1,0,0,0,0,0,1,1,0,0,0,0,0,0,0,0,0,0,0,0,0,0
90,Gladiator (El gladiador),(2000),12,155.0,8.5,67.0,1491732.0,0,1,1,0,0,0,0,0,1,0,0,0,0,0,0,0,0,0,0,0,1,0,0
91,God of War,(2018 Video Game),18,NaN,9.6,NaN,28004.0,0,1,1,0,0,0,0,0,1,0,0,0,0,0,0,0,0,0,0,0,1,0,0
92,God of War: Ragnarök,(2022 Video Game),,NaN,9.9,NaN,3239.0,1,1,1,0,0,0,0,0,1,0,0,0,0,0,0,0,0,0,0,0,0,0,0
93,Gotham,(2014–2019),16,42.0,7.8,NaN,230577.0,0,1,0,0,0,0,0,1,1,0,0,0,0,0,0,0,1,0,0,0,0,0,0
94,Greenland: El último refugio,(2020),12,119.0,6.4,64.0,117358.0,0,1,0,0,0,0,0,0,0,0,0,0,0,0,0,0,1,0,0,0,0,1,0
95,Guardianes de la Galaxia,(2014),12,121.0,8.0,76.0,1172471.0,0,1,1,0,0,0,1,0,0,0,0,0,0,1,0,0,0,0,0,0,0,0,0
96,Guardianes de la Galaxia Vol. 3,(2023),,NaN,NaN,NaN,NaN,0,1,1,0,0,0,1,0,0,0,0,0,0,0,0,0,1,0,0,0,0,0,0
97,Halo,(2022– ),,60.0,7.1,NaN,59542.0,0,1,1,0,0,0,0,0,0,0,0,0,0,0,0,0,0,0,1,0,1,0,0
98,Harry Potter y la Orden del Fénix,(2007),7,138.0,7.5,71.0,579732.0,0,1,1,0,0,0,0,0,0,1,0,0,0,0,0,0,1,0,0,0,0,0,0
99,Hawai 5.0,(2010–2020),12,42.0,7.4,NaN,73903.0,0,1,0,0,0,0,0,1,1,0,0,0,0,1,0,0,0,0,0,0,0,0,0
100,Heat,(1995),13,170.0,8.3,76.0,652815.0,0,1,0,0,0,0,0,1,1,0,0,0,0,0,0,0,1,0,0,0,0,0,0
101,Hoja de los 47 Ronin,(2022),R,107.0,4.7,NaN,696.0,0,1,0,0,0,0,0,0,1,0,1,0,0,0,0,0,1,0,0,0,0,0,0
102,In the Dark,(2019–2022),X,42.0,7.5,NaN,13188.0,0,1,0,0,0,0,0,1,0,0,0,0,1,1,0,0,0,0,0,0,0,0,0
103,Invincible,(2021– ),18,50.0,8.7,NaN,135600.0,0,1,1,1,0,0,0,0,0,0,0,0,0,0,0,0,1,0,0,0,0,0,0
104,Iron Man,(2008),7,126.0,7.9,79.0,1054650.0,0,1,1,0,0,0,0,0,0,0,0,0,0,1,0,0,0,0,1,0,0,0,0
105,Jack Ryan,(2018– ),16,60.0,8.0,NaN,120308.0,1,1,0,0,0,0,0,0,1,0,0,0,0,0,0,0,0,0,0,0,0,1,0
106,John Wick (Otro día para matar),(2014),16,101.0,7.4,68.0,628871.0,0,1,0,0,0,1,0,1,0,0,0,0,0,0,0,0,0,0,0,0,0,1,0
107,John Wick 4,(2023),,NaN,NaN,NaN,NaN,1,1,0,0,0,0,0,1,0,0,0,0,0,0,0,0,0,0,0,0,0,1,0
108,John Wick: Capítulo 3 - Parabellum,(2019),16,130.0,7.4,73.0,342434.0,0,1,0,0,0,0,0,1,0,0,0,0,0,0,0,0,0,0,0,0,1,1,0
109,John Wick: Pacto de sangre,(2017),18,122.0,7.4,75.0,430734.0,0,1,0,0,0,0,0,1,0,0,0,0,0,0,0,0,1,0,0,0,0,1,0
110,Juego de tronos,(2011–2019),18,57.0,9.2,NaN,2082679.0,1,1,1,0,0,0,0,0,1,0,0,0,0,0,0,0,0,0,0,0,0,0,0
111,Jurassic Park (Parque Jurásico),(1993),13,127.0,8.2,68.0,984346.0,0,1,1,0,0,0,0,0,0,0,0,0,0,1,0,0,0,0,1,0,0,0,0
112,Jurassic World: Dominion,(2022),12,147.0,5.7,38.0,148500.0,0,1,1,0,0,1,0,0,0,0,0,0,0,0,0,0,0,0,1,0,0,0,0
113,Justified: La ley de Raylan,(2010–2015),16,44.0,8.6,NaN,100828.0,0,1,0,0,0,0,0,1,1,0,0,0,0,0,0,0,0,0,0,0,1,0,0
114,Kantara,(2022),,148.0,9.0,NaN,66754.0,1,1,1,0,0,0,0,0,1,0,0,0,0,0,0,0,0,0,0,0,0,0,0
115,Kleo,(2022– ),16,44.0,7.4,NaN,7668.0,0,1,0,0,0,0,0,1,1,0,0,0,0,0,0,0,1,0,0,0,0,0,0
116,La Escuela del Bien y del Mal,(2022),12,147.0,5.8,30.0,21479.0,1,1,0,0,0,0,1,0,1,0,0,0,0,0,0,0,0,0,0,0,0,0,0
117,La Liga de la Justicia de Zack Snyder,(2021),16,242.0,8.0,54.0,395496.0,0,1,1,0,0,0,0,0,0,0,1,0,0,0,0,0,0,0,0,0,1,0,0
118,La bala perdida,(2020),16,92.0,6.3,78.0,10830.0,0,1,0,0,0,0,0,1,0,0,0,0,0,1,0,0,0,0,0,0,0,1,0
119,La bala perdida 2,(2022),14,98.0,6.3,NaN,1342.0,0,1,0,0,0,0,0,1,0,0,0,0,0,0,0,0,0,0,0,0,1,1,0
120,La casa de papel,(2017–2021),16,70.0,8.2,NaN,474328.0,0,1,0,0,0,0,0,1,1,0,0,0,0,0,0,0,0,0,0,0,1,0,0
121,La casa del dragón,(2022– ),18,NaN,8.5,NaN,256364.0,1,1,1,0,0,0,0,0,1,0,0,0,0,0,0,0,0,0,0,0,0,0,0
122,La ciudad perdida,(2022),12,112.0,6.1,60.0,114719.0,0,1,1,0,0,1,1,0,0,0,0,0,0,0,0,0,0,0,0,0,0,0,0
123,La conquista del espacio,(1966–1969),A,50.0,8.4,NaN,84455.0,0,1,1,0,0,0,0,0,0,0,0,0,0,0,0,0,0,0,1,0,1,0,0
124,La guerra de las galaxias,(1977),A,121.0,8.6,90.0,1358142.0,0,1,1,0,0,0,0,0,0,0,1,0,0,1,0,0,0,0,0,0,0,0,0
125,La lista final,(2022– ),16,55.0,8.0,NaN,86758.0,0,1,0,0,0,1,0,0,1,0,0,0,0,0,0,0,0,0,0,0,0,1,0
126,La maldición del hombre lobo,(2022 TV Movie),,52.0,7.2,NaN,48286.0,0,1,1,0,0,1,0,0,1,0,0,0,0,0,0,0,0,0,0,0,0,0,0
127,La memoria de un asesino,(2022),16,114.0,5.7,41.0,22171.0,0,1,0,0,0,0,0,1,0,0,0,0,0,1,0,0,0,0,0,0,0,1,0
128,La misteriosa sociedad Benedict,(2021– ),9+,NaN,7.6,NaN,4300.0,0,1,1,0,0,0,1,0,0,0,0,0,0,1,0,0,0,0,0,0,0,0,0
129,La monja guerrera,(2020– ),16,NaN,6.9,NaN,36977.0,1,1,0,0,0,0,0,0,1,0,1,0,0,0,0,0,0,0,0,0,0,0,0
130,La mujer rey,(2022),PG-13,135.0,6.7,77.0,32060.0,1,1,0,0,0,0,0,0,1,0,0,1,0,0,0,0,0,0,0,0,0,0,0
131,La rueda del tiempo,(2021– ),16,60.0,7.1,NaN,104417.0,0,1,1,0,0,0,0,0,1,0,0,0,0,0,0,0,0,0,0,0,1,0,0
132,La toma del poder,(I) (2022),16,87.0,5.2,NaN,2483.0,1,1,0,0,0,0,0,1,0,0,0,0,0,0,0,0,0,0,0,0,0,1,0
133,Le Mans '66,(2019),7,152.0,8.1,81.0,390417.0,0,1,0,0,1,0,0,0,1,0,0,0,0,0,0,0,1,0,0,0,0,0,0
134,Loki,(2021– ),12,53.0,8.2,NaN,312965.0,0,1,1,0,0,0,0,0,0,0,1,0,0,0,0,0,1,0,0,0,0,0,0
135,Los Vengadores,(2012),7,143.0,8.0,69.0,1385704.0,0,1,1,0,0,0,0,0,0,0,0,0,0,0,0,0,1,0,1,0,0,0,0
136,Los juegos del hambre,(2012),12,142.0,7.2,68.0,916385.0,0,1,1,0,0,1,0,0,0,0,0,0,0,0,0,0,0,0,1,0,0,0,0
137,Lou,(I) (2022),16,107.0,6.1,51.0,21794.0,0,1,0,0,0,0,0,1,1,0,0,0,0,0,0,0,0,0,0,0,1,0,0
138,"Love, Death & Robots",(2019– ),18,15.0,8.4,NaN,168177.0,0,1,0,1,0,0,0,0,0,0,0,0,0,0,0,0,0,0,0,1,1,0,0
139,Mad Max: Furia en la carretera,(2015),16,120.0,8.1,90.0,997379.0,0,1,1,0,0,0,0,0,0,0,0,0,0,0,0,0,1,0,1,0,0,0,0
140,Matrix,(1999),18,136.0,8.7,73.0,1902076.0,0,1,0,0,0,0,0,0,0,0,0,0,0,1,0,0,0,0,1,0,0,0,0
141,Matrix Resurrections,(2021),16,148.0,5.7,63.0,247694.0,0,1,0,0,0,0,0,0,0,0,0,0,0,0,0,0,1,0,1,0,0,0,0
142,Medieval,(2022),R,126.0,5.9,46.0,4478.0,1,1,0,0,0,0,0,0,1,0,0,1,0,0,0,0,0,0,0,0,0,0,0
143,Milla 22,(2018),18,94.0,6.1,38.0,80243.0,0,1,0,0,0,0,0,0,0,0,0,0,0,1,0,0,0,0,0,0,0,1,0
144,Mob Psycho 100,(2016– ),Not Rated,24.0,8.6,NaN,31843.0,0,1,0,1,0,0,1,0,0,0,0,0,0,1,0,0,0,0,0,0,0,0,0
145,Moonfall,(2022),12,130.0,5.1,41.0,76299.0,0,1,1,0,0,0,0,0,0,0,0,0,0,1,0,0,0,0,1,0,0,0,0
146,Morbius,(2022),12,104.0,5.2,35.0,119109.0,0,1,1,0,0,1,0,0,0,0,0,0,1,0,0,0,0,0,0,0,0,0,0
147,Mundo extraño,(2022),PG,102.0,NaN,NaN,NaN,0,1,1,1,0,1,0,0,0,0,0,0,0,0,0,0,0,0,0,0,0,0,0
148,My Hero Academia,(2016– ),12,24.0,8.4,NaN,61992.0,0,1,1,1,0,1,0,0,0,0,0,0,0,0,0,0,0,0,0,0,0,0,0
149,NCIS: Hawai'i,(2021– ),,43.0,6.4,NaN,5993.0,0,1,0,0,0,0,0,1,0,0,0,0,0,1,0,1,0,0,0,0,0,0,0
150,NCIS: Los Ángeles,(2009– ),12,43.0,6.8,NaN,53944.0,0,1,0,0,0,0,0,1,1,0,0,0,0,0,0,0,0,0,0,0,1,0,0
151,Nadie,(I) (2021),18,92.0,7.4,64.0,248146.0,0,1,0,0,0,0,0,1,1,0,0,0,0,1,0,0,0,0,0,0,0,0,0
152,Navy: Investigación criminal,(2003– ),12,60.0,7.8,NaN,147609.0,1,1,0,0,0,0,0,1,1,0,0,0,0,0,0,0,0,0,0,0,0,0,0
153,Noche de paz,(2022),R,101.0,NaN,NaN,NaN,1,1,0,0,0,0,1,1,0,0,0,0,0,0,0,0,0,0,0,0,0,0,0
154,Obi-Wan Kenobi,(2022),12,NaN,7.1,NaN,187634.0,0,1,1,0,0,0,0,0,0,0,0,0,0,0,0,0,0,0,1,0,1,0,0
155,Oblivion,(I) (2013),12,124.0,7.0,54.0,525731.0,0,1,1,0,0,1,0,0,0,0,0,0,0,0,0,0,0,0,1,0,0,0,0
156,Old Boy,(2003),18,120.0,8.4,77.0,577408.0,0,1,0,0,0,0,0,0,1,0,0,0,0,0,0,1,1,0,0,0,0,0,0
157,One Piece,(1999– ),13,24.0,8.9,NaN,125021.0,0,1,1,1,0,1,0,0,0,0,0,0,0,0,0,0,0,0,0,0,0,0,0
158,One Piece Film Red,(2022),12,115.0,6.9,69.0,6463.0,1,1,1,1,0,0,0,0,0,0,0,0,0,0,0,0,0,0,0,0,0,0,0
159,Origen,(2010),12,148.0,8.8,74.0,2334667.0,0,1,1,0,0,1,0,0,0,0,0,0,0,0,0,0,0,0,1,0,0,0,0
160,Pennyworth,(2019– ),16,60.0,7.9,NaN,15470.0,0,1,0,0,0,1,0,1,1,0,0,0,0,0,0,0,0,0,0,0,0,0,0
161,Percy Jackson and the Olympians,(2023– ),,60.0,NaN,NaN,NaN,0,1,1,0,0,0,0,0,1,0,0,0,0,1,0,0,0,0,0,0,0,0,0
162,Person of Interest,(2011–2016),12,43.0,8.5,NaN,176612.0,0,1,0,0,0,0,0,1,1,0,0,0,0,1,0,0,0,0,0,0,0,0,0
163,Piratas del Caribe: La maldición de la Perla Negra,(2003),7,143.0,8.1,63.0,1122992.0,0,1,1,0,0,0,0,0,0,0,1,0,0,0,0,0,1,0,0,0,0,0,0
164,Poker Face,(2022),,94.0,5.1,NaN,1648.0,0,1,0,0,0,0,0,1,0,0,0,0,0,0,0,0,1,0,0,0,0,1,0
165,Ponniyin Selvan: Part One,(2022),,167.0,8.0,NaN,27907.0,0,1,0,0,0,0,0,0,1,1,0,0,0,0,0,0,1,0,0,0,0,0,0
166,Predator: La presa,(I) (2022),18,99.0,7.2,71.0,182936.0,0,1,1,0,0,1,0,0,1,0,0,0,0,0,0,0,0,0,0,0,0,0,0
167,Prison Break,(2005–2017),13,44.0,8.3,NaN,533773.0,0,1,0,0,0,1,0,1,1,0,0,0,0,0,0,0,0,0,0,0,0,0,0
168,Prodigiosa: Las aventuras de Ladybug,(2015– ),TP,20.0,7.6,NaN,11660.0,0,1,1,1,0,1,0,0,0,0,0,0,0,0,0,0,0,0,0,0,0,0,0
169,R.I.P.D. 2: Rise of the Damned,(2022),PG-13,102.0,4.5,NaN,502.0,1,1,0,0,0,0,1,0,0,0,0,0,0,0,0,0,0,0,0,0,0,0,0
170,R.I.P.D.: Departamento de policía mortal,(2013),12,96.0,5.6,25.0,134384.0,0,1,1,0,0,0,1,0,0,0,0,0,0,0,0,0,0,0,0,0,1,0,0
171,RRR,(2022),,187.0,8.0,83.0,115348.0,0,1,0,0,0,0,0,0,1,0,0,0,0,0,0,0,0,0,0,0,1,0,0
172,Reacher,(2022– ),16,49.0,8.1,NaN,120504.0,0,1,0,0,0,1,0,1,1,0,0,0,0,0,0,0,0,0,0,0,0,0,0
173,Ready Player One,(2018),7,140.0,7.4,64.0,435127.0,0,1,1,0,0,0,0,0,0,0,0,0,0,0,0,0,1,0,1,0,0,0,0
174,Red One,(2023),,NaN,NaN,NaN,NaN,0,1,1,0,0,0,1,0,0,0,0,0,0,0,0,0,0,0,0,0,1,0,0
175,Rogue One. Una historia de Star Wars,(2016),7,133.0,7.8,65.0,633497.0,0,1,1,0,0,1,0,0,0,0,0,0,0,0,0,0,0,0,1,0,0,0,0
176,Roma,(2005–2007),18,52.0,8.7,NaN,172019.0,0,1,0,0,0,0,0,0,1,0,0,1,0,1,0,0,0,0,0,0,0,0,0
177,S.W.A.T.: Los hombres de Harrelson,(2017– ),12,43.0,7.1,NaN,24006.0,0,1,1,0,0,1,0,1,0,0,0,0,0,0,0,0,0,0,0,0,0,0,0
178,SEAL Team,(2017– ),12,43.0,7.7,NaN,26172.0,1,1,0,0,0,0,0,0,1,0,0,0,0,0,0,0,0,0,0,0,0,0,1
179,Samaritan,(2022),14,102.0,5.7,45.0,42887.0,0,1,0,0,0,0,0,0,1,0,1,0,0,1,0,0,0,0,0,0,0,0,0
180,See,(2019–2022),16,60.0,7.6,NaN,83962.0,0,1,0,0,0,1,0,0,1,0,0,0,0,0,0,0,0,0,1,0,0,0,0
181,Shantaram,(2022– ),18,52.0,7.7,NaN,4669.0,1,1,1,0,0,0,0,1,0,0,0,0,0,0,0,0,0,0,0,0,0,0,0
182,Shazam! Fury of the Gods,(2023),,NaN,NaN,NaN,NaN,0,1,1,0,0,0,1,0,0,0,0,0,0,0,0,0,0,0,0,0,1,0,0
183,She-Hulk: Abogada Hulka,(2022),12,35.0,5.2,NaN,158709.0,1,1,1,0,0,0,1,0,0,0,0,0,0,0,0,0,0,0,0,0,0,0,0
184,Sherlock Holmes,(2009),13,128.0,7.6,57.0,633912.0,0,1,1,0,0,0,0,0,0,0,0,0,0,0,0,1,1,0,0,0,0,0,0
185,Sin novedad en el frente,(2022),16,148.0,7.9,76.0,58626.0,1,1,0,0,0,0,0,0,1,0,0,0,0,0,0,0,0,0,0,0,0,0,1
186,Sin tiempo para morir,(2021),12,163.0,7.3,68.0,395777.0,0,1,1,0,0,0,0,0,0,0,0,0,0,0,0,0,0,0,0,0,1,1,0
187,Smallville,(2001–2017),7,60.0,7.5,NaN,128364.0,0,1,1,0,0,1,0,0,1,0,0,0,0,0,0,0,0,0,0,0,0,0,0
188,Sobredosis,(II) (2022),18,119.0,5.5,NaN,821.0,0,1,0,0,0,1,0,1,0,0,0,0,0,0,0,0,0,0,0,0,0,1,0
189,Sombra y hueso,(2021– ),16,60.0,7.6,NaN,84782.0,0,1,1,0,0,0,0,0,1,0,0,0,0,1,0,0,0,0,0,0,0,0,0
190,Sonic 2: La película,(2022),7,122.0,6.5,47.0,64784.0,0,1,1,0,0,0,1,0,0,0,0,0,0,0,0,0,1,0,0,0,0,0,0
191,Spartacus: Sangre y arena,(2010–2013),18,55.0,8.5,NaN,242504.0,0,1,1,0,1,0,0,0,0,0,0,0,0,1,0,0,0,0,0,0,0,0,0
192,Spider-Man,(2002),A,121.0,7.4,73.0,815103.0,0,1,1,0,0,0,0,0,0,0,0,0,0,0,0,0,0,0,1,0,1,0,0
193,Spider-Man: No Way Home,(2021),7,148.0,8.3,71.0,743655.0,0,1,1,0,0,1,0,0,0,0,1,0,0,0,0,0,0,0,0,0,0,0,0
194,Spider-Man: Un nuevo universo,(2018),7,117.0,8.4,87.0,522885.0,0,1,1,1,0,0,0,0,0,0,0,0,0,0,0,0,1,0,0,0,0,0,0
195,Spiderhead,(2022),16,106.0,5.4,54.0,55076.0,0,1,0,0,0,0,0,1,1,0,0,0,0,0,0,0,1,0,0,0,0,0,0
196,Spy x Family,(2022– ),,24.0,8.6,NaN,22872.0,0,1,0,1,0,0,1,0,0,0,0,0,0,0,0,0,1,0,0,0,0,0,0
197,Star Trek: Discovery,(2017– ),16,60.0,7.0,NaN,123029.0,0,1,1,0,0,0,0,0,1,0,0,0,0,1,0,0,0,0,0,0,0,0,0
198,Star Trek: Espacio Profundo Nueve,(1993–1999),13,45.0,8.1,NaN,63463.0,0,1,1,0,0,0,0,0,1,0,0,0,0,1,0,0,0,0,0,0,0,0,0
199,Star Trek: La nueva generación,(1987–1994),7,44.0,8.7,NaN,120721.0,0,1,1,0,0,1,0,0,0,0,0,0,0,0,0,0,0,0,1,0,0,0,0
200,Star Trek: Picard,(2020–2023),18,46.0,7.3,NaN,71468.0,0,1,1,0,0,0,0,0,1,0,0,0,0,0,0,0,1,0,0,0,0,0,0
201,Star Trek: Strange New Worlds,(2022– ),16,52.0,8.2,NaN,29288.0,0,1,1,0,0,0,0,0,0,0,0,0,0,0,0,0,0,0,1,0,1,0,0
202,Star Trek: Voyager,(1995–2001),13,44.0,7.8,NaN,69601.0,0,1,1,0,0,0,0,0,0,0,0,0,0,0,0,0,1,0,1,0,0,0,0
203,Star Wars: Las crónicas de Jedi,(2022– ),6+,15.0,8.4,NaN,16193.0,1,1,0,1,0,0,0,0,0,0,0,0,0,0,0,0,0,0,0,1,0,0,0
204,Star Wars: The Clone Wars,(2008–2020),7,23.0,8.4,NaN,96983.0,0,1,1,1,0,0,0,0,0,0,0,0,0,0,0,0,0,0,0,0,1,0,0
205,Stargate SG-1,(1997–2007),12,44.0,8.4,NaN,93888.0,0,1,1,0,0,0,0,0,1,0,0,0,0,0,0,0,0,0,0,0,1,0,0
206,Stargirl,(2020–2022),12,566.0,7.2,NaN,18136.0,0,1,1,0,0,0,0,1,0,0,0,0,0,0,0,0,0,0,0,0,1,0,0
207,Starship Troopers (Las brigadas del espacio),(1997),18,129.0,7.3,51.0,296952.0,0,1,1,0,0,0,0,0,0,0,0,0,0,0,0,0,1,0,1,0,0,0,0
208,Superdetective en Hollywood,(1984),13,105.0,7.3,66.0,185303.0,0,1,0,0,0,0,1,1,0,0,0,0,0,1,0,0,0,0,0,0,0,0,0
209,Teen Wolf,(2011–2017),16,41.0,7.7,NaN,148454.0,0,1,0,0,0,0,0,0,1,0,1,0,0,1,0,0,0,0,0,0,0,0,0
210,Tenet,(2020),12,150.0,7.3,69.0,499140.0,0,1,0,0,0,0,0,0,0,0,0,0,0,0,0,0,0,0,1,0,1,1,0
211,The Acolyte,(2023– ),,NaN,NaN,NaN,NaN,0,1,1,0,0,0,0,0,1,0,0,0,0,1,0,0,0,0,0,0,0,0,0
212,The Batman,(2022),12,176.0,7.9,72.0,621620.0,1,1,0,0,0,0,0,1,1,0,0,0,0,0,0,0,0,0,0,0,0,0,0
213,The Boys,(2019– ),16,60.0,8.7,NaN,492618.0,1,1,0,0,0,0,1,1,0,0,0,0,0,0,0,0,0,0,0,0,0,0,0
214,The Equalizer,(2021– ),,43.0,5.3,NaN,13165.0,0,1,0,0,0,0,0,1,1,0,0,0,0,0,0,0,1,0,0,0,0,0,0
215,The Flash,(2014–2023),7,43.0,7.6,NaN,345690.0,0,1,1,0,0,1,0,0,1,0,0,0,0,0,0,0,0,0,0,0,0,0,0
216,The Gentlemen: Los señores de la mafia,(2019),16,113.0,7.8,51.0,337011.0,0,1,0,0,0,0,1,1,0,0,0,0,0,0,0,0,0,0,0,0,1,0,0
217,The Ghost,(2022),,138.0,5.0,NaN,1765.0,0,1,0,0,0,0,0,0,0,0,0,0,0,0,0,0,0,0,0,0,1,1,0
218,The King's Man: La primera misión,(2021),16,131.0,6.3,44.0,145287.0,0,1,1,0,0,0,0,0,0,0,0,0,0,0,0,0,0,0,0,0,1,1,0
219,The Last Kingdom,(2015–2022),16,60.0,8.5,NaN,139717.0,1,1,0,0,0,0,0,0,1,0,0,1,0,0,0,0,0,0,0,0,0,0,0
220,The Last of Us,(2023– ),,NaN,NaN,NaN,NaN,0,1,1,0,0,0,0,0,1,0,0,0,0,0,0,0,0,0,0,0,1,0,0
221,The Mandalorian,(2019– ),12,40.0,8.7,NaN,473924.0,1,1,1,0,0,0,0,0,0,0,1,0,0,0,0,0,0,0,0,0,0,0,0
222,The Mummy (La momia),(1999),7,124.0,7.1,48.0,430274.0,0,1,1,0,0,0,0,0,0,0,1,0,0,1,0,0,0,0,0,0,0,0,0
223,The Old Man,(2022– ),,61.0,7.7,NaN,34989.0,1,1,0,0,0,0,0,0,1,0,0,0,0,0,0,0,0,0,0,0,0,1,0
224,The Punisher,(2017–2019),16,53.0,8.5,NaN,235434.0,0,1,0,0,0,0,0,1,1,0,0,0,0,1,0,0,0,0,0,0,0,0,0
225,The Rookie,(2018– ),12,43.0,8.0,NaN,39910.0,1,1,0,0,0,0,0,1,1,0,0,0,0,0,0,0,0,0,0,0,0,0,0
226,The Rookie: Feds,(2022– ),,43.0,4.7,NaN,2303.0,0,1,0,0,0,0,0,1,1,0,0,0,0,1,0,0,0,0,0,0,0,0,0
227,The System,(2022),R,97.0,3.7,NaN,459.0,0,1,0,0,0,1,0,1,0,0,0,0,0,0,0,0,0,0,0,0,0,0,0
228,The Umbrella Academy,(2019–2023),16,60.0,7.9,NaN,247213.0,0,1,1,0,0,1,1,0,0,0,0,0,0,0,0,0,0,0,0,0,0,0,0
229,The Winchesters,(2022– ),,42.0,6.5,NaN,4249.0,0,1,1,0,0,1,0,0,1,0,0,0,0,0,0,0,0,0,0,0,0,0,0
230,The Witcher,(2019– ),16,60.0,8.2,NaN,489038.0,1,1,1,0,0,0,0,0,1,0,0,0,0,0,0,0,0,0,0,0,0,0,0
231,Thor: Love and Thunder,(2022),12,118.0,6.3,57.0,308095.0,1,1,1,0,0,0,1,0,0,0,0,0,0,0,0,0,0,0,0,0,0,0,0
232,Titanes,(I) (2018– ),16,45.0,7.6,NaN,100155.0,1,1,1,0,0,0,0,1,0,0,0,0,0,0,0,0,0,0,0,0,0,0,0
233,Todo a la vez en todas partes,(2022),12,139.0,8.1,81.0,236687.0,1,1,1,0,0,0,1,0,0,0,0,0,0,0,0,0,0,0,0,0,0,0,0
234,Top Gun. Ídolos del aire,(1986),TP,110.0,6.9,50.0,436535.0,1,1,0,0,0,0,0,0,1,0,0,0,0,0,0,0,0,0,0,0,0,0,0
235,Top Gun: Maverick,(2022),12,130.0,8.4,78.0,427279.0,1,1,0,0,0,0,0,0,1,0,0,0,0,0,0,0,0,0,0,0,0,0,0
236,Transformers,(2007),7,144.0,7.0,61.0,637744.0,0,1,1,0,0,0,0,0,0,0,0,0,0,0,0,0,1,0,1,0,0,0,0
237,Trece vidas,(2022),18,147.0,7.8,66.0,49375.0,0,1,1,0,1,0,0,0,0,0,0,0,0,0,0,0,1,0,0,0,0,0,0
238,Turno de día,(2022),16,113.0,6.1,51.0,73012.0,0,1,0,0,0,0,1,0,0,0,1,0,0,0,0,0,1,0,0,0,0,0,0
239,Uncharted,(2022),12,116.0,6.3,45.0,200109.0,0,1,1,0,0,1,0,0,0,0,0,0,0,0,0,0,0,0,0,0,0,0,0
240,Untitled Indiana Jones Project,(2023),,NaN,NaN,NaN,NaN,0,1,1,0,0,0,0,0,0,0,0,0,0,0,0,0,0,0,0,0,1,0,0
241,V de Vendetta,(2005),12,132.0,8.2,62.0,1118963.0,0,1,0,0,0,1,0,0,1,0,0,0,0,0,0,0,0,0,1,0,0,0,0
242,Vengadores: Endgame,(2019),7,181.0,8.4,78.0,1117454.0,0,1,1,0,0,1,0,0,1,0,0,0,0,0,0,0,0,0,0,0,0,0,0
243,Vengadores: Infinity War,(2018),12,149.0,8.4,68.0,1070122.0,0,1,1,0,0,0,0,0,0,0,0,0,0,1,0,0,0,0,1,0,0,0,0
244,Vikingos,(2013–2020),18,44.0,8.5,NaN,529974.0,1,1,1,0,0,0,0,0,1,0,0,0,0,0,0,0,0,0,0,0,0,0,0
245,Walker,(2021– ),,42.0,6.1,NaN,12149.0,0,1,0,0,0,0,0,1,1,0,0,0,0,1,0,0,0,0,0,0,0,0,0
246,Walker: Independence,(2022– ),Not Rated,42.0,6.9,NaN,1454.0,0,1,0,0,0,0,0,1,1,0,0,0,0,1,0,0,0,0,0,0,0,0,0
247,Willow,(1988),A,126.0,7.2,47.0,115584.0,0,1,1,0,0,0,0,0,1,0,0,0,0,0,0,0,1,0,0,0,0,0,0
248,Willow,(2022– ),,NaN,NaN,NaN,NaN,0,1,1,0,0,0,0,0,1,0,0,0,0,1,0,0,0,0,0,0,0,0,0
249,¡Shazam!,(2019),7,132.0,7.0,71.0,336512.0,0,1,1,0,0,0,1,0,0,0,0,0,0,1,0,0,0,0,0,0,0,0,0
