,MOVIE,YEAR,RATING,RUNTIME (min),IMDB,METASCORE,VOTES,A,ACTION,ADVENTURE,ANIMATION,BIOGRAPHY,COMEDY,CRIME,D,DRAMA,E,FAMILY,FANTASY,HORROR,MYSTERY,N,ROMANCE,SCI-FI,SHORT,THRILLER,V,WAR,WESTERN
0,2001. Una odisea del espacio,(1968),A,149.0,8.3,84.0,666945.0,0,0,1,0,0,0,0,0,0,0,0,0,0,0,1,0,1,0,0,0,0,0
1,A través del tiempo,(1989–1993),,60.0,8.2,NaN,32883.0,0,1,1,0,0,0,0,0,1,0,0,0,0,0,0,0,0,0,0,1,0,0
2,Agentes de S.H.I.E.L.D.,(2013–2020),16,45.0,7.5,NaN,217351.0,0,1,1,0,0,0,0,0,1,1,0,0,0,0,0,0,0,0,0,0,0,0
3,Aliens. El regreso,(1986),13,137.0,8.4,84.0,715693.0,0,1,1,0,0,0,0,0,0,0,0,0,0,0,1,0,1,0,0,0,0,0
4,Andor,(2022– ),14,40.0,8.3,NaN,55528.0,1,1,1,0,0,0,0,0,1,0,0,0,0,0,0,0,0,0,0,0,0,0
5,Animales fantásticos: Los secretos de Dumbledore,(2022),7,142.0,6.2,47.0,135255.0,0,0,1,0,0,0,0,0,0,0,1,1,0,0,0,0,0,0,0,1,0,0
6,Ant-Man y la Avispa: Quantumanía,(2023),,NaN,NaN,NaN,NaN,0,1,1,0,0,1,0,1,0,0,0,0,0,0,0,0,0,0,0,0,0,0
7,Apocalypto,(2006),18,139.0,7.8,68.0,313766.0,0,1,1,0,0,0,0,0,1,0,0,0,0,0,1,0,0,0,0,0,0,0
8,Arcane,(2021– ),16,41.0,9.0,NaN,203234.0,0,1,1,1,0,0,0,1,0,0,0,0,0,0,0,0,0,0,0,0,0,0
9,Arrow,(2012–2020),16,42.0,7.5,NaN,431428.0,0,1,1,0,0,0,1,0,0,0,0,0,0,0,0,0,0,0,0,1,0,0
10,Ataque a los titanes,(2013–2023),16,24.0,9.0,NaN,369483.0,1,1,1,1,0,0,0,0,0,0,0,0,0,0,0,0,0,0,0,0,0,0
11,Avatar,(2009),7,162.0,7.8,83.0,1244714.0,1,1,1,0,0,0,0,0,0,0,0,1,0,0,0,0,0,0,0,0,0,0
12,Avatar. La leyenda de Aang,(2005–2008),10,23.0,9.3,NaN,313221.0,0,1,1,1,0,0,0,0,0,0,0,0,0,0,0,0,0,0,0,1,0,0
13,Avatar: El sentido del agua,(2022),,190.0,NaN,NaN,NaN,1,1,1,0,0,0,0,0,0,0,0,1,0,0,0,0,0,0,0,0,0,0
14,Barbie,(2023),,NaN,NaN,NaN,NaN,0,0,1,0,0,1,0,1,0,0,0,1,0,0,0,0,0,0,0,0,0,0
15,Batman: La serie animada,(1992–1995),A,23.0,9.0,NaN,104062.0,0,1,1,1,0,0,0,0,0,0,0,0,0,0,0,0,0,0,0,1,0,0
16,Black Adam,(2022),12,125.0,7.0,41.0,115696.0,1,1,1,0,0,0,0,0,0,0,0,1,0,0,0,0,0,0,0,0,0,0
17,Black Panther,(2018),12,134.0,7.3,88.0,760364.0,1,1,1,0,0,0,0,0,0,0,0,0,0,0,0,0,1,0,0,0,0,0
18,Black Panther: Wakanda Forever,(2022),7,161.0,7.4,67.0,65627.0,1,1,1,0,0,0,0,0,1,0,0,0,0,0,0,0,0,0,0,0,0,0
19,Bleach: Burîchi,(2004–2012),13,24.0,8.2,NaN,56017.0,0,1,1,1,0,0,0,0,0,1,0,0,0,0,0,0,0,0,0,0,0,0
20,Bleach: Thousand Year Blood War,(2022– ),,24.0,9.5,NaN,9045.0,1,1,1,1,0,0,0,0,0,0,0,0,0,0,0,0,0,0,0,0,0,0
21,Brahmastra Part One: Shiva,(2022),,167.0,5.6,57.0,102623.0,1,1,1,0,0,0,0,0,0,0,0,1,0,0,0,0,0,0,0,0,0,0
22,Bárbaros,(2020– ),16,280.0,7.2,NaN,26508.0,1,1,1,0,0,0,0,0,1,0,0,0,0,0,0,0,0,0,0,0,0,0
23,Caballero Luna,(2022),16,NaN,7.3,NaN,226025.0,0,1,1,0,0,0,0,0,0,1,0,1,0,0,0,0,0,0,0,0,0,0
24,Capitán América: El primer vengador,(2011),7,124.0,6.9,66.0,842682.0,0,1,1,0,0,0,0,0,0,0,0,0,0,0,1,0,1,0,0,0,0,0
25,Cars,(2006),A,117.0,7.2,73.0,421607.0,0,0,1,1,0,1,0,0,0,0,0,0,0,0,1,0,0,0,0,0,0,0
26,Casi famosos,(2000),7,122.0,7.9,90.0,276967.0,0,0,1,0,0,1,0,1,1,0,0,0,0,0,0,0,0,0,0,0,0,0
27,Casino Royale,(2006),13,144.0,8.0,80.0,657058.0,0,1,1,0,0,0,0,0,0,0,0,0,0,0,1,0,0,0,1,0,0,0
28,Caza al asesino,(2015),12,115.0,5.8,39.0,41581.0,0,1,1,0,0,0,1,0,0,1,0,0,0,0,0,0,0,0,0,0,0,0
29,Cazafantasmas: Más allá,(2021),12,124.0,7.1,45.0,180506.0,0,0,1,0,0,1,0,0,0,0,0,1,0,0,0,0,0,0,0,1,0,0
30,Chainsaw Man,(2022– ),,NaN,8.8,NaN,10974.0,1,1,1,1,0,0,0,0,0,0,0,0,0,0,0,0,0,0,0,0,0,0
31,Charlie y la fábrica de chocolate,(2005),A,115.0,6.7,72.0,480814.0,0,0,1,0,0,1,0,0,0,0,1,0,0,0,1,0,0,0,0,0,0,0
32,Coco,(I) (2017),A,105.0,8.4,81.0,503416.0,0,0,1,1,0,1,0,0,0,1,0,0,0,0,0,0,0,0,0,0,0,0
33,Cuenta conmigo,(1986),A,89.0,8.1,75.0,403604.0,0,0,1,0,0,0,0,0,1,1,0,0,0,0,0,0,0,0,0,0,0,0
34,Cyberpunk: Edgerunners,(2022– ),16,24.0,8.4,NaN,42210.0,0,1,1,1,0,0,0,1,0,0,0,0,0,0,0,0,0,0,0,0,0,0
35,DC Liga de Supermascotas,(2022),TP,105.0,7.3,56.0,60634.0,0,1,1,1,0,0,0,1,0,0,0,0,0,0,0,0,0,0,0,0,0,0
36,Deadpool,(2016),18,108.0,8.0,65.0,1032024.0,0,1,1,0,0,1,0,0,0,0,0,0,0,0,0,0,0,0,0,1,0,0
37,Deadpool 2,(2018),18,119.0,7.7,66.0,579453.0,0,1,1,0,0,1,0,0,0,1,0,0,0,0,0,0,0,0,0,0,0,0
38,Demon Slayer: Kimetsu no Yaiba,(2019– ),Not Rated,24.0,8.7,NaN,101451.0,0,1,1,1,0,0,0,1,0,0,0,0,0,0,0,0,0,0,0,0,0,0
39,Dentro del laberinto,(1986),A,101.0,7.3,50.0,138325.0,0,0,1,0,0,0,0,0,0,0,1,1,0,0,1,0,0,0,0,0,0,0
40,Depredador,(1987),18,107.0,7.8,47.0,423736.0,0,1,1,0,0,0,0,0,0,0,0,0,1,0,1,0,0,0,0,0,0,0
41,Desencantada: Vuelve Giselle,(2022),PG,NaN,NaN,NaN,NaN,1,0,1,1,0,1,0,0,0,0,0,0,0,0,0,0,0,0,0,0,0,0
42,Destino: La saga Winx,(2021–2022),16,NaN,6.8,NaN,47810.0,0,1,1,0,0,0,0,1,1,0,0,0,0,0,0,0,0,0,0,0,0,0
43,Doce del patíbulo,(1967),18,150.0,7.7,73.0,74217.0,0,1,1,0,0,0,0,0,0,0,0,0,0,0,1,0,0,0,0,0,1,0
44,Doctor Strange en el multiverso de la locura,(2022),12,126.0,6.9,60.0,403696.0,0,1,1,0,0,0,0,1,0,0,0,1,0,0,0,0,0,0,0,0,0,0
45,Doctor Who,(1963–1989),,45.0,8.4,NaN,37640.0,0,0,1,0,0,0,0,0,1,1,1,0,0,0,0,0,0,0,0,0,0,0
46,Doctor Who,(2005– ),13,45.0,8.6,NaN,224830.0,1,0,1,0,0,0,0,0,1,0,0,0,0,0,0,0,1,0,0,0,0,0
47,Doom Patrol,(2019– ),16,60.0,7.8,NaN,51982.0,0,1,1,0,0,1,0,0,0,1,0,0,0,0,0,0,0,0,0,0,0,0
48,Dune,(2021),12,155.0,8.0,74.0,624436.0,0,1,1,0,0,0,0,1,1,0,0,0,0,0,0,0,0,0,0,0,0,0
49,Dune: Parte Dos,(2023),,NaN,NaN,NaN,NaN,0,1,1,0,0,0,0,0,1,1,0,0,0,0,0,0,0,0,0,0,0,0
50,Dungeons & Dragons: Honor Among Thieves,(2023),,NaN,NaN,NaN,NaN,0,1,1,0,0,0,0,0,0,0,0,1,0,0,1,0,0,0,0,0,0,0
51,E.T. El extraterrestre,(1982),A,115.0,7.9,91.0,409520.0,0,0,1,0,0,0,0,0,0,0,1,0,0,0,1,0,1,0,0,0,0,0
52,El Dragón de Papá,(2022),PG,99.0,6.7,74.0,731.0,0,0,1,1,0,1,0,0,0,0,0,0,0,0,1,0,0,0,0,0,0,0
53,El Espíritu de Bridge Hollow,(2022),12,89.0,5.6,38.0,8206.0,0,0,1,0,0,1,0,0,0,1,1,0,0,0,0,0,0,0,0,0,0,0
54,El Pacificador,(2022– ),16,40.0,8.3,NaN,109305.0,0,1,1,0,0,1,0,0,0,0,0,0,0,0,0,0,0,0,0,1,0,0
55,"El bueno, el feo y el malo",(1966),13,182.0,8.8,90.0,758743.0,0,0,1,0,0,0,0,0,0,0,0,0,0,0,1,0,0,0,0,0,0,1
56,El escuadrón suicida,(2021),16,132.0,7.2,72.0,348009.0,0,1,1,0,0,1,0,0,0,0,0,0,0,0,0,0,0,0,0,1,0,0
57,El fugitivo,(1963–1967),,51.0,8.1,NaN,4188.0,0,0,1,0,0,0,1,0,1,0,0,0,0,0,1,0,0,0,0,0,0,0
58,El gran hotel Budapest,(2014),12,99.0,8.1,88.0,804874.0,0,0,1,0,0,1,1,0,0,0,0,0,0,0,0,0,0,0,0,1,0,0
59,El hijo bastardo y el mismísimo diablo,(2022– ),16,60.0,7.6,NaN,5032.0,1,1,1,0,0,0,0,0,1,0,0,0,0,0,0,0,0,0,0,0,0,0
60,El hobbit: Un viaje inesperado,(2012),7,169.0,7.8,58.0,827059.0,0,0,1,0,0,0,0,0,0,0,0,1,0,0,0,0,0,0,0,1,0,0
61,El hombre de acero,(2013),12,143.0,7.1,55.0,770160.0,0,1,1,0,0,0,0,0,0,0,0,0,0,0,0,0,1,0,0,1,0,0
62,El hombre del norte,(2022),16,137.0,7.1,82.0,189136.0,1,1,1,0,0,0,0,0,1,0,0,0,0,0,0,0,0,0,0,0,0,0
63,El lago azul,(1980),14,104.0,5.8,31.0,71105.0,0,0,1,0,0,0,0,0,1,0,0,0,0,0,1,1,0,0,0,0,0,0
64,El libro de Boba Fett,(2021– ),12,38.0,7.3,NaN,148582.0,0,1,1,0,0,0,0,0,0,1,0,0,0,0,0,0,1,0,0,0,0,0
65,El libro de Catherine,(2022),PG-13,108.0,6.5,74.0,3550.0,0,0,1,0,0,0,0,0,0,0,0,0,0,0,1,0,0,0,0,0,0,0
66,El país de los sueños,(2022),PG,117.0,7.4,40.0,47.0,0,0,1,0,0,1,0,0,0,0,1,0,0,0,0,0,0,0,0,1,0,0
67,El proyecto Adam,(2022),12,106.0,6.7,55.0,198300.0,0,1,1,0,0,1,0,0,0,0,0,0,0,0,1,0,0,0,0,0,0,0
68,El príncipe dragón,(2018– ),7,26.0,8.3,NaN,23503.0,1,1,1,1,0,0,0,0,0,0,0,0,0,0,0,0,0,0,0,0,0,0
69,El quinto elemento,(1997),7,126.0,7.6,52.0,474111.0,0,1,1,0,0,0,0,0,0,0,0,0,0,0,0,0,1,0,0,1,0,0
70,El reino de los cielos,(2005),13,144.0,7.2,63.0,289711.0,0,1,1,0,0,0,0,0,1,1,0,0,0,0,0,0,0,0,0,0,0,0
71,El rey león,(1994),A,88.0,8.5,88.0,1052532.0,0,0,1,1,0,0,0,0,1,1,0,0,0,0,0,0,0,0,0,0,0,0
72,El señor de los anillos: El retorno del rey,(2003),12,201.0,9.0,94.0,1835357.0,0,1,1,0,0,0,0,0,1,0,0,0,0,0,0,0,0,0,0,1,0,0
73,El señor de los anillos: La comunidad del anillo,(2001),12,178.0,8.8,92.0,1864318.0,1,1,1,0,0,0,0,0,1,0,0,0,0,0,0,0,0,0,0,0,0,0
74,El señor de los anillos: Las dos torres,(2002),12,179.0,8.8,87.0,1657236.0,0,1,1,0,0,0,0,0,1,1,0,0,0,0,0,0,0,0,0,0,0,0
75,El señor de los anillos: Los anillos de poder,(2022– ),14,NaN,6.9,NaN,286084.0,1,1,1,0,0,0,0,0,1,0,0,0,0,0,0,0,0,0,0,0,0,0
76,El viaje de Chihiro,(2001),A,125.0,8.6,96.0,758245.0,0,0,1,1,0,0,0,0,0,1,1,0,0,0,0,0,0,0,0,0,0,0
77,El último mohicano,(1992),13,112.0,7.7,76.0,171285.0,0,1,1,0,0,0,0,0,1,1,0,0,0,0,0,0,0,0,0,0,0,0
78,Elf,(2003),A,97.0,7.0,64.0,267060.0,0,0,1,0,0,1,0,0,0,0,1,0,0,0,0,0,0,0,0,1,0,0
79,En busca del arca perdida,(1981),A,115.0,8.4,85.0,962141.0,0,1,1,0,0,0,0,0,0,0,0,0,0,0,1,0,0,0,0,0,0,0
80,Encantada: La historia de Giselle,(2007),7,107.0,7.1,75.0,200403.0,0,0,1,1,0,1,0,1,0,0,0,0,0,0,0,0,0,0,0,0,0,0
81,Enola Holmes,(2020),13,123.0,6.6,68.0,183530.0,1,1,1,0,0,0,1,0,0,0,0,0,0,0,0,0,0,0,0,0,0,0
82,Enola Holmes 2,(2022),16,129.0,6.8,64.0,40256.0,1,1,1,0,0,0,1,0,0,0,0,0,0,0,0,0,0,0,0,0,0,0
83,Escuadrón suicida,(2016),12,123.0,5.9,40.0,684676.0,0,1,1,0,0,0,0,0,0,1,0,1,0,0,0,0,0,0,0,0,0,0
84,Eternals,(2021),12,156.0,6.3,52.0,338209.0,0,1,1,0,0,0,0,1,0,0,0,1,0,0,0,0,0,0,0,0,0,0
85,Expend4bles,(2023),,NaN,NaN,NaN,NaN,0,1,1,0,0,0,0,1,0,0,0,0,0,0,0,0,0,0,1,0,0,0
86,FBI: International,(2021– ),12,43.0,6.3,NaN,4139.0,0,1,1,0,0,0,1,0,0,0,0,0,0,0,1,0,0,0,0,0,0,0
87,Firefly,(2002–2003),,44.0,9.0,NaN,265543.0,0,0,1,0,0,0,0,0,1,1,0,0,0,0,0,0,1,0,0,0,0,0
88,Free Guy,(2021),12,115.0,7.1,62.0,366391.0,0,1,1,0,0,1,0,0,0,0,0,0,0,0,0,0,0,0,0,1,0,0
89,Futurama,(1999–2023),16,22.0,8.5,NaN,237902.0,0,0,1,1,0,1,0,0,0,1,0,0,0,0,0,0,0,0,0,0,0,0
90,Gladiator (El gladiador),(2000),12,155.0,8.5,67.0,1491732.0,0,1,1,0,0,0,0,0,1,0,0,0,0,0,0,0,0,0,0,1,0,0
91,God of War,(2018 Video Game),18,NaN,9.6,NaN,28004.0,0,1,1,0,0,0,0,0,1,0,0,0,0,0,0,0,0,0,0,1,0,0
92,God of War: Ragnarök,(2022 Video Game),,NaN,9.9,NaN,3239.0,1,1,1,0,0,0,0,0,1,0,0,0,0,0,0,0,0,0,0,0,0,0
93,Guardianes de la Galaxia,(2014),12,121.0,8.0,76.0,1172471.0,0,1,1,0,0,1,0,0,0,0,0,0,0,0,0,0,0,0,0,1,0,0
94,Guardianes de la Galaxia (vol. 2),(2017),12,136.0,7.6,67.0,677601.0,0,1,1,0,0,1,0,0,0,0,0,0,0,0,1,0,0,0,0,0,0,0
95,Guardianes de la Galaxia Vol. 3,(2023),,NaN,NaN,NaN,NaN,0,1,1,0,0,1,0,0,0,1,0,0,0,0,0,0,0,0,0,0,0,0
96,Halo,(2022– ),,60.0,7.1,NaN,59542.0,0,1,1,0,0,0,0,1,0,0,0,0,0,0,0,0,1,0,0,0,0,0
97,Harley Quinn,(2019– ),16,23.0,8.5,NaN,29858.0,0,1,1,1,0,0,0,0,0,0,0,0,0,0,1,0,0,0,0,0,0,0
98,Harry Potter y el cáliz de fuego,(2005),7,157.0,7.7,81.0,624127.0,0,0,1,0,0,0,0,0,0,0,1,1,0,0,0,0,0,0,0,1,0,0
99,Harry Potter y el prisionero de Azkaban,(2004),7,142.0,7.9,82.0,631686.0,0,0,1,0,0,0,0,0,0,1,1,1,0,0,0,0,0,0,0,0,0,0
100,Harry Potter y la Orden del Fénix,(2007),7,138.0,7.5,71.0,579732.0,0,1,1,0,0,0,0,0,0,1,1,0,0,0,0,0,0,0,0,0,0,0
101,Harry Potter y la cámara secreta,(2002),7,161.0,7.4,63.0,632570.0,0,0,1,0,0,0,0,0,0,0,1,1,0,0,0,0,0,0,0,1,0,0
102,Harry Potter y la piedra filosofal,(2001),A,152.0,7.6,65.0,775711.0,1,0,1,0,0,0,0,0,0,0,1,1,0,0,0,0,0,0,0,0,0,0
103,Harry Potter y las Reliquias de la Muerte: Parte 1,(2010),7,146.0,7.7,65.0,546902.0,0,0,1,0,0,0,0,0,0,0,1,1,0,0,1,0,0,0,0,0,0,0
104,Harry Potter y las Reliquias de la Muerte: Parte 2,(2011),7,130.0,8.1,85.0,871049.0,0,0,1,0,0,0,0,0,0,0,1,1,0,0,0,0,0,0,0,1,0,0
105,Hunter x Hunter,(2011–2014),,24.0,9.0,NaN,99264.0,0,1,1,1,0,0,0,0,0,1,0,0,0,0,0,0,0,0,0,0,0,0
106,Idiocracia,(2006),13,84.0,6.5,66.0,164635.0,0,0,1,0,0,1,0,0,0,0,0,0,0,0,1,0,1,0,0,0,0,0
107,Interstellar,(2014),12,169.0,8.6,74.0,1807846.0,1,0,1,0,0,0,0,0,1,0,0,0,0,0,0,0,1,0,0,0,0,0
108,Invincible,(2021– ),18,50.0,8.7,NaN,135600.0,0,1,1,1,0,0,0,0,0,1,0,0,0,0,0,0,0,0,0,0,0,0
109,Iron Man,(2008),7,126.0,7.9,79.0,1054650.0,0,1,1,0,0,0,0,0,0,0,0,0,0,0,0,0,1,0,0,1,0,0
110,Juego de tronos,(2011–2019),18,57.0,9.2,NaN,2082679.0,1,1,1,0,0,0,0,0,1,0,0,0,0,0,0,0,0,0,0,0,0,0
111,Jumanji: Bienvenidos a la jungla,(2017),7,119.0,6.9,58.0,380127.0,0,1,1,0,0,1,0,0,0,0,0,0,0,0,1,0,0,0,0,0,0,0
112,Jurassic Park (Parque Jurásico),(1993),13,127.0,8.2,68.0,984346.0,0,1,1,0,0,0,0,0,0,0,0,0,0,0,0,0,1,0,0,1,0,0
113,Jurassic World: Dominion,(2022),12,147.0,5.7,38.0,148500.0,0,1,1,0,0,0,0,1,0,0,0,0,0,0,0,0,1,0,0,0,0,0
114,Kantara,(2022),,148.0,9.0,NaN,66754.0,1,1,1,0,0,0,0,0,1,0,0,0,0,0,0,0,0,0,0,0,0,0
115,Killing Eve,(2018–2022),16,42.0,8.1,NaN,118859.0,0,1,1,0,0,0,0,0,1,1,0,0,0,0,0,0,0,0,0,0,0,0
116,Kingsman: El círculo de oro,(2017),16,141.0,6.7,44.0,328134.0,0,1,1,0,0,1,0,0,0,1,0,0,0,0,0,0,0,0,0,0,0,0
117,Kingsman: Servicio secreto,(2014),16,129.0,7.7,60.0,666402.0,0,1,1,0,0,1,0,0,0,1,0,0,0,0,0,0,0,0,0,0,0,0
118,La Liga de la Justicia de Zack Snyder,(2021),16,242.0,8.0,54.0,395496.0,0,1,1,0,0,0,0,0,0,0,0,1,0,0,0,0,0,0,0,1,0,0
119,La bella y la bestia (Beauty and the Beast),(I) (2017),A/i,129.0,7.1,65.0,309320.0,0,0,1,0,0,0,0,0,0,0,1,1,0,0,1,0,0,0,0,0,0,0
120,La bestia,(I) (2022),12,93.0,5.6,54.0,22478.0,0,0,1,0,0,0,0,0,1,0,0,0,1,0,0,0,0,0,0,1,0,0
121,La casa del dragón,(2022– ),18,NaN,8.5,NaN,256364.0,1,1,1,0,0,0,0,0,1,0,0,0,0,0,0,0,0,0,0,0,0,0
122,La ciudad perdida,(2022),12,112.0,6.1,60.0,114719.0,1,1,1,0,0,1,0,0,0,0,0,0,0,0,0,0,0,0,0,0,0,0
123,La conquista del espacio,(1966–1969),A,50.0,8.4,NaN,84455.0,0,1,1,0,0,0,0,0,0,0,0,0,0,0,0,0,1,0,0,1,0,0
124,La costa de los mosquitos,(2021– ),16,60.0,6.9,NaN,12000.0,0,0,1,0,0,0,0,1,1,0,0,0,0,0,0,0,0,0,1,0,0,0
125,La guerra de las galaxias,(1977),A,121.0,8.6,90.0,1358142.0,0,1,1,0,0,0,0,0,0,0,0,1,0,0,0,0,0,0,0,1,0,0
126,La maldición del hombre lobo,(2022 TV Movie),,52.0,7.2,NaN,48286.0,1,1,1,0,0,0,0,0,1,0,0,0,0,0,0,0,0,0,0,0,0,0
127,La materia oscura,(2019–2022),16,60.0,7.8,NaN,64656.0,1,0,1,0,0,0,0,0,1,0,1,0,0,0,0,0,0,0,0,0,0,0
128,La misteriosa sociedad Benedict,(2021– ),9+,NaN,7.6,NaN,4300.0,0,1,1,0,0,1,0,0,0,0,0,0,0,0,0,0,0,0,0,1,0,0
129,La princesa prometida,(1987),A,98.0,8.0,77.0,427473.0,0,0,1,0,0,0,0,0,0,1,1,1,0,0,0,0,0,0,0,0,0,0
130,La rueda del tiempo,(2021– ),16,60.0,7.1,NaN,104417.0,0,1,1,0,0,0,0,1,1,0,0,0,0,0,0,0,0,0,0,0,0,0
131,La sirenita,(2023),,NaN,NaN,NaN,NaN,0,0,1,0,0,0,0,1,0,0,1,1,0,0,0,0,0,0,0,0,0,0
132,"Las crónicas de Narnia: El león, la bruja y el armario",(2005),7,143.0,6.9,75.0,398787.0,0,0,1,0,0,0,0,0,0,0,1,1,0,0,1,0,0,0,0,0,0,0
133,Legacies,(2018–2022),16,45.0,7.3,NaN,32015.0,0,0,1,0,0,0,0,0,1,0,0,1,0,0,1,0,0,0,0,0,0,0
134,Lightyear,(2022),A/i,100.0,6.0,60.0,101009.0,0,1,1,1,0,0,0,0,0,0,0,0,0,0,1,0,0,0,0,0,0,0
135,"Lilo, mi amigo el cocodrilo",(2022),A,106.0,6.3,51.0,2595.0,0,0,1,1,0,1,0,1,0,0,0,0,0,0,0,0,0,0,0,0,0,0
136,Loki,(2021– ),12,53.0,8.2,NaN,312965.0,0,1,1,0,0,0,0,0,0,1,0,1,0,0,0,0,0,0,0,0,0,0
137,Los Goonies,(1985),A,114.0,7.7,62.0,274432.0,0,0,1,0,0,1,0,0,0,0,1,0,0,0,0,0,0,0,0,1,0,0
138,Los Imperfectos,(2022),16,45.0,6.4,NaN,5132.0,0,1,1,0,0,0,0,0,1,0,0,0,0,0,1,0,0,0,0,0,0,0
139,Los Vengadores,(2012),7,143.0,8.0,69.0,1385704.0,0,1,1,0,0,0,0,0,0,1,0,0,0,0,0,0,1,0,0,0,0,0
140,Los juegos del hambre,(2012),12,142.0,7.2,68.0,916385.0,0,1,1,0,0,0,0,1,0,0,0,0,0,0,0,0,1,0,0,0,0,0
141,Los juegos del hambre: En llamas,(2013),12,146.0,7.5,76.0,664516.0,0,1,1,0,0,0,0,0,0,0,0,0,0,0,1,0,1,0,0,0,0,0
142,Los tipos malos,(2022),A/i,100.0,6.8,64.0,37549.0,1,0,1,1,0,1,0,0,0,0,0,0,0,0,0,0,0,0,0,0,0,0
143,Los vigilantes de la playa,(1989–2001),A,60.0,5.4,NaN,28172.0,0,1,1,0,0,0,1,0,0,0,0,0,0,0,1,0,0,0,0,0,0,0
144,"Love, Death & Robots",(2019– ),18,15.0,8.4,NaN,168177.0,0,1,0,1,0,0,0,0,0,0,0,0,0,0,0,0,0,1,0,1,0,0
145,Mad Max: Furia en la carretera,(2015),16,120.0,8.1,90.0,997379.0,0,1,1,0,0,0,0,0,0,1,0,0,0,0,0,0,1,0,0,0,0,0
146,Malditos bastardos,(2009),18,153.0,8.3,69.0,1438612.0,0,0,1,0,0,0,0,1,1,0,0,0,0,0,0,0,0,0,0,0,1,0
147,Minions: El origen de Gru,(2022),7/i,87.0,6.6,56.0,60990.0,0,0,1,1,0,1,0,0,0,0,0,0,0,0,0,0,0,0,0,1,0,0
148,Moonfall,(2022),12,130.0,5.1,41.0,76299.0,0,1,1,0,0,0,0,0,0,0,0,0,0,0,0,0,1,0,0,1,0,0
149,Morbius,(2022),12,104.0,5.2,35.0,119109.0,1,1,1,0,0,0,0,0,0,0,0,0,1,0,0,0,0,0,0,0,0,0
150,Mundo extraño,(2022),PG,102.0,NaN,NaN,NaN,0,1,1,1,0,0,0,1,0,0,0,0,0,0,0,0,0,0,0,0,0,0
151,My Hero Academia,(2016– ),12,24.0,8.4,NaN,61992.0,0,1,1,1,0,0,0,1,0,0,0,0,0,0,0,0,0,0,0,0,0,0
152,Naruto,(2002–2007),13,24.0,8.4,NaN,101861.0,0,1,1,1,0,0,0,0,0,0,0,0,0,0,1,0,0,0,0,0,0,0
153,Naruto: Shippûden,(2007–2017),13,24.0,8.7,NaN,125849.0,0,1,1,1,0,0,0,0,0,0,0,0,0,0,1,0,0,0,0,0,0,0
154,Obi-Wan Kenobi,(2022),12,NaN,7.1,NaN,187634.0,0,1,1,0,0,0,0,1,0,0,0,0,0,0,0,0,1,0,0,0,0,0
155,Oblivion,(I) (2013),12,124.0,7.0,54.0,525731.0,1,1,1,0,0,0,0,0,0,0,0,0,0,0,0,0,1,0,0,0,0,0
156,One Piece,(1999– ),13,24.0,8.9,NaN,125021.0,1,1,1,1,0,0,0,0,0,0,0,0,0,0,0,0,0,0,0,0,0,0
157,One Piece Film Red,(2022),12,115.0,6.9,69.0,6463.0,1,1,1,1,0,0,0,0,0,0,0,0,0,0,0,0,0,0,0,0,0,0
158,Operación U.N.C.L.E.,(2015),12,116.0,7.2,56.0,308759.0,0,1,1,0,0,1,0,0,0,0,0,0,0,0,1,0,0,0,0,0,0,0
159,Origen,(2010),12,148.0,8.8,74.0,2334667.0,0,1,1,0,0,0,0,1,0,0,0,0,0,0,0,0,1,0,0,0,0,0
160,Percy Jackson and the Olympians,(2023– ),,60.0,NaN,NaN,NaN,0,1,1,0,0,0,0,0,1,0,0,0,0,0,0,0,0,0,0,1,0,0
161,Perdidos,(2004–2010),16,44.0,8.3,NaN,552044.0,1,0,1,0,0,0,0,0,1,0,0,1,0,0,0,0,0,0,0,0,0,0
162,Pinocho,(I) (2022),12,105.0,5.1,38.0,31235.0,0,0,1,0,0,1,0,1,1,0,0,0,0,0,0,0,0,0,0,0,0,0
163,Piratas del Caribe: La maldición de la Perla Negra,(2003),7,143.0,8.1,63.0,1122992.0,0,1,1,0,0,0,0,0,0,1,0,1,0,0,0,0,0,0,0,0,0,0
164,Pokémon,(1997– ),A,24.0,7.5,NaN,43376.0,0,1,1,1,0,0,0,0,0,0,0,0,0,0,1,0,0,0,0,0,0,0
165,Polar Express,(2004),A,100.0,6.6,61.0,208007.0,0,0,1,1,0,1,0,0,0,1,0,0,0,0,0,0,0,0,0,0,0,0
166,Predator: La presa,(I) (2022),18,99.0,7.2,71.0,182936.0,0,1,1,0,0,0,0,1,1,0,0,0,0,0,0,0,0,0,0,0,0,0
167,Prodigiosa: Las aventuras de Ladybug,(2015– ),TP,20.0,7.6,NaN,11660.0,0,1,1,1,0,0,0,1,0,0,0,0,0,0,0,0,0,0,0,0,0,0
168,Professionals,(2020– ),,48.0,5.4,NaN,1582.0,0,1,1,0,0,0,0,0,0,0,0,0,0,0,1,0,0,0,0,0,0,0
169,R.I.P.D.: Departamento de policía mortal,(2013),12,96.0,5.6,25.0,134384.0,0,1,1,0,0,1,0,1,0,0,0,0,0,0,0,0,0,0,0,0,0,0
170,Ratatouille,(2007),A,111.0,8.1,96.0,732760.0,0,0,1,1,0,1,0,0,0,0,0,0,0,0,1,0,0,0,0,0,0,0
171,Ready Player One,(2018),7,140.0,7.4,64.0,435127.0,0,1,1,0,0,0,0,0,0,1,0,0,0,0,0,0,1,0,0,0,0,0
172,Red One,(2023),,NaN,NaN,NaN,NaN,0,1,1,0,0,1,0,0,0,0,0,0,0,0,0,0,0,0,0,1,0,0
173,Regreso al futuro,(1985),A,116.0,8.5,87.0,1197080.0,0,0,1,0,0,1,0,1,0,0,0,0,0,0,0,0,1,0,0,0,0,0
174,Rick y Morty,(2013– ),18,23.0,9.1,NaN,515661.0,1,0,1,1,0,1,0,0,0,0,0,0,0,0,0,0,0,0,0,0,0,0
175,Rogue One. Una historia de Star Wars,(2016),7,133.0,7.8,65.0,633497.0,1,1,1,0,0,0,0,0,0,0,0,0,0,0,0,0,1,0,0,0,0,0
176,S.W.A.T.: Los hombres de Harrelson,(2017– ),12,43.0,7.1,NaN,24006.0,0,1,1,0,0,0,1,1,0,0,0,0,0,0,0,0,0,0,0,0,0,0
177,San Andrés,(2015),12,114.0,6.1,43.0,238536.0,0,1,1,0,0,0,0,0,0,0,0,0,0,0,1,0,0,0,1,0,0,0
178,Scooby-Doo,(2002),7,89.0,5.2,35.0,114644.0,0,0,1,0,0,1,0,0,0,1,1,0,0,0,0,0,0,0,0,0,0,0
179,Shang-Chi y la leyenda de los diez anillos,(2021),12,132.0,7.4,71.0,377512.0,0,1,1,0,0,0,0,0,0,0,0,1,0,0,1,0,0,0,0,0,0,0
180,Shantaram,(2022– ),18,52.0,7.7,NaN,4669.0,1,1,1,0,0,0,1,0,0,0,0,0,0,0,0,0,0,0,0,0,0,0
181,Shazam! Fury of the Gods,(2023),,NaN,NaN,NaN,NaN,0,1,1,0,0,1,0,1,0,0,0,0,0,0,0,0,0,0,0,0,0,0
182,She-Hulk: Abogada Hulka,(2022),12,35.0,5.2,NaN,158709.0,1,1,1,0,0,1,0,0,0,0,0,0,0,0,0,0,0,0,0,0,0,0
183,Sherlock Holmes,(2009),13,128.0,7.6,57.0,633912.0,0,1,1,0,0,0,0,0,0,1,0,0,0,1,0,0,0,0,0,0,0,0
184,Sin tiempo para morir,(2021),12,163.0,7.3,68.0,395777.0,0,1,1,0,0,0,0,1,0,0,0,0,0,0,0,0,0,0,1,0,0,0
185,Smallville,(2001–2017),7,60.0,7.5,NaN,128364.0,0,1,1,0,0,0,0,1,1,0,0,0,0,0,0,0,0,0,0,0,0,0
186,Solo en casa 2: Perdido en Nueva York,(1992),T,120.0,6.8,46.0,353958.0,0,0,1,0,0,1,1,0,0,0,0,0,0,0,1,0,0,0,0,0,0,0
187,Sombra y hueso,(2021– ),16,60.0,7.6,NaN,84782.0,0,1,1,0,0,0,0,0,1,0,0,0,0,0,0,0,0,0,0,1,0,0
188,Sonic 2: La película,(2022),7,122.0,6.5,47.0,64784.0,0,1,1,0,0,1,0,0,0,1,0,0,0,0,0,0,0,0,0,0,0,0
189,Spartacus: Sangre y arena,(2010–2013),18,55.0,8.5,NaN,242504.0,0,1,1,0,1,0,0,0,0,0,0,0,0,0,0,0,0,0,0,1,0,0
190,Spider-Man,(2002),A,121.0,7.4,73.0,815103.0,0,1,1,0,0,0,0,1,0,0,0,0,0,0,0,0,1,0,0,0,0,0
191,Spider-Man: Across the Spider-Verse,(2023),,NaN,NaN,NaN,NaN,0,1,1,1,0,0,0,0,0,0,0,0,0,0,1,0,0,0,0,0,0,0
192,Spider-Man: No Way Home,(2021),7,148.0,8.3,71.0,743655.0,1,1,1,0,0,0,0,0,0,0,0,1,0,0,0,0,0,0,0,0,0,0
193,Spider-Man: Un nuevo universo,(2018),7,117.0,8.4,87.0,522885.0,0,1,1,1,0,0,0,0,0,1,0,0,0,0,0,0,0,0,0,0,0,0
194,Star Trek,(2009),12,127.0,7.9,82.0,603984.0,0,1,1,0,0,0,0,0,0,0,0,0,0,0,1,0,1,0,0,0,0,0
195,Star Trek: Discovery,(2017– ),16,60.0,7.0,NaN,123029.0,0,1,1,0,0,0,0,0,1,0,0,0,0,0,0,0,0,0,0,1,0,0
196,Star Trek: Espacio Profundo Nueve,(1993–1999),13,45.0,8.1,NaN,63463.0,0,1,1,0,0,0,0,0,1,0,0,0,0,0,0,0,0,0,0,1,0,0
197,Star Trek: La nueva generación,(1987–1994),7,44.0,8.7,NaN,120721.0,0,1,1,0,0,0,0,1,0,0,0,0,0,0,0,0,1,0,0,0,0,0
198,Star Trek: Lower Decks,(2020– ),16,25.0,7.5,NaN,18332.0,0,1,1,1,0,0,0,0,0,1,0,0,0,0,0,0,0,0,0,0,0,0
199,Star Trek: Picard,(2020–2023),18,46.0,7.3,NaN,71468.0,0,1,1,0,0,0,0,0,1,1,0,0,0,0,0,0,0,0,0,0,0,0
200,Star Trek: Strange New Worlds,(2022– ),16,52.0,8.2,NaN,29288.0,0,1,1,0,0,0,0,1,0,0,0,0,0,0,0,0,1,0,0,0,0,0
201,Star Trek: Voyager,(1995–2001),13,44.0,7.8,NaN,69601.0,0,1,1,0,0,0,0,0,0,1,0,0,0,0,0,0,1,0,0,0,0,0
202,Star Wars: El ascenso de Skywalker,(2019),12,141.0,6.5,53.0,449210.0,0,1,1,0,0,0,0,0,0,0,0,1,0,0,1,0,0,0,0,0,0,0
203,Star Wars: Las crónicas de Jedi,(2022– ),6+,15.0,8.4,NaN,16193.0,1,1,0,1,0,0,0,0,0,0,0,0,0,0,0,0,0,1,0,0,0,0
204,Star Wars: The Clone Wars,(2008–2020),7,23.0,8.4,NaN,96983.0,0,1,1,1,0,0,0,1,0,0,0,0,0,0,0,0,0,0,0,0,0,0
205,Stardust,(2007),7,127.0,7.6,66.0,273381.0,0,0,1,0,0,0,0,0,0,1,1,1,0,0,0,0,0,0,0,0,0,0
206,Stargate SG-1,(1997–2007),12,44.0,8.4,NaN,93888.0,0,1,1,0,0,0,0,1,1,0,0,0,0,0,0,0,0,0,0,0,0,0
207,Stargirl,(2020–2022),12,566.0,7.2,NaN,18136.0,0,1,1,0,0,0,1,1,0,0,0,0,0,0,0,0,0,0,0,0,0,0
208,Starship Troopers (Las brigadas del espacio),(1997),18,129.0,7.3,51.0,296952.0,0,1,1,0,0,0,0,0,0,1,0,0,0,0,0,0,1,0,0,0,0,0
209,Super Mario Bros.: La película,(2023),PG,NaN,NaN,NaN,NaN,0,0,1,1,0,1,0,0,0,0,0,0,0,0,0,0,0,0,0,1,0,0
210,The Acolyte,(2023– ),,NaN,NaN,NaN,NaN,0,1,1,0,0,0,0,0,1,0,0,0,0,0,0,0,0,0,0,1,0,0
211,The Flash,(2014–2023),7,43.0,7.6,NaN,345690.0,0,1,1,0,0,0,0,1,1,0,0,0,0,0,0,0,0,0,0,0,0,0
212,The Hunger Games: The Ballad of Songbirds and Snakes,(2023),,NaN,NaN,NaN,NaN,0,1,1,0,0,0,0,0,1,0,0,0,0,0,1,0,0,0,0,0,0,0
213,The King's Man: La primera misión,(2021),16,131.0,6.3,44.0,145287.0,0,1,1,0,0,0,0,0,0,0,0,0,0,0,0,0,0,0,1,1,0,0
214,The Last of Us,(2023– ),,NaN,NaN,NaN,NaN,0,1,1,0,0,0,0,1,1,0,0,0,0,0,0,0,0,0,0,0,0,0
215,The Mandalorian,(2019– ),12,40.0,8.7,NaN,473924.0,1,1,1,0,0,0,0,0,0,0,0,1,0,0,0,0,0,0,0,0,0,0
216,The Mummy (La momia),(1999),7,124.0,7.1,48.0,430274.0,0,1,1,0,0,0,0,0,0,0,0,1,0,0,0,0,0,0,0,1,0,0
217,The Orville,(2017– ),12,44.0,8.0,NaN,87266.0,0,0,1,0,0,1,0,1,1,0,0,0,0,0,0,0,0,0,0,0,0,0
218,The Umbrella Academy,(2019–2023),16,60.0,7.9,NaN,247213.0,0,1,1,0,0,1,0,1,0,0,0,0,0,0,0,0,0,0,0,0,0,0
219,The VelociPastor,(2018),,75.0,5.0,NaN,6444.0,0,1,1,0,0,1,0,0,0,1,0,0,0,0,0,0,0,0,0,0,0,0
220,The Winchesters,(2022– ),,42.0,6.5,NaN,4249.0,1,1,1,0,0,0,0,0,1,0,0,0,0,0,0,0,0,0,0,0,0,0
221,The Witcher,(2019– ),16,60.0,8.2,NaN,489038.0,1,1,1,0,0,0,0,0,1,0,0,0,0,0,0,0,0,0,0,0,0,0
222,Thor: Love and Thunder,(2022),12,118.0,6.3,57.0,308095.0,1,1,1,0,0,1,0,0,0,0,0,0,0,0,0,0,0,0,0,0,0,0
223,Tiburón,(1975),14,124.0,8.1,87.0,605038.0,0,0,1,0,0,0,0,0,0,0,0,0,0,0,0,0,0,0,1,1,0,0
224,Titanes,(I) (2018– ),16,45.0,7.6,NaN,100155.0,1,1,1,0,0,0,1,0,0,0,0,0,0,0,0,0,0,0,0,0,0,0
225,Todo a la vez en todas partes,(2022),12,139.0,8.1,81.0,236687.0,1,1,1,0,0,1,0,0,0,0,0,0,0,0,0,0,0,0,0,0,0,0
226,Transformers,(2007),7,144.0,7.0,61.0,637744.0,0,1,1,0,0,0,0,0,0,1,0,0,0,0,0,0,1,0,0,0,0,0
227,Transformers: Rise of the Beasts,(2023),,NaN,NaN,NaN,NaN,0,1,1,0,0,0,0,0,0,0,0,0,0,0,1,0,1,0,0,0,0,0
228,Trece vidas,(2022),18,147.0,7.8,66.0,49375.0,0,1,1,0,1,0,0,0,0,1,0,0,0,0,0,0,0,0,0,0,0,0
229,Troll,(2022),,101.0,NaN,NaN,NaN,0,1,1,0,0,0,0,0,0,0,0,1,0,0,1,0,0,0,0,0,0,0
230,Tú a Londres y yo a California,(1998),T,128.0,6.6,64.0,139148.0,0,0,1,0,0,1,0,0,1,0,0,0,0,0,1,0,0,0,0,0,0,0
231,Uncharted,(2022),12,116.0,6.3,45.0,200109.0,0,1,1,0,0,0,0,1,0,0,0,0,0,0,0,0,0,0,0,0,0,0
232,Untitled Indiana Jones Project,(2023),,NaN,NaN,NaN,NaN,0,1,1,0,0,0,0,0,0,0,0,0,0,0,0,0,0,0,0,1,0,0
233,Uunchai,(2022),,173.0,8.1,NaN,2854.0,0,0,1,0,0,0,0,0,1,0,0,0,0,0,1,0,0,0,0,0,0,0
234,Vengadores: Endgame,(2019),7,181.0,8.4,78.0,1117454.0,0,1,1,0,0,0,0,1,1,0,0,0,0,0,0,0,0,0,0,0,0,0
235,Vengadores: Infinity War,(2018),12,149.0,8.4,68.0,1070122.0,0,1,1,0,0,0,0,0,0,0,0,0,0,0,0,0,1,0,0,1,0,0
236,Vesper,(2022),,114.0,6.0,70.0,10771.0,0,0,1,0,0,0,0,0,1,0,0,0,0,0,1,0,1,0,0,0,0,0
237,Vikingos,(2013–2020),18,44.0,8.5,NaN,529974.0,1,1,1,0,0,0,0,0,1,0,0,0,0,0,0,0,0,0,0,0,0,0
238,Vikingos: Valhalla,(2022– ),,51.0,7.2,NaN,39056.0,0,1,1,0,0,0,0,0,1,1,0,0,0,0,0,0,0,0,0,0,0,0
239,Viuda Negra,(2021),12,134.0,6.7,67.0,374979.0,0,1,1,0,0,0,0,0,0,1,0,0,0,0,0,0,1,0,0,0,0,0
240,Wendell & Wild,(2022),12,105.0,6.5,69.0,5975.0,1,0,1,1,0,1,0,0,0,0,0,0,0,0,0,0,0,0,0,0,0,0
241,Willow,(1988),A,126.0,7.2,47.0,115584.0,0,1,1,0,0,0,0,0,1,1,0,0,0,0,0,0,0,0,0,0,0,0
242,Willow,(2022– ),,NaN,NaN,NaN,NaN,0,1,1,0,0,0,0,0,1,0,0,0,0,0,0,0,0,0,0,1,0,0
243,Wonka,(2023),,NaN,NaN,NaN,NaN,0,0,1,0,0,1,0,0,0,0,1,0,0,0,0,0,0,0,0,1,0,0
244,Yo me encargo de la cerveza,(2022),16,126.0,6.8,39.0,14962.0,0,0,1,0,0,1,0,1,1,0,0,0,0,0,0,0,0,0,0,0,0,0
245,Zootrópolis,(2016),A/i,108.0,8.0,78.0,497349.0,0,0,1,1,0,1,0,1,0,0,0,0,0,0,0,0,0,0,0,0,0,0
246,Zootrópolis+,(2022– ),6+,NaN,6.8,NaN,1444.0,1,0,1,1,0,0,0,0,0,0,0,0,0,0,0,0,0,1,0,0,0,0
247,¡Canta! 2,(2021),A,110.0,7.4,49.0,68029.0,0,0,1,1,0,1,0,1,0,0,0,0,0,0,0,0,0,0,0,0,0,0
248,¡Shazam!,(2019),7,132.0,7.0,71.0,336512.0,0,1,1,0,0,1,0,0,0,0,0,0,0,0,0,0,0,0,0,1,0,0
249,Érase una vez,(2011–2018),16,60.0,7.7,NaN,224923.0,0,0,1,0,0,0,0,1,0,0,0,1,0,0,0,1,0,0,0,0,0,0
