,MOVIE,YEAR,RATING,RUNTIME (min),IMDB,METASCORE,VOTES,ACTION,ADVENTURE,B,BIOGRAPHY,COMEDY,CRIME,DOCUMENTARY,DRAMA,FAMILY,G,HISTORY,HORROR,I,MUSIC,MUSICAL,O,R,ROMANCE,SHORT,SPORT,THRILLER,WAR,WESTERN
0,12 años de esclavitud,(2013),16,134.0,8.1,96.0,699557.0,0,0,0,1,0,0,0,1,0,0,1,0,1,0,0,0,0,0,0,0,0,0,0
1,127 horas,(2010),12,94.0,7.6,82.0,377689.0,0,0,0,1,0,0,0,1,0,0,0,0,0,0,0,0,1,0,0,0,0,0,0
2,42: La verdadera historia de una leyenda del deporte,(2013),7,128.0,7.5,62.0,96003.0,0,0,0,1,0,0,0,1,0,0,0,0,0,0,0,0,1,0,0,1,0,0,0
3,A Friend of the Family,(2022),18,473.0,7.4,NaN,2386.0,0,0,1,1,0,1,0,1,0,0,0,0,0,0,0,0,0,0,0,0,0,0,0
4,Aguas oscuras,(2019),7,126.0,7.6,73.0,89126.0,0,0,0,1,0,0,0,1,0,0,1,0,0,0,0,1,0,0,0,0,0,0,0
5,Alejandro Magno,(2004),13,175.0,5.6,39.0,170604.0,1,0,0,1,0,0,0,1,0,1,0,0,0,0,0,0,0,0,0,0,0,0,0
6,Alpha Dog,(2006),R,122.0,6.9,53.0,104043.0,0,0,0,1,0,1,0,1,0,0,0,0,1,0,0,0,0,0,0,0,0,0,0
7,Amadeus,(1984),A,160.0,8.4,88.0,400834.0,0,0,1,1,0,0,0,1,0,0,0,0,0,1,0,0,0,0,0,0,0,0,0
8,American Crime Story,(2016– ),16,42.0,8.4,NaN,95481.0,0,0,0,1,0,1,0,1,0,0,0,0,1,0,0,0,0,0,0,0,0,0,0
9,American Gangster,(2007),18,157.0,7.8,76.0,427203.0,0,0,0,1,0,1,0,1,0,0,0,0,1,0,0,0,0,0,0,0,0,0,0
10,American Underdog,(2021),PG,112.0,7.1,53.0,15142.0,0,0,0,1,0,0,0,1,0,1,0,0,0,0,0,0,0,0,0,1,0,0,0
11,Ammonite,(2020),16,120.0,6.5,72.0,18697.0,0,0,0,1,0,0,0,1,0,1,1,0,0,0,0,0,0,0,0,0,0,0,0
12,"Argentina, 1985",(2022),12,140.0,7.8,78.0,8062.0,0,0,1,1,0,1,0,1,0,0,0,0,0,0,0,0,0,0,0,0,0,0,0
13,Argo,(2012),7,120.0,7.7,86.0,614763.0,0,0,0,1,0,0,0,1,0,0,0,0,0,0,0,1,0,0,0,0,1,0,0
14,Así nos ven,(2019),16,296.0,8.9,NaN,121172.0,0,0,0,1,0,1,0,1,0,0,0,0,0,0,0,1,0,0,0,0,0,0,0
15,Atrápame si puedes,(2002),7,141.0,8.1,75.0,975228.0,0,0,1,1,0,1,0,1,0,0,0,0,0,0,0,0,0,0,0,0,0,0,0
16,"Beautiful boy, siempre serás mi hijo",(I) (2018),16,120.0,7.3,62.0,77920.0,0,0,0,1,0,0,0,1,0,0,0,0,0,0,0,1,0,0,0,0,0,0,0
17,Becoming Elizabeth,(2022),,60.0,6.9,NaN,2262.0,0,0,0,1,0,0,0,1,0,1,1,0,0,0,0,0,0,0,0,0,0,0,0
18,Belfast,(2021),12,98.0,7.3,75.0,73294.0,0,0,1,1,0,0,0,1,0,0,0,0,0,0,0,0,0,0,0,0,0,0,0
19,Belle,(2013),A,100.0,7.3,64.0,31198.0,0,0,0,1,0,0,0,1,0,0,0,0,0,0,0,1,0,1,0,0,0,0,0
20,Benedetta,(2021),16,131.0,6.8,73.0,19415.0,0,0,0,1,0,0,0,1,0,0,1,0,0,0,0,1,0,0,0,0,0,0,0
21,Bienvenidos a Chippendales,(2022–2023),,NaN,NaN,NaN,NaN,0,0,0,1,0,0,0,1,0,0,0,0,0,0,0,1,0,0,0,0,0,0,0
22,Billy el Niño,(2022– ),,49.0,7.2,NaN,3945.0,0,1,0,1,0,0,0,1,0,1,0,0,0,0,0,0,0,0,0,0,0,0,0
23,Black Mafia Family,(2021– ),18,60.0,7.4,NaN,3878.0,0,0,0,1,0,1,0,1,0,0,0,0,0,0,0,0,1,0,0,0,0,0,0
24,Black Mass: Estrictamente criminal,(2015),18,123.0,6.9,68.0,182269.0,0,0,0,1,0,1,0,1,0,0,0,0,0,0,0,0,1,0,0,0,0,0,0
25,Blonde,(2022),18,167.0,5.5,50.0,48816.0,0,0,1,1,0,0,0,1,0,0,0,0,0,0,0,0,0,1,0,0,0,0,0
26,Blow,(2001),18,124.0,7.5,52.0,261644.0,0,0,0,1,0,1,0,1,0,0,0,0,0,0,0,1,0,0,0,0,0,0,0
27,Bohemian Rhapsody,(2018),12,134.0,7.9,49.0,536769.0,0,0,0,1,0,0,0,1,0,0,0,0,1,1,0,0,0,0,0,0,0,0,0
28,Bonnie y Clyde,(1967),12,111.0,7.7,86.0,113763.0,1,0,0,1,0,1,0,0,0,0,0,0,0,0,0,1,0,0,0,0,0,0,0
29,Braveheart,(1995),18,178.0,8.4,68.0,1034904.0,0,0,1,1,0,0,0,1,0,0,1,0,0,0,0,0,0,0,0,0,0,0,0
30,Bronson,(2008),18,92.0,7.0,71.0,132302.0,1,0,0,1,0,1,0,0,0,1,0,0,0,0,0,0,0,0,0,0,0,0,0
31,Candy: Asesinato en Texas,(2022),18,257.0,7.2,NaN,15022.0,0,0,1,1,0,1,0,1,0,0,0,0,0,0,0,0,0,0,0,0,0,0,0
32,Capitán Phillips,(2013),12,134.0,7.8,82.0,460778.0,1,0,1,1,0,1,0,0,0,0,0,0,0,0,0,0,0,0,0,0,0,0,0
33,Carros de fuego,(1981),A,125.0,7.1,78.0,61050.0,0,0,1,1,0,0,0,1,0,0,0,0,0,0,0,0,0,0,0,1,0,0,0
34,Chevalier,(2022),PG-13,107.0,7.2,67.0,93.0,0,0,1,1,0,0,0,1,0,0,1,0,0,0,0,0,0,0,0,0,0,0,0
35,Chisum,(1970),,111.0,6.8,NaN,10164.0,0,0,0,1,0,0,0,0,0,1,0,0,0,0,0,0,0,0,0,0,0,0,1
36,Ciudad de mentiras,(2018),16,112.0,6.5,44.0,15525.0,0,0,0,1,0,1,0,1,0,0,0,0,0,0,0,0,1,0,0,0,0,0,0
37,Cleopatra,(1963),14,192.0,7.0,60.0,33767.0,0,0,0,1,0,0,0,1,0,0,1,0,0,0,0,0,1,0,0,0,0,0,0
38,Coach Carter,(2005),13,136.0,7.3,57.0,150413.0,0,0,0,1,0,0,0,1,0,1,0,0,0,0,0,0,0,0,0,1,0,0,0
39,Come Reza Ama,(2010),A,133.0,5.8,50.0,98180.0,0,0,0,1,0,0,0,1,0,0,0,0,0,0,0,0,1,1,0,0,0,0,0
40,Contacto sangriento,(1988),18,92.0,6.8,29.0,86053.0,1,0,0,1,0,0,0,1,0,0,0,0,0,0,0,0,1,0,0,0,0,0,0
41,Conversaciones con asesinos: Las cintas de Jeffrey Dahmer,(2022),16,180.0,7.3,NaN,5493.0,0,0,0,1,0,1,1,0,0,0,0,0,0,0,0,0,1,0,0,0,0,0,0
42,Criaturas celestiales,(1994),18,99.0,7.3,86.0,64245.0,0,0,0,1,0,1,0,1,0,0,0,0,0,0,0,0,1,0,0,0,0,0,0
43,Cuestión de justicia,(2019),12,137.0,7.6,68.0,68076.0,0,0,0,1,0,1,0,1,0,1,0,0,0,0,0,0,0,0,0,0,0,0,0
44,Curiosa,(2019),16,107.0,5.4,NaN,2482.0,0,0,0,1,0,0,0,1,0,0,1,0,0,0,0,1,0,0,0,0,0,0,0
45,DAMaN,(2022),,121.0,9.6,NaN,7885.0,0,1,0,1,0,0,0,1,0,0,0,0,0,0,0,1,0,0,0,0,0,0,0
46,Dahmer - Monstruo: La historia de Jeffrey Dahmer,(2022),18,534.0,8.0,NaN,109878.0,0,0,1,1,0,1,0,1,0,0,0,0,0,0,0,0,0,0,0,0,0,0,0
47,"Dahmer, el carnicero de Milwaukee",(2002),18,101.0,5.6,63.0,11065.0,0,0,0,1,0,1,0,1,0,0,0,0,0,0,0,1,0,0,0,0,0,0,0
48,Dallas Buyers Club,(2013),12,117.0,7.9,78.0,488440.0,0,0,0,1,0,0,0,1,0,0,0,0,0,0,0,1,0,0,0,0,0,0,0
49,Despertares,(1990),A,121.0,7.8,74.0,142459.0,0,0,0,1,0,0,0,1,0,1,0,0,0,0,0,0,0,0,0,0,0,0,0
50,Después del huracán,(2022),16,376.0,7.8,NaN,9297.0,0,0,0,1,0,0,0,1,0,0,0,0,1,0,0,0,0,0,0,0,0,0,0
51,Diario de un rebelde,(1995),13,102.0,7.3,46.0,112313.0,0,0,0,1,0,1,0,1,0,1,0,0,0,0,0,0,0,0,0,0,0,0,0
52,Diarios de la calle,(2007),13,123.0,7.6,64.0,79610.0,0,0,0,1,0,1,0,1,0,0,0,0,0,0,0,1,0,0,0,0,0,0,0
53,Dickinson,(2019–2021),12,30.0,7.6,NaN,15807.0,0,0,0,1,1,0,0,1,0,0,0,0,0,0,0,1,0,0,0,0,0,0,0
54,Donnie Brasco,(1997),18,127.0,7.7,76.0,309289.0,0,0,0,1,0,1,0,1,0,1,0,0,0,0,0,0,0,0,0,0,0,0,0
55,Dos hombres y un destino,(1969),14,110.0,8.0,66.0,216557.0,0,0,0,1,0,1,0,1,0,1,0,0,0,0,0,0,0,0,0,0,0,0,0
56,El Rey: Vicente Fernández,(2022– ),,52.0,7.4,NaN,335.0,0,0,0,1,0,0,0,1,0,0,0,0,0,1,0,0,1,0,0,0,0,0,0
57,El amante,(1992),18,115.0,6.8,59.0,21792.0,0,0,0,1,0,0,0,1,0,0,0,0,0,0,0,0,1,1,0,0,0,0,0
58,El asesinato de Jesse James por el cobarde Robert Ford,(2007),12,160.0,7.5,68.0,182646.0,0,0,0,1,0,1,0,1,0,0,0,0,0,0,0,0,1,0,0,0,0,0,0
59,El asesinato de la familia Borden (Lizzie),(2018),R,105.0,5.9,59.0,8122.0,0,0,0,1,0,1,0,1,0,0,0,0,1,0,0,0,0,0,0,0,0,0,0
60,El aviador,(2004),13,170.0,7.5,77.0,362234.0,0,0,0,1,0,0,0,1,0,0,0,0,0,0,0,1,0,0,0,0,0,0,0
61,El castillo de cristal,(2017),12,127.0,7.1,56.0,34156.0,0,0,0,1,0,0,0,1,0,0,0,0,0,0,0,0,1,0,0,0,0,0,0
62,El cielo es real,(2014),7,99.0,5.8,47.0,27390.0,0,0,0,1,0,0,0,1,1,1,0,0,0,0,0,0,0,0,0,0,0,0,0
63,El discurso del rey,(2010),A,118.0,8.0,88.0,680529.0,0,0,0,1,0,0,0,1,0,0,1,0,0,0,0,1,0,0,0,0,0,0,0
64,El duque,(2020),7,95.0,6.9,74.0,8356.0,0,0,0,1,1,1,0,0,0,0,0,0,0,0,0,0,1,0,0,0,0,0,0
65,El escándalo (Bombshell),(I) (2019),12/fig,109.0,6.8,64.0,115544.0,0,0,0,1,0,0,0,1,0,0,0,0,1,0,0,0,0,0,0,0,0,0,0
66,El expreso de medianoche,(1978),18,121.0,7.5,59.0,80655.0,0,0,0,1,0,1,0,1,0,0,0,0,0,0,0,0,1,0,0,0,0,0,0
67,El francotirador,(2014),16,133.0,7.3,72.0,488050.0,1,0,0,1,0,0,0,1,0,0,0,0,1,0,0,0,0,0,0,0,0,0,0
68,El fundador,(2016),A,115.0,7.2,66.0,151801.0,0,0,0,1,0,0,0,1,0,1,0,0,0,0,0,0,0,0,0,0,0,0,0
69,El gran showman,(2017),A,105.0,7.5,48.0,281632.0,0,0,1,1,0,0,0,1,0,0,0,0,0,0,1,0,0,0,0,0,0,0,0
70,El hombre elefante,(1980),14,124.0,8.2,78.0,241588.0,0,0,0,1,0,0,0,1,0,0,0,0,0,0,0,1,0,0,0,0,0,0,0
71,El hundimiento,(2004),18,156.0,8.2,82.0,356059.0,0,0,0,1,0,0,0,1,0,0,1,0,1,0,0,0,0,0,0,0,0,0,0
72,El instante más oscuro,(2017),A,125.0,7.4,75.0,203084.0,0,0,0,1,0,0,0,1,0,0,0,0,1,0,0,0,0,0,0,0,0,1,0
73,El irlandés,(2019),16,209.0,7.8,94.0,386291.0,0,0,0,1,0,1,0,1,0,0,0,0,1,0,0,0,0,0,0,0,0,0,0
74,El lobo de Wall Street,(2013),16,180.0,8.2,75.0,1395968.0,0,0,1,1,1,1,0,0,0,0,0,0,0,0,0,0,0,0,0,0,0,0,0
75,El milagro del padre Stu,(2022),12,124.0,6.5,40.0,18887.0,0,0,1,1,0,0,0,1,0,0,0,0,0,0,0,0,0,0,0,0,0,0,0
76,El método Williams,(2021),12,144.0,7.5,76.0,111732.0,0,0,0,1,0,0,0,1,0,0,0,0,1,0,0,0,0,0,0,1,0,0,0
77,El pianista,(2002),13,150.0,8.5,85.0,827608.0,0,0,1,1,0,0,0,1,0,0,0,0,0,1,0,0,0,0,0,0,0,0,0
78,El rey proscrito,(2018),16,121.0,6.9,59.0,72795.0,1,0,0,1,0,0,0,1,0,0,0,0,0,0,0,1,0,0,0,0,0,0,0
79,El sargento York,(1941),T,134.0,7.7,NaN,18604.0,0,0,0,1,0,0,0,1,0,0,1,0,0,0,0,1,0,0,0,0,0,0,0
80,El superviviente de Auschwitz,(2021),R,129.0,6.7,71.0,3696.0,0,0,0,1,0,0,0,1,0,1,0,0,0,0,0,0,0,0,0,1,0,0,0
81,El vicio del poder,(I) (2018),12,132.0,7.2,61.0,148090.0,0,0,0,1,1,0,0,1,0,0,0,0,0,0,0,1,0,0,0,0,0,0,0
82,El ángel de la muerte,(2022),18,121.0,6.9,65.0,36746.0,0,0,1,1,0,1,0,1,0,0,0,0,0,0,0,0,0,0,0,0,0,0,0
83,El último baile,(2020),7,491.0,9.1,NaN,122574.0,0,0,0,1,0,0,1,0,0,1,1,0,0,0,0,0,0,0,0,0,0,0,0
84,El único superviviente,(2013),16,121.0,7.5,60.0,288628.0,1,0,0,1,0,0,0,1,0,0,0,0,0,0,0,1,0,0,0,0,0,0,0
85,Elizabeth,(1998),13,124.0,7.4,75.0,100091.0,0,0,0,1,0,0,0,1,0,1,1,0,0,0,0,0,0,0,0,0,0,0,0
86,Elvis,(2022),12,159.0,7.4,64.0,144533.0,0,0,1,1,0,0,0,1,0,0,0,0,0,1,0,0,0,0,0,0,0,0,0
87,Emily,(2022),R,130.0,7.1,77.0,1032.0,0,0,0,1,0,0,0,1,0,0,0,0,1,0,0,0,0,1,0,0,0,0,0
88,En busca de la felicidad,(2006),A,117.0,8.0,64.0,511141.0,0,0,0,1,0,0,0,1,0,0,0,0,1,0,0,0,0,0,0,0,0,0,0
89,En el corazón del mar,(2015),12,122.0,6.9,47.0,139968.0,1,1,0,1,0,0,0,0,0,0,0,0,0,0,0,0,1,0,0,0,0,0,0
90,En el nombre del padre,(1993),13,133.0,8.1,84.0,175595.0,0,0,0,1,0,1,0,1,0,1,0,0,0,0,0,0,0,0,0,0,0,0,0
91,En la cuerda floja,(2005),18,136.0,7.8,72.0,251994.0,0,0,0,1,0,0,0,1,0,1,0,0,0,1,0,0,0,0,0,0,0,0,0
92,Encerrado con el diablo,(2022),16,347.0,8.2,NaN,56702.0,0,0,1,1,0,1,0,1,0,0,0,0,0,0,0,0,0,0,0,0,0,0,0
93,Enemigos públicos,(2009),13,140.0,7.0,70.0,304308.0,1,0,0,1,0,1,0,0,0,1,0,0,0,0,0,0,0,0,0,0,0,0,0
94,Erin Brockovich,(2000),A,131.0,7.4,73.0,199004.0,0,0,0,1,0,0,0,1,0,0,0,0,0,0,0,1,0,0,0,0,0,0,0
95,Espartaco,(1960),13,197.0,7.9,87.0,135603.0,0,1,0,1,0,0,0,1,0,1,0,0,0,0,0,0,0,0,0,0,0,0,0
96,Everest,(2015),12,121.0,7.1,64.0,218632.0,1,1,0,1,0,0,0,0,0,1,0,0,0,0,0,0,0,0,0,0,0,0,0
97,"Extremely Wicked, Shockingly Evil and Vile",(2019),16,110.0,6.7,52.0,95063.0,0,0,0,1,0,1,0,1,0,0,0,0,0,0,0,1,0,0,0,0,0,0,0
98,Ferrari,(II),,NaN,NaN,NaN,NaN,0,0,0,1,0,0,0,1,0,0,0,0,1,0,0,0,0,0,0,0,0,0,0
99,Feud,(2017– ),,406.0,8.4,NaN,19864.0,0,0,0,1,0,0,0,1,0,0,0,0,0,0,0,1,0,0,0,0,0,0,0
100,Figuras ocultas,(2016),A/fig,127.0,7.8,74.0,230270.0,0,0,0,1,0,0,0,1,0,0,1,0,1,0,0,0,0,0,0,0,0,0,0
101,First Man (El primer hombre),(2018),7,141.0,7.3,84.0,188791.0,0,0,0,1,0,0,0,1,0,1,1,0,0,0,0,0,0,0,0,0,0,0,0
102,Foxcatcher,(2014),12,134.0,7.0,81.0,143477.0,0,0,0,1,0,0,0,1,0,0,1,0,0,0,0,0,1,0,0,0,0,0,0
103,Friends: The Reunion,(2021 TV Special),3,104.0,8.0,NaN,59740.0,0,0,0,1,1,0,1,0,0,0,0,0,0,0,0,0,1,0,0,0,0,0,0
104,Fruitvale Station,(2013),R,85.0,7.5,85.0,81869.0,0,0,0,1,0,1,0,1,0,0,0,0,0,0,0,0,1,0,0,0,0,0,0
105,Fuga de Alcatraz,(1979),13,112.0,7.6,76.0,136755.0,1,0,0,1,0,1,0,0,0,0,0,0,0,0,0,1,0,0,0,0,0,0,0
106,Gandhi,(1982),A,191.0,8.1,79.0,232114.0,0,0,0,1,0,0,0,1,0,0,0,0,0,0,0,0,1,0,0,0,0,0,0
107,Gaslit,(2022),,60.0,7.3,NaN,5285.0,0,0,0,1,0,0,0,1,0,0,1,0,1,0,0,0,0,0,0,0,0,0,0
108,Genius,(I) (2017– ),12,43.0,8.2,NaN,18755.0,0,0,0,1,0,0,0,1,0,0,1,0,0,0,0,0,1,0,0,0,0,0,0
109,George & Tammy,(2022– ),,NaN,NaN,NaN,NaN,0,0,1,1,0,0,0,1,0,0,1,0,0,0,0,0,0,0,0,0,0,0,0
110,Gia,(1998 TV Movie),R,120.0,6.9,NaN,46212.0,0,0,0,1,0,0,0,1,0,1,0,0,0,0,0,0,0,1,0,0,0,0,0
111,Goles en Contra,(2022– ),,55.0,7.1,NaN,133.0,0,0,0,1,0,0,0,1,0,1,0,0,0,0,0,0,0,0,0,1,0,0,0
112,Green Book,(2018),12,130.0,8.2,69.0,487640.0,0,0,1,1,1,0,0,1,0,0,0,0,0,0,0,0,0,0,0,0,0,0,0
113,Hacia rutas salvajes,(2007),7,148.0,8.1,73.0,622740.0,0,1,0,1,0,0,0,1,0,0,0,0,1,0,0,0,0,0,0,0,0,0,0
114,Hamilton,(2020),12,160.0,8.4,90.0,94085.0,0,0,1,1,0,0,0,1,0,0,1,0,0,0,0,0,0,0,0,0,0,0,0
115,Hasta el último hombre,(2016),16,139.0,8.1,71.0,522957.0,0,0,1,1,0,0,0,1,0,0,1,0,0,0,0,0,0,0,0,0,0,0,0
116,Héroes en el infierno,(2017),12,134.0,7.6,72.0,70369.0,1,0,0,1,0,0,0,1,0,0,0,0,0,0,0,0,1,0,0,0,0,0,0
117,Infiltrado en el KKKlan,(2018),12,135.0,7.5,83.0,264008.0,0,0,0,1,1,1,0,0,0,0,0,0,0,0,0,1,0,0,0,0,0,0,0
118,Inocencia interrumpida,(1999),18,127.0,7.3,51.0,189389.0,0,0,0,1,0,0,0,1,0,0,0,0,1,0,0,0,0,0,0,0,0,0,0
119,Intocable,(2011),7,112.0,8.5,57.0,853593.0,0,0,0,1,1,0,0,1,0,0,0,0,1,0,0,0,0,0,0,0,0,0,0
120,Invencible (Unbroken),(I) (2014),12,137.0,7.2,59.0,168928.0,1,0,0,1,0,0,0,1,0,0,0,0,1,0,0,0,0,0,0,0,0,0,0
121,Ip Man,(2008),13,106.0,8.0,59.0,224448.0,1,0,0,1,0,0,0,1,0,0,0,0,0,0,0,0,1,0,0,0,0,0,0
122,Jarhead - El infierno espera,(2005),18,125.0,7.0,58.0,191242.0,0,0,0,1,0,0,0,1,0,0,0,0,0,0,0,0,1,0,0,0,0,1,0
123,Jeanne du Barry,,,NaN,NaN,NaN,NaN,0,0,0,1,0,0,0,1,0,0,1,0,0,0,0,0,1,0,0,0,0,0,0
124,Jerry & Marge Go Large,(2022),PG-13,96.0,6.9,52.0,11602.0,0,0,0,1,1,0,0,1,0,0,0,0,0,0,0,1,0,0,0,0,0,0,0
125,Joy,(I) (2015),7/fig,124.0,6.6,56.0,137737.0,0,0,0,1,0,0,0,1,0,0,0,0,0,0,0,0,1,0,0,0,0,0,0
126,Judas y el mesías negro,(2021),16,126.0,7.4,85.0,80034.0,0,0,0,1,0,0,0,1,0,0,1,0,0,0,0,1,0,0,0,0,0,0,0
127,Juego de armas,(2016),16,114.0,7.1,57.0,220462.0,0,0,0,1,1,1,0,0,0,0,0,0,0,0,0,1,0,0,0,0,0,0,0
128,Julia,(2022– ),,45.0,8.3,NaN,8082.0,0,0,0,1,0,0,0,1,0,1,0,0,0,0,0,0,0,0,0,0,0,0,0
129,Julie y Julia,(2009),A,123.0,7.0,66.0,120512.0,0,0,0,1,0,0,0,1,0,1,0,0,0,0,0,0,0,1,0,0,0,0,0
130,La casa Gucci,(2021),12,158.0,6.6,59.0,133744.0,0,0,1,1,0,1,0,1,0,0,0,0,0,0,0,0,0,0,0,0,0,0,0
131,La chica danesa,(2015),12,119.0,7.1,66.0,186731.0,0,0,0,1,0,0,0,1,0,0,0,0,1,0,0,0,0,1,0,0,0,0,0
132,La ciudad es nuestra,(2022),18,357.0,7.6,NaN,21139.0,0,0,0,1,0,1,0,1,0,0,0,0,1,0,0,0,0,0,0,0,0,0,0
133,La dama de oro,(2015),7,109.0,7.3,51.0,59590.0,0,0,0,1,0,0,0,1,0,1,1,0,0,0,0,0,0,0,0,0,0,0,0
134,La emperatriz rebelde,(2022),,113.0,7.0,81.0,1375.0,0,0,1,1,0,0,0,1,0,0,1,0,0,0,0,0,0,0,0,0,0,0,0
135,La favorita,(2018),12,119.0,7.5,91.0,200760.0,0,0,1,1,1,0,0,1,0,0,0,0,0,0,0,0,0,0,0,0,0,0,0
136,La gran apuesta,(2015),12,130.0,7.8,81.0,430586.0,0,0,1,1,1,0,0,1,0,0,0,0,0,0,0,0,0,0,0,0,0,0,0
137,La jungla,(I) (2017),12,115.0,6.7,48.0,57705.0,1,1,0,1,0,0,0,0,0,0,0,0,0,0,0,0,1,0,0,0,0,0,0
138,La lista de Schindler,(1993),12,195.0,9.0,94.0,1348061.0,0,0,1,1,0,0,0,1,0,0,1,0,0,0,0,0,0,0,0,0,0,0,0
139,La playlist,(2022),12,300.0,7.5,NaN,6361.0,0,0,1,1,0,0,0,1,0,0,0,0,0,1,0,0,0,0,0,0,0,0,0
140,La red social,(2010),7,120.0,7.8,95.0,701157.0,0,0,1,1,0,0,0,1,0,0,0,0,0,0,0,0,0,0,0,0,0,0,0
141,La reina virgen,(1953),,112.0,6.6,NaN,1635.0,0,0,0,1,0,0,0,1,0,1,0,0,0,0,0,0,0,1,0,0,0,0,0
142,La teoría del todo,(2014),A,123.0,7.7,71.0,451253.0,0,0,0,1,0,0,0,1,0,0,0,0,1,0,0,0,0,1,0,0,0,0,0
143,Lamborghini,(2022),R,97.0,NaN,NaN,NaN,0,0,1,1,0,0,0,1,0,0,0,0,0,0,0,0,0,0,0,1,0,0,0
144,Lawless (Sin ley),(2012),16,116.0,7.2,58.0,243138.0,0,0,0,1,0,1,0,1,0,1,0,0,0,0,0,0,0,0,0,0,0,0,0
145,Lawrence de Arabia,(1962),A,218.0,8.3,100.0,293970.0,0,1,0,1,0,0,0,1,0,0,0,0,1,0,0,0,0,0,0,0,0,0,0
146,Le Mans '66,(2019),7,152.0,8.1,81.0,390417.0,1,0,1,1,0,0,0,1,0,0,0,0,0,0,0,0,0,0,0,0,0,0,0
147,Lee,,,NaN,NaN,NaN,NaN,0,0,0,1,0,0,0,1,0,0,0,0,0,0,0,0,1,0,0,0,0,0,0
148,Legend,(I) (2015),16,132.0,6.9,55.0,183684.0,0,0,1,1,0,1,0,1,0,0,0,0,0,0,0,0,0,0,0,0,0,0,0
149,Lincoln,(2012),7,150.0,7.3,86.0,261332.0,0,0,0,1,0,0,0,1,0,0,1,0,0,0,0,1,0,0,0,0,0,0,0
150,Lion,(2016),12,118.0,8.0,69.0,236820.0,0,0,0,1,0,0,0,1,0,1,0,0,0,0,0,0,0,0,0,0,0,0,0
151,Los Médici: Señores de Florencia,(2016–2019),18,60.0,7.9,NaN,19531.0,0,0,0,1,0,0,0,1,0,0,1,0,1,0,0,0,0,0,0,0,0,0,0
152,Los archivos del Pentágono,(2017),7,116.0,7.2,83.0,151767.0,0,0,0,1,0,0,0,1,0,1,1,0,0,0,0,0,0,0,0,0,0,0,0
153,Los ojos de Tammy Faye,(2021),12,126.0,6.6,55.0,33493.0,0,0,0,1,0,0,0,1,0,0,0,0,0,0,0,1,0,1,0,0,0,0,0
154,Lovelace,(2013),R,93.0,6.2,51.0,41061.0,0,0,0,1,0,0,0,1,0,0,0,0,0,0,0,0,1,0,0,0,0,0,0
155,Low Country: The Murdaugh Dynasty,(2022),,149.0,7.4,NaN,375.0,0,0,1,1,0,1,1,0,0,0,0,0,0,0,0,0,0,0,0,0,0,0,0
156,Maestro,(VII),,NaN,NaN,NaN,NaN,0,0,0,1,0,0,0,1,0,1,0,0,0,1,0,0,0,0,0,0,0,0,0
157,Major,(2022),,150.0,8.2,NaN,27555.0,1,0,0,1,0,0,0,1,0,0,0,0,0,0,0,0,1,0,0,0,0,0,0
158,Malcolm X,(1992),T,202.0,7.7,73.0,95284.0,0,0,0,1,0,0,0,1,0,0,1,0,0,0,0,0,1,0,0,0,0,0,0
159,Manhunt: Unabomber,(II) (2017– ),16,60.0,8.1,NaN,59882.0,0,0,0,1,0,1,0,1,0,1,0,0,0,0,0,0,0,0,0,0,0,0,0
160,Mank,(2020),12,131.0,6.8,79.0,75606.0,0,0,0,1,1,0,0,1,0,0,0,0,0,0,0,0,1,0,0,0,0,0,0
161,María Antonieta (Marie Antoinette),(2006),A,123.0,6.5,65.0,112392.0,0,0,0,1,0,0,0,1,0,1,1,0,0,0,0,0,0,0,0,0,0,0,0
162,"María, reina de Escocia",(2018),12,124.0,6.3,60.0,51060.0,0,0,0,1,0,0,0,1,0,1,1,0,0,0,0,0,0,0,0,0,0,0,0
163,Memorias de África,(1985),A,161.0,7.1,69.0,80561.0,0,0,0,1,0,0,0,1,0,0,0,0,0,0,0,0,1,1,0,0,0,0,0
164,Mi amigo Dahmer,(2017),R,107.0,6.2,68.0,21722.0,0,0,0,1,0,0,0,1,0,0,0,1,0,0,0,1,0,0,0,0,0,0,0
165,Mike,(2022),18,25.0,6.8,NaN,3532.0,0,0,0,1,0,0,0,1,0,0,0,0,0,0,0,1,0,0,0,1,0,0,0
166,Molly's Game,(2017),16,140.0,7.4,71.0,172760.0,0,0,0,1,0,1,0,1,0,0,0,0,1,0,0,0,0,0,0,0,0,0,0
167,Moneyball: Rompiendo las reglas,(2011),A,133.0,7.6,87.0,423497.0,0,0,0,1,0,0,0,1,0,0,0,0,1,0,0,0,0,0,0,1,0,0,0
168,Monster,(2003),R,109.0,7.3,74.0,152726.0,0,0,0,1,0,1,0,1,0,0,0,0,1,0,0,0,0,0,0,0,0,0,0
169,Mr. Wain,(2021),7,111.0,6.8,63.0,14655.0,0,0,0,1,0,0,0,1,0,1,1,0,0,0,0,0,0,0,0,0,0,0,0
170,Máscara,(1985),13,120.0,7.2,73.0,29712.0,0,0,0,1,0,0,0,1,0,0,0,0,0,0,0,1,0,0,0,0,0,0,0
171,Múnich en vísperas de una guerra,(2021),12,130.0,6.8,53.0,30786.0,0,0,0,1,0,0,0,1,0,1,1,0,0,0,0,0,0,0,0,0,0,0,0
172,Napoleon,,,NaN,NaN,NaN,NaN,1,0,0,1,0,0,0,1,0,0,0,0,1,0,0,0,0,0,0,0,0,0,0
173,Narcos,(2015–2017),16,49.0,8.8,NaN,420553.0,0,0,1,1,0,1,0,1,0,0,0,0,0,0,0,0,0,0,0,0,0,0,0
174,Nuestra bandera significa muerte,(2022– ),16,30.0,7.8,NaN,25763.0,1,1,0,1,0,0,0,0,0,0,0,0,1,0,0,0,0,0,0,0,0,0,0
175,Oppenheimer,(2023),,NaN,NaN,NaN,NaN,0,0,1,1,0,0,0,1,0,0,1,0,0,0,0,0,0,0,0,0,0,0,0
176,Padre Pio,(II) (2022),,104.0,6.4,NaN,132.0,0,0,0,1,0,0,0,1,0,1,0,0,0,0,0,0,0,0,0,0,0,0,0
177,Pam & Tommy,(2022),18,340.0,7.3,NaN,33580.0,0,0,0,1,0,0,0,1,0,0,0,0,1,0,0,0,0,1,0,0,0,0,0
178,Papillon,(1973),18,151.0,8.0,58.0,131249.0,0,0,0,1,0,1,0,1,0,0,0,0,0,0,0,0,1,0,0,0,0,0,0
179,Papillon,(I) (2017),Not Rated,133.0,7.2,51.0,76250.0,0,1,0,1,0,1,0,0,0,0,0,0,1,0,0,0,0,0,0,0,0,0,0
180,Peleando en familia,(2019),12,108.0,7.1,68.0,81812.0,0,0,0,1,1,0,0,1,0,0,0,0,1,0,0,0,0,0,0,0,0,0,0
181,Pisando fuerte,(1973),18,125.0,6.9,60.0,6124.0,1,0,0,1,0,1,0,0,0,0,0,0,1,0,0,0,0,0,0,0,0,0,0
182,Pistol,(2022),18,NaN,7.6,NaN,6773.0,0,0,1,1,0,0,0,1,0,0,0,0,0,1,0,0,0,0,0,0,0,0,0
183,Pride/Orgullo,(I) (2014),7/fig,119.0,7.8,79.0,57806.0,0,0,0,1,1,0,0,1,0,1,0,0,0,0,0,0,0,0,0,0,0,0,0
184,Queridísima mamá,(1981),R,129.0,6.6,55.0,16622.0,0,0,0,1,0,0,0,1,0,0,0,0,0,0,0,0,1,0,0,0,0,0,0
185,Quiero bailar con alguien,(2022),,NaN,NaN,NaN,NaN,0,0,1,1,0,0,0,1,0,0,0,0,0,1,0,0,0,0,0,0,0,0,0
186,Resistencia,(2020),16,120.0,6.4,53.0,7352.0,0,0,0,1,0,0,0,1,0,0,1,0,0,0,0,0,1,0,0,0,0,0,0
187,Rheingold,(2022),,138.0,7.0,NaN,551.0,0,0,0,1,0,1,0,1,0,0,0,0,0,0,0,1,0,0,0,0,0,0,0
188,Richard Jewell,(2019),12,131.0,7.5,68.0,87839.0,0,0,0,1,0,1,0,1,0,1,0,0,0,0,0,0,0,0,0,0,0,0,0
189,Rocketman,(I) (2019),16,121.0,7.3,69.0,175456.0,0,0,0,1,0,0,0,1,0,0,0,0,0,0,1,1,0,0,0,0,0,0,0
190,Rocketry: The Nambi Effect,(2022),12,157.0,8.8,NaN,49281.0,0,0,0,1,0,0,0,1,0,0,0,0,0,0,0,0,1,0,0,0,0,0,0
191,Rush,(I) (2013),12,123.0,8.1,74.0,479534.0,1,0,0,1,0,0,0,1,0,0,0,0,1,0,0,0,0,0,0,0,0,0,0
192,Scam 1992: The Harshad Mehta Story,(2020),16,54.0,9.3,NaN,143940.0,0,0,0,1,0,1,0,1,0,0,0,0,1,0,0,0,0,0,0,0,0,0,0
193,Secretos de Estado,(2019),7,112.0,7.3,63.0,48267.0,0,0,0,1,0,1,0,1,0,0,0,0,0,0,0,0,1,0,0,0,0,0,0
194,Selena Gomez: mi mente y yo,(2022),12,95.0,7.6,68.0,3118.0,0,0,1,1,0,0,1,0,0,0,0,0,0,0,0,0,0,0,0,0,0,0,0
195,Serpico,(1973),13,113.0,7.7,81.0,124024.0,0,0,0,1,0,1,0,1,0,0,0,0,0,0,0,0,1,0,0,0,0,0,0
196,Siempre a tu lado (Hachiko),(2009),A,93.0,8.1,NaN,285116.0,0,0,0,1,0,0,0,1,1,1,0,0,0,0,0,0,0,0,0,0,0,0,0
197,Sonrisas y lágrimas,(1965),A,172.0,8.1,63.0,234559.0,0,0,0,1,0,0,0,1,1,0,0,0,1,0,0,0,0,0,0,0,0,0,0
198,Spartacus: Dioses de la arena,(2011),18,331.0,8.5,NaN,138113.0,1,1,0,1,0,0,0,0,0,0,0,0,0,0,0,0,1,0,0,0,0,0,0
199,Spartacus: Sangre y arena,(2010–2013),18,55.0,8.5,NaN,242504.0,1,1,1,1,0,0,0,0,0,0,0,0,0,0,0,0,0,0,0,0,0,0,0
200,Spencer,(2021),12,117.0,6.6,76.0,67978.0,0,0,0,1,0,0,0,1,0,0,0,0,1,0,0,0,0,0,0,0,0,0,0
201,Spotlight,(I) (2015),12,129.0,8.1,93.0,469321.0,0,0,0,1,0,1,0,1,0,0,0,0,1,0,0,0,0,0,0,0,0,0,0
202,Star 80,(1983),,103.0,6.8,63.0,7076.0,0,0,0,1,0,0,0,1,0,0,0,0,0,0,0,1,0,0,0,0,0,0,0
203,Steve Jobs,(2015),7,122.0,7.2,82.0,170083.0,0,0,0,1,0,0,0,1,0,0,0,0,0,0,0,0,1,0,0,0,0,0,0
204,Straight Outta Compton,(2015),16,147.0,7.8,72.0,202889.0,0,0,0,1,0,0,0,1,0,0,1,0,0,0,0,1,0,0,0,0,0,0,0
205,Su majestad Mrs. Brown,(1997),T,101.0,7.2,71.0,14727.0,0,0,0,1,0,0,0,1,0,0,1,0,0,0,0,0,1,0,0,0,0,0,0
206,Sully,(2016),7,96.0,7.4,74.0,273330.0,0,0,0,1,0,0,0,1,0,1,0,0,0,0,0,0,0,0,0,0,0,0,0
207,Super Pumped: La batalla por Uber,(2022– ),16,60.0,7.3,NaN,5926.0,0,0,0,1,0,0,0,1,0,1,0,0,0,0,0,0,0,0,0,0,0,0,0
208,Tarde de perros,(1975),18,125.0,8.0,86.0,257739.0,0,0,0,1,0,1,0,1,0,1,0,0,0,0,0,0,0,0,0,0,0,0,0
209,Taurus,(2022),,98.0,4.8,55.0,316.0,0,0,0,1,0,0,0,1,0,0,0,0,1,1,0,0,0,0,0,0,0,0,0
210,The Act,(2019),16,60.0,7.9,NaN,28131.0,0,0,0,1,0,1,0,1,0,0,0,0,0,0,0,1,0,0,0,0,0,0,0
211,The Blind Side: Un sueño posible,(2009),13,129.0,7.6,53.0,332773.0,0,0,0,1,0,0,0,1,0,0,0,0,1,0,0,0,0,0,0,1,0,0,0
212,The Crowded Room,(2022– ),,NaN,NaN,NaN,NaN,0,0,0,1,0,1,0,0,0,0,0,0,0,0,0,0,1,0,0,0,0,0,0
213,The Crown,(2016– ),13,58.0,8.7,NaN,211118.0,0,0,1,1,0,0,0,1,0,0,1,0,0,0,0,0,0,0,0,0,0,0,0
214,The Dirt,(2019),18,107.0,7.0,39.0,50151.0,0,0,0,1,1,0,0,1,0,0,0,0,0,0,0,1,0,0,0,0,0,0,0
215,The Disaster Artist,(2017),7,104.0,7.3,76.0,154666.0,0,0,0,1,1,0,0,1,0,0,0,0,0,0,0,0,1,0,0,0,0,0,0
216,The Dropout: Auge y caída de Elizabeth Holmes,(2022),18,403.0,7.5,NaN,24167.0,0,0,1,1,0,0,0,1,0,0,0,0,0,0,0,0,0,0,0,0,0,0,0
217,The Fighter,(I) (2010),12,116.0,7.8,79.0,368612.0,1,0,0,1,0,0,0,1,0,0,0,0,1,0,0,0,0,0,0,0,0,0,0
218,The First Lady,(2022),16,60.0,7.1,NaN,4613.0,0,0,0,1,0,0,0,1,0,1,1,0,0,0,0,0,0,0,0,0,0,0,0
219,The Great,(2020– ),16,45.0,8.2,NaN,42303.0,0,0,1,1,1,0,0,1,0,0,0,0,0,0,0,0,0,0,0,0,0,0,0
220,The Imitation Game (Descifrando Enigma),(2014),7/fig,114.0,8.0,71.0,767199.0,0,0,0,1,0,0,0,1,0,0,0,0,1,0,0,0,0,0,0,0,1,0,0
221,The King,(I) (2019),16,140.0,7.3,62.0,129879.0,0,0,0,1,0,0,0,1,0,0,1,0,1,0,0,0,0,0,0,0,0,0,0
222,The Offer,(2022),18,586.0,8.7,NaN,23527.0,0,0,1,1,0,0,0,1,0,0,0,0,0,0,0,0,0,0,0,0,0,0,0
223,The Queen (La reina),(2006),A,103.0,7.3,91.0,112256.0,0,0,0,1,0,0,0,1,0,1,0,0,0,0,0,0,0,0,0,0,0,0,0
224,The Shrink Next Door,(2021),16,341.0,7.1,NaN,12795.0,0,0,0,1,1,0,0,1,0,0,0,0,0,0,0,0,1,0,0,0,0,0,0
225,The Staircase,(2022),18,519.0,7.1,NaN,25461.0,0,0,1,1,0,1,0,1,0,0,0,0,0,0,0,0,0,0,0,0,0,0,0
226,The Swimmers,(2022),PG-13,134.0,7.6,61.0,144.0,0,0,0,1,0,0,0,1,0,0,0,0,0,0,0,0,1,0,0,1,0,0,0
227,This England,(2022),,52.0,6.6,NaN,1053.0,0,0,0,1,0,0,0,1,0,1,1,0,0,0,0,0,0,0,0,0,0,0,0
228,Tiempo de victoria: La dinastía de Los Lakers,(2022– ),16,59.0,8.3,NaN,19768.0,0,0,0,1,0,0,0,1,0,0,0,0,0,0,0,1,0,0,0,1,0,0,0
229,Till - El crimen que lo cambió todo,(2022),PG-13,130.0,7.6,79.0,1829.0,0,0,1,1,0,0,0,1,0,0,1,0,0,0,0,0,0,0,0,0,0,0,0
230,Titanes: Hicieron historia,(2000),7,113.0,7.8,48.0,216496.0,0,0,0,1,0,0,0,1,0,0,0,0,1,0,0,0,0,0,0,1,0,0,0
231,Tombstone: La leyenda de Wyatt Earp,(1993),18,130.0,7.8,50.0,149942.0,0,0,1,1,0,0,0,1,0,0,1,0,0,0,0,0,0,0,0,0,0,0,0
232,Toro salvaje,(1980),13,129.0,8.2,89.0,354092.0,0,0,0,1,0,0,0,1,0,0,0,0,0,0,0,1,0,0,0,1,0,0,0
233,Trautmann,(2018),,120.0,7.2,52.0,5388.0,0,0,0,1,0,0,0,1,0,0,0,0,1,0,0,0,0,1,0,0,0,0,0
234,Trece vidas,(2022),18,147.0,7.8,66.0,49375.0,1,1,1,1,0,0,0,0,0,0,0,0,0,0,0,0,0,0,0,0,0,0,0
235,Un amigo extraordinario,(2019),7,109.0,7.2,80.0,80448.0,0,0,0,1,0,0,0,1,0,0,0,0,0,0,0,0,1,0,0,0,0,0,0
236,Una mente maravillosa,(2001),A,135.0,8.2,72.0,929994.0,0,0,0,1,0,0,0,1,0,0,0,0,1,0,0,0,0,0,0,0,0,0,0
237,Uno de los nuestros,(1990),18,145.0,8.7,90.0,1153487.0,0,0,1,1,0,1,0,1,0,0,0,0,0,0,0,0,0,0,0,0,0,0,0
238,Versailles,(2015–2018),16,52.0,7.9,NaN,16958.0,0,0,0,1,0,0,0,1,0,0,1,0,0,0,0,1,0,0,0,0,0,0,0
239,Victoria,(2016–2019),TP,60.0,8.2,NaN,27752.0,0,0,0,1,0,0,0,1,0,0,1,0,0,0,0,1,0,0,0,0,0,0,0
240,WeCrashed,(2022),16,427.0,7.3,NaN,14907.0,0,0,0,1,0,0,0,1,0,0,0,0,0,0,0,1,0,0,0,0,0,0,0
241,Weird: The Al Yankovic Story,(2010 Video),,3.0,8.4,NaN,532.0,0,0,0,1,1,0,0,0,0,0,0,0,1,0,0,0,0,0,1,0,0,0,0
242,Weird: The Al Yankovic Story,(2022),14,108.0,7.1,70.0,14159.0,0,0,1,1,1,0,0,0,0,0,0,0,0,1,0,0,0,0,0,0,0,0,0
243,Wolf Hall,(2015),12,360.0,8.1,NaN,11669.0,0,0,0,1,0,0,0,1,0,0,1,0,0,0,0,0,1,0,0,0,0,0,0
244,Wu-Tang: An American Saga,(2019– ),,49.0,8.3,NaN,8280.0,0,0,0,1,0,0,0,1,0,1,0,0,0,0,0,0,0,0,0,0,0,0,0
245,Wyatt Earp,(1994),18,191.0,6.7,47.0,51676.0,1,1,0,1,0,0,0,0,0,0,0,0,0,0,0,0,1,0,0,0,0,0,0
246,"Yo, Tonya",(2017),16,119.0,7.5,77.0,216371.0,0,0,0,1,1,0,0,1,0,0,0,0,0,0,0,1,0,0,0,0,0,0,0
247,"Z, la ciudad perdida",(2016),12,141.0,6.6,78.0,92094.0,0,1,0,1,0,0,0,1,0,0,0,0,0,0,0,1,0,0,0,0,0,0,0
248,"tick, tick... Boom!",(2021),A,120.0,7.5,74.0,105348.0,0,0,0,1,0,0,0,1,0,0,0,0,0,0,1,1,0,0,0,0,0,0,0
249,¡Viven!,(1993),13,120.0,7.1,56.0,56808.0,0,0,0,1,0,0,0,1,0,0,0,0,0,0,0,1,0,0,0,0,1,0,0
