,MOVIE,YEAR,RATING,RUNTIME (min),IMDB,METASCORE,VOTES,ACTION,ADVENTURE,ANIMATION,BIOGRAPHY,C,COMEDY,CRIME,D,DRAMA,E,FAMILY,FANTASY,HISTORY,HORROR,M,MUSIC,MUSICAL,MYSTERY,O,ROMANCE,SCI-FI,SHORT,SPORT,THRILLER,WAR
0,10 razones para odiarte,(1999),13,97.0,7.3,70.0,343072.0,0,0,0,0,0,1,0,0,1,0,0,0,0,0,1,0,0,0,0,1,0,0,0,0,0
1,A Christmas Story Christmas,(2022),PG,98.0,8.0,62.0,8.0,0,0,0,0,1,1,0,0,0,0,1,0,0,0,0,0,0,0,0,0,0,0,0,0,0
2,A Magical Christmas Village,(2022 TV Movie),,84.0,6.2,NaN,441.0,0,0,0,0,0,1,0,0,0,1,0,0,0,0,0,0,0,0,0,1,0,0,0,0,0
3,A dos metros bajo tierra,(2001–2005),18,60.0,8.7,NaN,135367.0,0,0,0,0,0,1,0,1,1,0,0,0,0,0,0,0,0,0,0,0,0,0,0,0,0
4,Acapulco,(2021– ),12,NaN,7.5,NaN,4072.0,0,0,0,0,0,1,0,1,0,0,0,0,0,0,0,0,0,0,0,0,0,0,0,0,0
5,After Life,(2019–2022),16,30.0,8.4,NaN,135432.0,0,0,0,0,0,1,0,1,1,0,0,0,0,0,0,0,0,0,0,0,0,0,0,0,0
6,Almas en pena de Inisherin,(2022),R,114.0,8.2,87.0,12933.0,0,0,0,0,1,1,0,0,1,0,0,0,0,0,0,0,0,0,0,0,0,0,0,0,0
7,American Pie,(1999),18,95.0,7.0,58.0,407836.0,0,0,0,0,0,1,0,0,0,0,0,0,0,0,1,0,0,0,0,0,0,0,0,0,0
8,Ant-Man y la Avispa: Quantumanía,(2023),,NaN,NaN,NaN,NaN,1,1,0,0,0,1,0,0,0,0,0,0,0,0,0,0,0,0,1,0,0,0,0,0,0
9,Aqua Teen Forever: Plantasm,(2022),R,79.0,6.4,NaN,292.0,0,0,1,0,0,1,0,1,0,0,0,0,0,0,0,0,0,0,0,0,0,0,0,0,0
10,Aquellos maravillosos 70,(1998–2006),13,22.0,8.1,NaN,171588.0,0,0,0,0,0,1,0,0,1,0,0,0,0,0,1,0,0,0,0,1,0,0,0,0,0
11,Archer,(2009– ),18,22.0,8.6,NaN,155071.0,1,0,1,0,0,1,0,0,0,1,0,0,0,0,0,0,0,0,0,0,0,0,0,0,0
12,Arrested Development,(2003–2019),13,22.0,8.7,NaN,304634.0,0,0,0,0,0,1,0,0,0,0,0,0,0,0,1,0,0,0,0,0,0,0,0,0,0
13,Atlanta,(2016–2022),18,30.0,8.6,NaN,73440.0,0,0,0,0,1,1,0,0,1,0,0,0,0,0,0,1,0,0,0,0,0,0,0,0,0
14,Avenue 5,(2020– ),12,NaN,6.6,NaN,18236.0,0,0,0,0,0,1,0,0,0,0,0,0,0,0,0,0,0,0,1,0,1,0,0,0,0
15,Babylon,(I) (2022),,188.0,NaN,NaN,NaN,0,0,0,0,1,1,0,0,1,0,0,0,1,0,0,0,0,0,0,0,0,0,0,0,0
16,Barbie,(2023),,NaN,NaN,NaN,NaN,0,1,0,0,0,1,0,0,0,0,0,1,0,0,1,0,0,0,0,0,0,0,0,0,0
17,"Bardo, falsa crónica de unas cuantas verdades",(2022),12,159.0,7.5,51.0,1627.0,0,0,0,0,0,1,0,0,1,0,0,0,0,0,1,0,0,0,0,0,0,0,0,0,0
18,Barry,(2018– ),16,30.0,8.4,NaN,82213.0,1,0,0,0,0,1,1,0,0,0,0,0,0,0,1,0,0,0,0,0,0,0,0,0,0
19,Beetlejuice 2,,,NaN,NaN,NaN,NaN,0,0,0,0,0,1,0,0,0,0,0,1,0,1,0,0,0,0,1,0,0,0,0,0,0
20,Big Bang,(2007–2019),7,22.0,8.2,NaN,804909.0,0,0,0,0,1,1,0,0,0,0,0,0,0,0,0,0,0,0,0,1,0,0,0,0,0
21,Big Mouth,(2017– ),16,30.0,7.9,NaN,79429.0,0,0,1,0,1,1,0,0,0,0,0,0,0,0,0,0,0,0,0,1,0,0,0,0,0
22,Bitelchús,(1988),A,92.0,7.5,70.0,306592.0,0,0,0,0,0,1,0,0,0,0,0,1,0,0,1,0,0,0,0,0,0,0,0,0,0
23,Blockbuster,(2022– ),12,30.0,5.1,NaN,4338.0,0,0,0,0,1,1,0,0,0,0,0,0,0,0,0,0,0,0,0,0,0,0,0,0,0
24,BoJack Horseman,(2014–2020),16,25.0,8.8,NaN,156171.0,0,0,1,0,0,1,0,0,1,0,0,0,0,0,1,0,0,0,0,0,0,0,0,0,0
25,Bob's Burgers,(2011– ),A,22.0,8.2,NaN,81379.0,0,0,1,0,0,1,0,0,0,0,0,0,0,0,1,0,0,0,0,0,0,0,0,0,0
26,Bodies Bodies Bodies,(2022),R,94.0,6.3,69.0,28340.0,0,0,0,0,0,1,0,0,0,0,0,0,0,1,0,0,0,0,1,0,0,0,0,1,0
27,Bones,(2005–2017),12,40.0,7.8,NaN,159784.0,0,0,0,0,1,1,1,0,1,0,0,0,0,0,0,0,0,0,0,0,0,0,0,0,0
28,Brooklyn Nine-Nine,(2013–2021),13,22.0,8.4,NaN,314376.0,0,0,0,0,0,1,1,0,0,0,0,0,0,0,0,0,0,0,1,0,0,0,0,0,0
29,Bros - Más que amigos,(I) (2022),12,115.0,6.4,72.0,19488.0,0,0,0,0,0,1,0,0,0,0,0,0,0,0,0,0,0,0,1,1,0,0,0,0,0
30,Bruja Escarlata y Visión,(2021),9+,350.0,7.9,NaN,321272.0,1,0,0,0,0,1,0,1,1,0,0,0,0,0,0,0,0,0,0,0,0,0,0,0,0
31,"Buena suerte, Leo Grande",(2022),16,97.0,7.2,78.0,18514.0,0,0,0,0,0,1,0,0,1,1,0,0,0,0,0,0,0,0,0,0,0,0,0,0,0
32,Bullet Train,(2022),16,127.0,7.3,49.0,176503.0,1,0,0,0,1,1,0,0,0,0,0,0,0,0,0,0,0,0,0,0,0,0,0,1,0
33,CODA. Los sonidos del silencio,(2021),12,111.0,8.0,72.0,130468.0,0,0,0,0,0,1,0,1,1,0,0,0,0,0,0,1,0,0,0,0,0,0,0,0,0
34,Casi famosos,(2000),7,122.0,7.9,90.0,276967.0,0,1,0,0,0,1,0,0,1,0,0,0,0,0,1,0,0,0,0,0,0,0,0,0,0
35,Castle,(2009–2016),7,43.0,8.1,NaN,162722.0,0,0,0,0,0,1,1,0,1,0,0,0,0,0,0,0,0,0,1,0,0,0,0,0,0
36,Cazafantasmas: Más allá,(2021),12,124.0,7.1,45.0,180506.0,0,1,0,0,0,1,0,0,0,0,0,1,0,0,1,0,0,0,0,0,0,0,0,0,0
37,Chainsaw Man,(2022– ),,NaN,8.8,NaN,10974.0,1,1,1,0,1,0,0,0,0,0,0,0,0,0,0,0,0,0,0,0,0,0,0,0,0
38,Cheers,(1982–1993),7,22.0,7.9,NaN,55311.0,0,0,0,0,0,1,0,0,1,1,0,0,0,0,0,0,0,0,0,0,0,0,0,0,0
39,Chicas malas,(2004),13,97.0,7.1,66.0,384909.0,0,0,0,0,0,1,0,0,0,1,0,0,0,0,0,0,0,0,0,0,0,0,0,0,0
40,Chuck,(2007–2012),13,43.0,8.2,NaN,138621.0,1,0,0,0,0,1,0,0,1,0,0,0,0,0,1,0,0,0,0,0,0,0,0,0,0
41,Clerks III,(2022),R,100.0,6.4,50.0,7965.0,0,0,0,0,0,1,0,1,0,0,0,0,0,0,0,0,0,0,0,0,0,0,0,0,0
42,Clueless (Fuera de onda),(1995),A,97.0,6.9,68.0,219436.0,0,0,0,0,0,1,0,1,0,0,0,0,0,0,0,0,0,0,0,1,0,0,0,0,0
43,Cobra Kai,(2018– ),13,30.0,8.5,NaN,184581.0,1,0,0,0,1,1,0,0,1,0,0,0,0,0,0,0,0,0,0,0,0,0,0,0,0
44,Coco,(I) (2017),A,105.0,8.4,81.0,503416.0,0,1,1,0,0,1,0,0,0,1,0,0,0,0,0,0,0,0,0,0,0,0,0,0,0
45,Colegio Abbott,(2021– ),12,22.0,8.2,NaN,15861.0,0,0,0,0,0,1,0,0,0,0,0,0,0,0,0,0,0,0,1,0,0,1,0,0,0
46,Colgados en Filadelfia,(2005– ),12,22.0,8.8,NaN,225167.0,0,0,0,0,1,1,0,0,0,0,0,0,0,0,0,0,0,0,0,0,0,0,0,0,0
47,Community,(2009–2015),13,22.0,8.5,NaN,264472.0,0,0,0,0,0,1,0,0,0,0,0,0,0,0,0,0,0,0,1,0,0,0,0,0,0
48,"Confess, Fletch",(2022),R,98.0,6.5,66.0,6641.0,0,0,0,0,0,1,1,0,0,0,0,0,0,0,0,0,0,0,1,0,0,0,0,0,0
49,"Crazy, Stupid, Love.",(2011),7,118.0,7.4,68.0,521055.0,0,0,0,0,0,1,0,1,1,0,0,0,0,0,0,0,0,0,0,1,0,0,0,0,0
50,Crimen en el paraíso,(2011– ),TP,60.0,7.8,NaN,21338.0,0,0,0,0,0,1,1,0,1,0,0,0,0,0,1,0,0,0,0,0,0,0,0,0,0
51,Cómo conocí a vuestra madre,(2005–2014),13,22.0,8.3,NaN,681323.0,0,0,0,0,0,1,0,0,0,0,0,0,0,0,0,0,0,0,1,1,0,0,0,0,0
52,DC Liga de Supermascotas,(2022),TP,105.0,7.3,56.0,60634.0,1,1,1,0,0,0,0,0,0,0,0,0,0,0,0,0,0,0,1,0,0,0,0,0,0
53,Dando la nota,(2012),12,112.0,7.1,66.0,307007.0,0,0,0,0,0,1,0,1,0,0,0,0,0,0,0,1,0,0,0,1,0,0,0,0,0
54,Dead to Me,(2019–2022),13,30.0,8.0,NaN,78448.0,0,0,0,0,0,1,1,0,1,0,0,0,0,0,0,0,0,0,1,0,0,0,0,0,0
55,Deadpool,(2016),18,108.0,8.0,65.0,1032024.0,1,1,0,0,0,1,0,0,0,1,0,0,0,0,0,0,0,0,0,0,0,0,0,0,0
56,Deadpool 2,(2018),18,119.0,7.7,66.0,579453.0,1,1,0,0,0,1,0,1,0,0,0,0,0,0,0,0,0,0,0,0,0,0,0,0,0
57,Deadpool 3,(2024),,NaN,NaN,NaN,NaN,1,0,0,0,0,1,0,1,0,0,0,0,0,0,0,0,0,0,0,0,1,0,0,0,0
58,Derry Girls,(2018–2022),13,30.0,8.5,NaN,41778.0,0,0,0,0,0,1,0,0,0,0,0,0,0,0,0,0,0,0,1,0,0,0,0,0,0
59,Desencantada: Vuelve Giselle,(2022),PG,NaN,NaN,NaN,NaN,0,1,1,0,1,1,0,0,0,0,0,0,0,0,0,0,0,0,0,0,0,0,0,0,0
60,Doc Martin,(2004–2022),,46.0,8.4,NaN,16727.0,0,0,0,0,0,1,0,0,1,0,0,0,0,0,1,0,0,0,0,1,0,0,0,0,0
61,Dog. Un viaje salvaje,(I) (2022),12,101.0,6.5,61.0,33855.0,0,0,0,0,0,1,0,1,1,0,0,0,0,0,0,0,0,0,0,0,0,0,0,0,0
62,Doom Patrol,(2019– ),16,60.0,7.8,NaN,51982.0,1,1,0,0,0,1,0,1,0,0,0,0,0,0,0,0,0,0,0,0,0,0,0,0,0
63,Dos chicas sin blanca,(2011–2017),12,22.0,6.6,NaN,98396.0,0,0,0,0,0,1,0,1,0,0,0,0,0,0,0,0,0,0,0,0,0,0,0,0,0
64,Dos hombres y medio,(2003–2015),12,22.0,7.1,NaN,263668.0,0,0,0,0,0,1,0,0,0,0,0,0,0,0,0,0,0,0,1,1,0,0,0,0,0
65,El Espíritu de Bridge Hollow,(2022),12,89.0,5.6,38.0,8206.0,0,1,0,0,0,1,0,1,0,0,1,0,0,0,0,0,0,0,0,0,0,0,0,0,0
66,El Grinch,(2000),A,104.0,6.2,46.0,246606.0,0,0,0,0,0,1,0,0,0,1,1,1,0,0,0,0,0,0,0,0,0,0,0,0,0
67,El Pacificador,(2022– ),16,40.0,8.3,NaN,109305.0,1,1,0,0,0,1,0,0,0,1,0,0,0,0,0,0,0,0,0,0,0,0,0,0,0
68,El escuadrón suicida,(2021),16,132.0,7.2,72.0,348009.0,1,1,0,0,0,1,0,0,0,1,0,0,0,0,0,0,0,0,0,0,0,0,0,0,0
69,El espíritu de la Navidad,(2022),PG-13,127.0,6.1,56.0,240.0,0,0,0,0,1,1,0,0,0,0,1,0,0,0,0,0,1,0,0,0,0,0,0,0,0
70,El gran hotel Budapest,(2014),12,99.0,8.1,88.0,804874.0,0,1,0,0,0,1,1,0,0,1,0,0,0,0,0,0,0,0,0,0,0,0,0,0,0
71,El insoportable peso de un talento descomunal,(2022),12,107.0,7.0,68.0,81749.0,1,0,0,0,0,1,1,0,0,0,0,0,0,0,0,0,0,0,1,0,0,0,0,0,0
72,El joven Sheldon,(2017– ),TP,30.0,7.6,NaN,61648.0,0,0,0,0,1,1,0,0,0,0,0,0,0,0,0,0,0,0,0,0,0,0,0,0,0
73,El juego de la sospecha (Cluedo),(1985),13,94.0,7.2,39.0,97742.0,0,0,0,0,0,1,1,1,0,0,0,0,0,0,0,0,0,1,0,0,0,0,0,0,0
74,El lobo de Wall Street,(2013),16,180.0,8.2,75.0,1395968.0,0,0,0,1,0,1,1,0,0,0,0,0,0,0,0,0,0,0,1,0,0,0,0,0,0
75,El menú,(2022),7,106.0,7.5,70.0,1299.0,0,0,0,0,1,1,0,0,0,0,0,0,0,1,0,0,0,0,0,0,0,0,0,1,0
76,El país de los sueños,(2022),PG,117.0,7.4,40.0,47.0,0,1,0,0,0,1,0,0,0,0,1,0,0,0,1,0,0,0,0,0,0,0,0,0,0
77,El peor vecino del mundo,(2022),,NaN,NaN,NaN,NaN,0,0,0,0,0,1,0,1,1,0,0,0,0,0,0,0,0,0,0,0,0,0,0,0,0
78,El retorno de las brujas,(1993),7,96.0,6.9,43.0,142826.0,0,0,0,0,0,1,0,0,0,0,1,1,0,0,0,0,0,0,1,0,0,0,0,0,0
79,El retorno de las brujas 2,(2022),12,103.0,6.0,56.0,42118.0,0,0,0,0,0,1,0,0,0,0,1,1,0,0,0,0,0,0,1,0,0,0,0,0,0
80,El show de Truman,(1998),A,103.0,8.2,90.0,1073717.0,0,0,0,0,0,1,0,1,1,0,0,0,0,0,0,0,0,0,0,0,0,0,0,0,0
81,El triángulo de la tristeza,(2022),R,147.0,7.9,63.0,17012.0,0,0,0,0,1,1,0,0,1,0,0,0,0,0,0,0,0,0,0,0,0,0,0,0,0
82,El viaje a París de la señora Harris,(2022),PG,115.0,7.1,70.0,8974.0,0,0,0,0,0,1,0,0,1,0,0,0,0,0,0,0,0,0,1,0,0,0,0,0,0
83,Elf,(2003),A,97.0,7.0,64.0,267060.0,0,1,0,0,0,1,0,0,0,0,1,0,0,0,1,0,0,0,0,0,0,0,0,0,0
84,Encantada: La historia de Giselle,(2007),7,107.0,7.1,75.0,200403.0,0,1,1,0,0,1,0,0,0,0,0,0,0,0,1,0,0,0,0,0,0,0,0,0,0
85,Encanto,(2021),A/i/fig,102.0,7.2,75.0,218363.0,0,0,1,0,0,1,0,0,0,1,1,0,0,0,0,0,0,0,0,0,0,0,0,0,0
86,Entourage (El séquito),(2004–2011),18,28.0,8.5,NaN,169461.0,0,0,0,0,0,1,0,1,1,0,0,0,0,0,0,0,0,0,0,0,0,0,0,0,0
87,Escondidos en Brujas,(2008),18,107.0,7.9,67.0,426427.0,0,0,0,0,0,1,1,0,1,0,0,0,0,0,1,0,0,0,0,0,0,0,0,0,0
88,Escuela de jóvenes asesinos,(1988),18,103.0,7.2,72.0,105371.0,0,0,0,0,0,1,1,1,0,0,0,0,0,0,0,0,0,0,0,0,0,0,0,0,0
89,Fantasmas,(2019– ),TP,30.0,8.3,NaN,16908.0,0,0,0,0,0,1,0,0,0,0,0,1,0,0,1,0,0,0,0,0,0,0,0,0,0
90,Flames,(2018– ),,20.0,8.9,NaN,30162.0,0,0,0,0,0,1,0,0,1,0,0,0,0,0,0,0,0,0,1,1,0,0,0,0,0
91,Fleabag,(2016–2019),18,27.0,8.7,NaN,155962.0,0,0,0,0,0,1,0,0,1,0,0,0,0,0,1,0,0,0,0,0,0,0,0,0,0
92,Frasier,(1993–2004),7,22.0,8.2,NaN,84613.0,0,0,0,0,0,1,0,0,0,0,0,0,0,0,1,0,0,0,0,0,0,0,0,0,0
93,Free Guy,(2021),12,115.0,7.1,62.0,366391.0,1,1,0,0,0,1,0,0,0,1,0,0,0,0,0,0,0,0,0,0,0,0,0,0,0
94,Friends,(1994–2004),7,22.0,8.9,NaN,988908.0,0,0,0,0,1,1,0,0,0,0,0,0,0,0,0,0,0,0,0,1,0,0,0,0,0
95,Futurama,(1999–2023),16,22.0,8.5,NaN,237902.0,0,1,1,0,0,1,0,1,0,0,0,0,0,0,0,0,0,0,0,0,0,0,0,0,0
96,Ghosts,(2021– ),14,NaN,7.8,NaN,16256.0,0,0,0,0,1,1,0,0,0,0,0,1,0,0,0,0,0,0,0,0,0,0,0,0,0
97,Ghosts of Christmas Always,(2022 TV Movie),,90.0,8.0,NaN,473.0,0,0,0,0,0,1,0,1,1,0,1,0,0,0,0,0,0,0,0,0,0,0,0,0,0
98,Glee,(2009–2015),A,44.0,6.8,NaN,148696.0,0,0,0,0,0,1,0,0,1,0,0,0,0,0,1,1,0,0,0,0,0,0,0,0,0
99,Guardianes de la Galaxia,(2014),12,121.0,8.0,76.0,1172471.0,1,1,0,0,0,1,0,0,0,1,0,0,0,0,0,0,0,0,0,0,0,0,0,0,0
100,Guardianes de la Galaxia Vol. 3,(2023),,NaN,NaN,NaN,NaN,1,1,0,0,0,1,0,1,0,0,0,0,0,0,0,0,0,0,0,0,0,0,0,0,0
101,Hermanas hasta la muerte,(2022– ),16,53.0,8.3,NaN,12899.0,0,0,0,0,1,1,0,0,1,0,0,0,0,0,0,0,0,0,0,0,0,0,0,1,0
102,Historias de Navidad,(1983),A,93.0,7.9,77.0,148893.0,0,0,0,0,1,1,0,0,0,0,1,0,0,0,0,0,0,0,0,0,0,0,0,0,0
103,Hunter x Hunter,(2011–2014),,24.0,9.0,NaN,99264.0,1,1,1,0,0,0,0,1,0,0,0,0,0,0,0,0,0,0,0,0,0,0,0,0,0
104,Kick-Ass: Listo para machacar,(2010),16,117.0,7.6,66.0,563316.0,1,0,0,0,0,1,1,1,0,0,0,0,0,0,0,0,0,0,0,0,0,0,0,0,0
105,La Crónica Francesa,(2021),12,107.0,7.1,74.0,120423.0,0,0,0,0,0,1,0,0,1,1,0,0,0,0,0,0,0,0,0,1,0,0,0,0,0
106,La Escuela del Bien y del Mal,(2022),12,147.0,5.8,30.0,21479.0,1,0,0,0,1,1,0,0,1,0,0,0,0,0,0,0,0,0,0,0,0,0,0,0,0
107,La ciudad perdida,(2022),12,112.0,6.1,60.0,114719.0,1,1,0,0,0,1,0,0,0,0,0,0,0,0,0,0,0,0,1,0,0,0,0,0,0
108,La familia Addams,(1991),T,99.0,6.9,57.0,158101.0,0,0,0,0,0,1,0,0,0,0,0,1,0,0,1,0,0,0,0,0,0,0,0,0,0
109,La familia Addams: La tradición continúa,(1993),13,94.0,6.8,61.0,95395.0,0,0,0,0,0,1,0,0,0,1,0,1,0,0,0,0,0,0,0,0,0,0,0,0,0
110,La favorita,(2018),12,119.0,7.5,91.0,200760.0,0,0,0,1,0,1,0,1,1,0,0,0,0,0,0,0,0,0,0,0,0,0,0,0,0
111,La gran apuesta,(2015),12,130.0,7.8,81.0,430586.0,0,0,0,1,0,1,0,1,1,0,0,0,0,0,0,0,0,0,0,0,0,0,0,0,0
112,La maravillosa Sra. Maisel,(2017– ),18,57.0,8.7,NaN,114162.0,0,0,0,0,0,1,0,0,1,0,0,0,0,0,1,0,0,0,0,0,0,0,0,0,0
113,La misteriosa sociedad Benedict,(2021– ),9+,NaN,7.6,NaN,4300.0,1,1,0,0,0,1,0,0,0,1,0,0,0,0,0,0,0,0,0,0,0,0,0,0,0
114,La peli del fútbol,(2022),7,73.0,3.1,NaN,402.0,0,0,1,0,0,1,0,0,0,1,1,0,0,0,0,0,0,0,0,0,0,0,0,0,0
115,La vida sexual de las universitarias,(2021– ),16,39.0,7.8,NaN,16670.0,0,0,0,0,0,1,0,0,0,0,0,0,0,0,0,0,0,0,1,0,0,0,0,0,0
116,Larry David,(2000– ),18,28.0,8.8,NaN,128752.0,0,0,0,0,0,1,0,0,0,0,0,0,0,0,1,0,0,0,0,0,0,0,0,0,0
117,Las chicas Gilmore,(2000–2007),7,44.0,8.2,NaN,126992.0,0,0,0,0,1,1,0,0,1,0,0,0,0,0,0,0,0,0,0,0,0,0,0,0,0
118,Licorice Pizza,(2021),12,133.0,7.2,90.0,112075.0,0,0,0,0,0,1,0,0,1,0,0,0,0,0,1,0,0,0,0,1,0,0,0,0,0
119,"Lights, Camera, Christmas!",(2022 TV Movie),,84.0,6.8,NaN,483.0,0,0,0,0,0,1,0,0,0,0,0,0,0,0,0,0,0,0,1,1,0,0,0,0,0
120,"Lilo, mi amigo el cocodrilo",(2022),A,106.0,6.3,51.0,2595.0,0,1,1,0,0,1,0,0,0,0,0,0,0,0,0,0,0,0,1,0,0,0,0,0,0
121,Lo que hacemos en las sombras,(2019– ),16,30.0,8.6,NaN,77503.0,0,0,0,0,0,1,0,0,0,0,0,1,0,1,0,0,0,0,1,0,0,0,0,0,0
122,Lopez vs. Lopez,(2022– ),,22.0,5.2,NaN,300.0,0,0,0,0,0,1,0,0,1,0,0,0,0,0,1,0,0,0,0,0,0,1,0,0,0
123,Los Cazafantasmas,(1984),A,105.0,7.8,71.0,415739.0,1,0,0,0,0,1,0,1,0,0,0,1,0,0,0,0,0,0,0,0,0,0,0,0,0
124,Los Goldberg,(2013– ),7,22.0,8.1,NaN,37604.0,0,0,0,0,0,1,0,0,0,1,0,0,0,0,0,0,0,0,0,0,0,0,0,0,0
125,Los Goonies,(1985),A,114.0,7.7,62.0,274432.0,0,1,0,0,0,1,0,0,0,0,1,0,0,0,1,0,0,0,0,0,0,0,0,0,0
126,Los Simpson,(1989– ),7,22.0,8.7,NaN,406406.0,0,0,1,0,1,1,0,0,0,0,0,0,0,0,0,0,0,0,0,0,0,0,0,0,0
127,Los tipos malos,(2022),A/i,100.0,6.8,64.0,37549.0,0,1,1,0,1,1,0,0,0,0,0,0,0,0,0,0,0,0,0,0,0,0,0,0,0
128,Love Actually,(2003),A,135.0,7.6,55.0,480260.0,0,0,0,0,0,1,0,0,1,0,0,0,0,0,1,0,0,0,0,1,0,0,0,0,0
129,Love Today,(2022),,154.0,9.0,NaN,4179.0,0,0,0,0,0,1,0,1,1,0,0,0,0,0,0,0,0,0,0,1,0,0,0,0,0
130,"Love, Death & Robots",(2019– ),18,15.0,8.4,NaN,168177.0,1,0,1,0,0,0,0,0,0,0,0,0,0,0,1,0,0,0,0,0,0,1,0,0,0
131,M*A*S*H,(1972–1983),13,25.0,8.4,NaN,57767.0,0,0,0,0,0,1,0,0,1,0,0,0,0,0,0,0,0,0,1,0,0,0,0,0,1
132,Malcolm,(2000–2006),TP,22.0,8.1,NaN,132030.0,0,0,0,0,0,1,0,0,0,1,1,0,0,0,0,0,0,0,0,0,0,0,0,0,0
133,Mamíferos,(2022– ),13,30.0,5.1,NaN,1193.0,0,0,0,0,0,1,0,0,1,0,0,0,0,0,0,0,0,0,1,0,0,0,0,0,0
134,Maple Valley Christmas,(2022 TV Movie),,85.0,6.3,NaN,360.0,0,0,0,0,0,1,0,0,1,1,0,0,0,0,0,0,0,0,0,1,0,0,0,0,0
135,Matilda,(1996),7,98.0,6.9,72.0,153161.0,0,0,0,0,0,1,0,1,0,0,1,1,0,0,0,0,0,0,0,0,0,0,0,0,0
136,"Matilda de Roald Dahl, el musical",(2022),PG,117.0,6.0,67.0,237.0,0,0,0,0,0,1,0,0,1,1,1,0,0,0,0,0,0,0,0,0,0,0,0,0,0
137,Minions: El origen de Gru,(2022),7/i,87.0,6.6,56.0,60990.0,0,1,1,0,0,1,0,0,0,1,0,0,0,0,0,0,0,0,0,0,0,0,0,0,0
138,Mira cómo corren,(2022),12,98.0,6.5,60.0,25286.0,0,0,0,0,1,1,0,0,0,0,0,0,0,0,0,0,0,1,0,0,0,0,0,0,0
139,Mismatched,(2020– ),12,30.0,5.7,NaN,5135.0,0,0,0,0,0,1,0,0,1,1,0,0,0,0,0,0,0,0,0,1,0,0,0,0,0
140,Miércoles,(2022– ),,NaN,8.6,NaN,227.0,0,0,0,0,1,1,1,0,0,0,1,0,0,0,0,0,0,0,0,0,0,0,0,0,0
141,Mob Psycho 100,(2016– ),Not Rated,24.0,8.6,NaN,31843.0,1,0,1,0,0,1,0,0,0,1,0,0,0,0,0,0,0,0,0,0,0,0,0,0,0
142,Modern Family,(2009–2020),13,22.0,8.5,NaN,428954.0,0,0,0,0,1,1,0,0,1,0,0,0,0,0,0,0,0,0,0,1,0,0,0,0,0
143,Mom,(2013–2021),12,30.0,7.3,NaN,35574.0,0,0,0,0,0,1,0,0,1,1,0,0,0,0,0,0,0,0,0,1,0,0,0,0,0
144,Monica O My Darling,(2022),,129.0,7.7,NaN,5941.0,0,0,0,0,0,1,1,0,1,0,0,0,0,0,0,0,0,0,1,0,0,0,0,0,0
145,Monk,(2002–2009),13,44.0,8.0,NaN,75874.0,0,0,0,0,0,1,1,1,1,0,0,0,0,0,0,0,0,0,0,0,0,0,0,0,0
146,Movida del 76,(1993),18,103.0,7.6,78.0,184916.0,0,0,0,0,0,1,0,1,0,0,0,0,0,0,0,0,0,0,0,0,0,0,0,0,0
147,Mujeres desesperadas,(2004–2012),12,45.0,7.6,NaN,129291.0,0,0,0,0,0,1,0,0,1,1,0,0,0,0,0,0,0,1,0,0,0,0,0,0,0
148,Mundo extraño,(2022),PG,102.0,NaN,NaN,NaN,1,1,1,0,0,0,0,0,0,0,0,0,0,0,0,0,0,0,1,0,0,0,0,0,0
149,My Life Is Murder,(2019– ),,60.0,7.5,NaN,3789.0,0,0,0,0,0,1,1,1,1,0,0,0,0,0,0,0,0,0,0,0,0,0,0,0,0
150,Mythic Quest: banquete de cuervos,(2020– ),16,30.0,7.8,NaN,24074.0,0,0,0,0,0,1,0,0,0,0,0,0,0,0,0,0,0,0,1,0,0,0,0,0,0
151,Más allá del universo,(2022),16,126.0,6.5,NaN,1169.0,0,0,0,0,0,1,0,1,1,0,0,0,0,0,0,0,0,0,0,1,0,0,0,0,0
152,Navidad de golpe,(2022),7,93.0,5.3,39.0,6959.0,0,0,0,0,1,1,0,0,0,0,0,0,0,0,0,0,0,0,0,1,0,0,0,0,0
153,New Girl,(2011–2018),13,22.0,7.8,NaN,224174.0,0,0,0,0,0,1,0,0,0,0,0,0,0,0,0,0,0,0,1,1,0,0,0,0,0
154,Next Exit,(2022),,106.0,5.7,59.0,468.0,0,0,0,0,0,1,0,0,0,1,0,0,0,0,0,0,0,1,0,1,0,0,0,0,0
155,No mires arriba,(2021),16,138.0,7.2,49.0,532078.0,0,0,0,0,0,1,0,0,1,0,0,0,0,0,1,0,0,0,0,0,1,0,0,0,0
156,Noche de paz,(2022),R,101.0,NaN,NaN,NaN,1,0,0,0,0,1,1,0,0,0,0,0,0,0,0,0,0,0,1,0,0,0,0,0,0
157,Notting Hill,(1999),T,124.0,7.2,68.0,312360.0,0,0,0,0,0,1,0,0,1,0,0,0,0,0,1,0,0,0,0,1,0,0,0,0,0
158,One Piece,(1999– ),13,24.0,8.9,NaN,125021.0,1,1,1,0,0,0,0,0,0,0,0,0,0,0,0,0,0,0,1,0,0,0,0,0,0
159,Orange Is the New Black,(2013–2019),16,59.0,8.1,NaN,302205.0,0,0,0,0,0,1,1,0,1,0,0,0,0,0,1,0,0,0,0,0,0,0,0,0,0
160,Padre Made in USA,(2005– ),16,22.0,7.4,NaN,128245.0,0,0,1,0,0,1,0,1,0,0,0,0,0,0,0,0,0,0,0,0,0,0,0,0,0
161,Padre de familia,(1999– ),18,22.0,8.2,NaN,338569.0,0,0,1,0,1,1,0,0,0,0,0,0,0,0,0,0,0,0,0,0,0,0,0,0,0
162,Parks and Recreation,(2009–2015),16,22.0,8.6,NaN,258285.0,0,0,0,0,0,1,0,0,0,0,0,0,0,0,0,0,0,0,1,0,0,0,0,0,0
163,Phone Bhoot,(2022),,136.0,7.2,NaN,7086.0,0,0,0,0,0,1,0,0,0,0,0,0,0,1,0,0,0,0,1,0,0,0,0,0,0
164,Pinocho,(I) (2022),12,105.0,5.1,38.0,31235.0,0,1,0,0,0,1,0,0,1,0,0,0,0,0,1,0,0,0,0,0,0,0,0,0,0
165,Psych,(2006–2014),13,44.0,8.4,NaN,97819.0,0,0,0,0,0,1,1,0,0,1,0,0,0,0,0,0,0,1,0,0,0,0,0,0,0
166,Puñales por la espalda,(2019),12,130.0,7.9,82.0,621218.0,0,0,0,0,0,1,1,0,1,0,0,0,0,0,0,0,0,0,1,0,0,0,0,0,0
167,Puñales por la espalda: El misterio de Glass Onion,(2022),PG-13,139.0,8.0,81.0,1453.0,0,0,0,0,1,1,1,0,1,0,0,0,0,0,0,0,0,0,0,0,0,0,0,0,0
168,R.I.P.D. 2: Rise of the Damned,(2022),PG-13,102.0,4.5,NaN,502.0,1,0,0,0,1,1,0,0,0,0,0,0,0,0,0,0,0,0,0,0,0,0,0,0,0
169,R.I.P.D.: Departamento de policía mortal,(2013),12,96.0,5.6,25.0,134384.0,1,1,0,0,0,1,0,0,0,0,0,0,0,0,1,0,0,0,0,0,0,0,0,0,0
170,Raymond & Ray,(2022),16,105.0,6.2,50.0,4277.0,0,0,0,0,0,1,0,0,1,1,0,0,0,0,0,0,0,0,0,0,0,0,0,0,0
171,Reboot,(2022– ),,30.0,7.5,NaN,4936.0,0,0,0,0,1,1,0,0,0,0,0,0,0,0,0,0,0,0,0,0,0,0,0,0,0
172,Red One,(2023),,NaN,NaN,NaN,NaN,1,1,0,0,0,1,0,0,0,0,0,0,0,0,1,0,0,0,0,0,0,0,0,0,0
173,Regreso al futuro,(1985),A,116.0,8.5,87.0,1197080.0,0,1,0,0,0,1,0,0,0,0,0,0,0,0,0,0,0,0,1,0,1,0,0,0,0
174,Resacón en Las Vegas,(2009),18,100.0,7.7,73.0,784029.0,0,0,0,0,0,1,0,0,0,1,0,0,0,0,0,0,0,0,0,0,0,0,0,0,0
175,Reservation Dogs,(2021– ),18,30.0,8.1,NaN,15626.0,0,0,0,0,0,1,1,1,0,0,0,0,0,0,0,0,0,0,0,0,0,0,0,0,0
176,Resident Alien,(2021– ),12,44.0,8.1,NaN,40455.0,0,0,0,0,0,1,0,0,1,1,0,0,0,0,0,0,0,1,0,0,0,0,0,0,0
177,Reunión familiar,(2019–2022),7,28.0,6.5,NaN,2958.0,0,0,0,0,0,1,0,0,0,1,1,0,0,0,0,0,0,0,0,0,0,1,0,0,0
178,Revancha ya,(2022),16,118.0,6.3,66.0,33453.0,0,0,0,0,0,1,0,0,0,0,0,0,0,0,1,0,0,0,0,0,0,0,0,0,0
179,Rick y Morty,(2013– ),18,23.0,9.1,NaN,515661.0,0,1,1,0,1,1,0,0,0,0,0,0,0,0,0,0,0,0,0,0,0,0,0,0,0
180,Rosalina,(2022),16,95.0,6.4,61.0,5255.0,0,0,0,0,0,1,0,0,0,0,0,0,0,0,1,0,0,0,0,1,0,0,0,0,0
181,Saturday Night Live,(1975– ),,90.0,8.0,NaN,49108.0,0,0,0,0,0,1,0,1,0,0,0,0,0,0,0,1,0,0,0,0,0,0,0,0,0
182,Schitt's Creek,(2015–2020),12,22.0,8.5,NaN,120948.0,0,0,0,0,0,1,0,0,0,0,0,0,0,0,1,0,0,0,0,0,0,0,0,0,0
183,Scrubs,(2001–2010),13,22.0,8.4,NaN,256284.0,0,0,0,0,0,1,0,0,1,0,0,0,0,0,1,0,0,0,0,0,0,0,0,0,0
184,Seinfeld,(1989–1998),13,22.0,8.9,NaN,317705.0,0,0,0,0,1,1,0,0,0,0,0,0,0,0,0,0,0,0,0,0,0,0,0,0,0
185,Sex Education,(2019– ),16,45.0,8.4,NaN,278649.0,0,0,0,0,0,1,0,0,1,0,0,0,0,0,0,0,0,0,1,0,0,0,0,0,0
186,Sexo en Nueva York,(1998–2004),16,30.0,7.3,NaN,127315.0,0,0,0,0,0,1,0,0,1,0,0,0,0,0,1,0,0,0,0,1,0,0,0,0,0
187,Shameless,(2011–2021),18,46.0,8.6,NaN,242471.0,0,0,0,0,1,1,0,0,1,0,0,0,0,0,0,0,0,0,0,0,0,0,0,0,0
188,Shazam! Fury of the Gods,(2023),,NaN,NaN,NaN,NaN,1,1,0,0,0,1,0,0,0,0,0,0,0,0,1,0,0,0,0,0,0,0,0,0,0
189,She-Hulk: Abogada Hulka,(2022),12,35.0,5.2,NaN,158709.0,1,1,0,0,1,1,0,0,0,0,0,0,0,0,0,0,0,0,0,0,0,0,0,0,0
190,Solo asesinatos en el edificio,(2021– ),12,30.0,8.1,NaN,100680.0,0,0,0,0,0,1,1,0,1,0,0,0,0,0,0,0,0,0,1,0,0,0,0,0,0
191,Solo en casa,(1990),A,103.0,7.7,63.0,565797.0,0,0,0,0,0,1,0,0,0,0,1,0,0,0,0,0,0,0,1,0,0,0,0,0,0
192,Somos los mejores: Una nueva era,(2021– ),6+,40.0,7.4,NaN,5067.0,0,0,0,0,0,1,0,0,1,1,0,0,0,0,0,0,0,0,0,0,0,0,1,0,0
193,Sonic 2: La película,(2022),7,122.0,6.5,47.0,64784.0,1,1,0,0,0,1,0,1,0,0,0,0,0,0,0,0,0,0,0,0,0,0,0,0,0
194,South Park,(1997– ),18,22.0,8.7,NaN,368733.0,0,0,1,0,0,1,0,0,0,0,0,0,0,0,1,0,0,0,0,0,0,0,0,0,0
195,Spider-Man: Un nuevo universo,(2018),7,117.0,8.4,87.0,522885.0,1,1,1,0,0,0,0,1,0,0,0,0,0,0,0,0,0,0,0,0,0,0,0,0,0
196,Spy x Family,(2022– ),,24.0,8.6,NaN,22872.0,1,0,1,0,0,1,0,1,0,0,0,0,0,0,0,0,0,0,0,0,0,0,0,0,0
197,Suits: La clave del éxito,(2011–2019),13,44.0,8.5,NaN,409598.0,0,0,0,0,1,1,0,0,1,0,0,0,0,0,0,0,0,0,0,0,0,0,0,0,0
198,Super Mario Bros.: La película,(2023),PG,NaN,NaN,NaN,NaN,0,1,1,0,0,1,0,0,0,0,0,0,0,0,1,0,0,0,0,0,0,0,0,0,0
199,Superdetective en Hollywood,(1984),13,105.0,7.3,66.0,185303.0,1,0,0,0,0,1,1,0,0,1,0,0,0,0,0,0,0,0,0,0,0,0,0,0,0
200,Superstore,(2015–2021),16,22.0,7.8,NaN,58100.0,0,0,0,0,0,1,0,0,0,0,0,0,0,0,1,0,0,0,0,0,0,0,0,0,0
201,Sígueme el rollo,(2011),A,117.0,6.4,33.0,245793.0,0,0,0,0,0,1,0,1,0,0,0,0,0,0,0,0,0,0,0,1,0,0,0,0,0
202,Ted Lasso,(2020– ),12,30.0,8.8,NaN,210220.0,0,0,0,0,1,1,0,0,1,0,0,0,0,0,0,0,0,0,0,0,0,0,1,0,0
203,The Bear,(2022– ),18,30.0,8.4,NaN,55593.0,0,0,0,0,1,1,0,0,1,0,0,0,0,0,0,0,0,0,0,0,0,0,0,0,0
204,The Boys,(2019– ),16,60.0,8.7,NaN,492618.0,1,0,0,0,1,1,1,0,0,0,0,0,0,0,0,0,0,0,0,0,0,0,0,0,0
205,The Gentlemen: Los señores de la mafia,(2019),16,113.0,7.8,51.0,337011.0,1,0,0,0,0,1,1,0,0,0,0,0,0,0,0,0,0,0,1,0,0,0,0,0,0
206,The Good Place,(2016–2020),13,22.0,8.2,NaN,159628.0,0,0,0,0,0,1,0,0,1,1,0,1,0,0,0,0,0,0,0,0,0,0,0,0,0
207,The Great,(2020– ),16,45.0,8.2,NaN,42303.0,0,0,0,1,0,1,0,1,1,0,0,0,0,0,0,0,0,0,0,0,0,0,0,0,0
208,The Munsters,(2022),PG,109.0,4.6,57.0,8705.0,0,0,0,0,0,1,0,1,0,0,1,1,0,0,0,0,0,0,0,0,0,0,0,0,0
209,The Office,(2005–2013),13,22.0,9.0,NaN,591232.0,0,0,0,0,1,1,0,0,0,0,0,0,0,0,0,0,0,0,0,0,0,0,0,0,0
210,The Orville,(2017– ),12,44.0,8.0,NaN,87266.0,0,1,0,0,0,1,0,0,1,0,0,0,0,0,0,0,0,0,1,0,0,0,0,0,0
211,The Rocky Horror Picture Show,(1975),13,100.0,7.4,65.0,153828.0,0,0,0,0,0,1,0,1,0,0,0,0,0,1,0,0,1,0,0,0,0,0,0,0,0
212,The Umbrella Academy,(2019–2023),16,60.0,7.9,NaN,247213.0,1,1,0,0,0,1,0,0,0,0,0,0,0,0,0,0,0,0,1,0,0,0,0,0,0
213,The White Lotus,(2021–2022),18,60.0,7.6,NaN,77717.0,0,0,0,0,1,1,0,0,1,0,0,0,0,0,0,0,0,0,0,0,0,0,0,0,0
214,This Is Us,(2016–2022),12,45.0,8.7,NaN,143820.0,0,0,0,0,0,1,0,0,1,0,0,0,0,0,0,0,0,0,1,1,0,0,0,0,0
215,Thor: Love and Thunder,(2022),12,118.0,6.3,57.0,308095.0,1,1,0,0,1,1,0,0,0,0,0,0,0,0,0,0,0,0,0,0,0,0,0,0,0
216,Todas las criaturas grandes y pequeñas,(2020– ),TP,NaN,8.6,NaN,11499.0,0,0,0,0,0,1,0,0,1,1,0,0,0,0,0,0,0,0,0,0,0,0,0,0,0
217,Todo a la vez en todas partes,(2022),12,139.0,8.1,81.0,236687.0,1,1,0,0,1,1,0,0,0,0,0,0,0,0,0,0,0,0,0,0,0,0,0,0,0
218,Todo el mundo quiere a Raymond,(1996–2005),,22.0,7.2,NaN,71374.0,0,0,0,0,0,1,0,0,0,1,0,0,0,0,0,0,0,0,0,0,0,0,0,0,0
219,Todo en un día,(1986),A,103.0,7.8,61.0,358843.0,0,0,0,0,0,1,0,1,0,0,0,0,0,0,0,0,0,0,0,0,0,0,0,0,0
220,Trabajo basura,(1999),A,89.0,7.7,68.0,267906.0,0,0,0,0,0,1,0,0,0,1,0,0,0,0,0,0,0,0,0,0,0,0,0,0,0
221,Tres anuncios en las afueras,(2017),16,115.0,8.1,88.0,504989.0,0,0,0,0,0,1,1,0,1,1,0,0,0,0,0,0,0,0,0,0,0,0,0,0,0
222,Turno de día,(2022),16,113.0,6.1,51.0,73012.0,1,0,0,0,0,1,0,0,0,1,0,1,0,0,0,0,0,0,0,0,0,0,0,0,0
223,Tusk,(I) (2014),16,102.0,5.3,55.0,54989.0,0,0,0,0,0,1,0,0,0,0,0,0,0,1,1,0,0,0,0,0,0,0,0,0,0
224,Un chapuzas en casa,(1991–1999),,22.0,7.2,NaN,44584.0,0,0,0,0,0,1,0,0,0,1,1,0,0,0,0,0,0,0,0,0,0,0,0,0,0
225,Una cuestión de tiempo,(I) (2013),A,123.0,7.8,55.0,350178.0,0,0,0,0,0,1,0,1,1,0,0,1,0,0,0,0,0,0,0,0,0,0,0,0,0
226,Una pandilla de pillos,(1994),T,82.0,6.3,45.0,50657.0,0,0,0,0,0,1,0,0,0,0,1,0,0,0,0,0,0,0,1,1,0,0,0,0,0
227,Una rubia muy legal,(2001),A,96.0,6.4,59.0,219433.0,0,0,0,0,0,1,0,1,0,0,0,0,0,0,0,0,0,0,0,1,0,0,0,0,0
228,Uno para todas,(2011–2021),TP,30.0,7.5,NaN,34569.0,0,0,0,0,0,1,0,0,0,1,0,0,0,0,0,0,0,0,0,0,0,0,0,0,0
229,Up in the Air (Amor sin escalas),(I) (2009),7,109.0,7.4,83.0,336829.0,0,0,0,0,0,1,0,0,1,1,0,0,0,0,0,0,0,0,0,1,0,0,0,0,0
230,Vacaciones en el mar,(1977–1987),,60.0,6.2,NaN,11882.0,0,0,0,0,0,1,0,0,1,1,0,0,0,0,0,0,0,0,0,1,0,0,0,0,0
231,Vengeance,(II) (2022),R,107.0,6.8,65.0,14848.0,0,0,0,0,0,1,0,0,0,1,0,0,0,0,0,0,0,1,0,0,0,0,0,1,0
232,Viaje al paraíso,(2022),12,104.0,6.2,50.0,23013.0,0,0,0,0,1,1,0,0,0,0,0,0,0,0,0,0,0,0,0,1,0,0,0,0,0
233,Vicky Cristina Barcelona,(2008),13,96.0,7.1,70.0,256963.0,0,0,0,0,0,1,0,0,1,0,0,0,0,0,0,0,0,0,1,1,0,0,0,0,0
234,Weird: The Al Yankovic Story,(2022),14,108.0,7.1,70.0,14159.0,0,0,0,1,1,1,0,0,0,0,0,0,0,0,0,1,0,0,0,0,0,0,0,0,0
235,Wendell & Wild,(2022),12,105.0,6.5,69.0,5975.0,0,1,1,0,1,1,0,0,0,0,0,0,0,0,0,0,0,0,0,0,0,0,0,0,0
236,Wonka,(2023),,NaN,NaN,NaN,NaN,0,1,0,0,0,1,0,0,0,1,1,0,0,0,0,0,0,0,0,0,0,0,0,0,0
237,Yo me encargo de la cerveza,(2022),16,126.0,6.8,39.0,14962.0,0,1,0,0,0,1,0,0,1,0,0,0,0,0,1,0,0,0,0,0,0,0,0,0,0
238,Yo nunca,(2020–2023),13,30.0,7.9,NaN,58471.0,0,0,0,0,0,1,0,1,1,0,0,0,0,0,0,0,0,0,0,0,0,0,0,0,0
239,Yo y el mundo,(1993–2000),TP,23.0,8.1,NaN,43331.0,0,0,0,0,0,1,0,1,1,0,1,0,0,0,0,0,0,0,0,0,0,0,0,0,0
240,Young Rock,(2021– ),,NaN,7.9,NaN,17417.0,0,0,0,0,0,1,0,0,0,1,0,0,0,0,0,0,0,0,0,0,0,0,0,0,0
241,Zootrópolis,(2016),A/i,108.0,8.0,78.0,497349.0,0,1,1,0,0,1,0,0,0,0,0,0,0,0,1,0,0,0,0,0,0,0,0,0,0
242,Zootrópolis+,(2022– ),6+,NaN,6.8,NaN,1444.0,0,1,1,0,1,0,0,0,0,0,0,0,0,0,0,0,0,0,0,0,0,1,0,0,0
243,¡Canta!,(2016),A,108.0,7.1,59.0,170801.0,0,0,1,0,0,1,0,0,0,1,1,0,0,0,0,0,0,0,0,0,0,0,0,0,0
244,¡Canta! 2,(2021),A,110.0,7.4,49.0,68029.0,0,1,1,0,0,1,0,0,0,0,0,0,0,0,0,0,0,0,1,0,0,0,0,0,0
245,¡Shazam!,(2019),7,132.0,7.0,71.0,336512.0,1,1,0,0,0,1,0,0,0,1,0,0,0,0,0,0,0,0,0,0,0,0,0,0,0
246,¡Socorro! Ya es Navidad,(1989),A,97.0,7.5,49.0,188252.0,0,0,0,0,0,1,0,0,0,0,0,0,0,0,1,0,0,0,0,0,0,0,0,0,0
247,¡Vaya familia Claus!,(2022– ),6+,NaN,6.0,NaN,330.0,0,0,0,0,0,1,0,0,1,0,1,0,0,0,0,0,0,0,1,0,0,0,0,0,0
248,Ámsterdam,(2022),12,134.0,6.1,48.0,20975.0,0,0,0,0,1,1,0,0,1,0,0,0,1,0,0,0,0,0,0,0,0,0,0,0,0
249,Érase una vez en... Hollywood,(2019),16,161.0,7.6,83.0,729018.0,0,0,0,0,0,1,0,0,1,0,0,0,0,0,0,0,0,0,1,0,0,0,0,0,0
