,MOVIE,YEAR,RATING,RUNTIME (min),IMDB,METASCORE,VOTES,A,ACTION,ADVENTURE,ANIMATION,COMEDY,CRIME,DOCUMENTARY,DRAMA,F,FAMILY,FANTASY,HORROR,MYSTERY,N,ROMANCE,SCI-FI,SHORT,T,THRILLER,WAR
0,2000 Mules,(2022),,89.0,5.5,NaN,8988.0,1,0,0,0,0,0,1,0,0,0,1,0,0,0,0,0,0,0,0,0
1,Alicia en el País de las Maravillas,(I) (2010),7,108.0,6.4,53.0,415672.0,1,0,1,0,0,0,0,0,0,1,1,0,0,0,0,0,0,0,0,0
2,Animales fantásticos: Los secretos de Dumbledore,(2022),7,142.0,6.2,47.0,135255.0,1,0,1,0,0,0,0,0,0,1,1,0,0,0,0,0,0,0,0,0
3,Aquaman,(2018),12,143.0,6.8,55.0,472522.0,0,1,1,0,0,0,0,0,0,0,1,0,0,0,0,0,0,1,0,0
4,Aquaman and the Lost Kingdom,(2023),,NaN,NaN,NaN,NaN,1,1,1,0,0,0,0,0,0,0,1,0,0,0,0,0,0,0,0,0
5,Arcane,(2021– ),16,41.0,9.0,NaN,203234.0,1,1,1,1,0,0,0,0,0,0,0,0,0,0,0,0,0,0,0,0
6,Ataque a los titanes,(2013–2023),16,24.0,9.0,NaN,369483.0,0,1,1,1,0,0,0,0,1,0,0,0,0,0,0,0,0,0,0,0
7,Avatar,(2009),7,162.0,7.8,83.0,1244714.0,0,1,1,0,0,0,0,0,1,0,1,0,0,0,0,0,0,0,0,0
8,Avatar. La leyenda de Aang,(2005–2008),10,23.0,9.3,NaN,313221.0,0,1,1,1,0,0,0,0,0,0,0,0,0,1,0,0,0,0,0,0
9,Avatar: El sentido del agua,(2022),,190.0,NaN,NaN,NaN,0,1,1,0,0,0,0,0,1,0,1,0,0,0,0,0,0,0,0,0
10,Barbie,(2023),,NaN,NaN,NaN,NaN,1,0,1,0,1,0,0,0,0,0,1,0,0,0,0,0,0,0,0,0
11,Beetlejuice 2,,,NaN,NaN,NaN,NaN,1,0,0,0,1,0,0,0,0,0,1,1,0,0,0,0,0,0,0,0
12,Bitelchús,(1988),A,92.0,7.5,70.0,306592.0,1,0,0,0,1,0,0,0,0,0,1,0,0,0,0,0,0,0,0,0
13,Black Adam,(2022),12,125.0,7.0,41.0,115696.0,0,1,1,0,0,0,0,0,1,0,1,0,0,0,0,0,0,0,0,0
14,Black Panther: Wakanda Forever,(2022),7,161.0,7.4,67.0,65627.0,0,1,1,0,0,0,0,1,1,0,0,0,0,0,0,0,0,0,0,0
15,Bleach: Burîchi,(2004–2012),13,24.0,8.2,NaN,56017.0,0,1,1,1,0,0,0,0,0,0,0,0,0,1,0,0,0,0,0,0
16,Bleach: Thousand Year Blood War,(2022– ),,24.0,9.5,NaN,9045.0,0,1,1,1,0,0,0,0,1,0,0,0,0,0,0,0,0,0,0,0
17,Bob Esponja,(1999– ),TP,23.0,8.2,NaN,99147.0,0,0,0,1,1,0,0,0,0,1,0,0,0,0,0,0,0,1,0,0
18,Brahmastra Part One: Shiva,(2022),,167.0,5.6,57.0,102623.0,0,1,1,0,0,0,0,0,1,0,1,0,0,0,0,0,0,0,0,0
19,Bruja Escarlata y Visión,(2021),9+,350.0,7.9,NaN,321272.0,0,1,0,0,1,0,0,1,0,0,0,0,0,1,0,0,0,0,0,0
20,"Buffy, cazavampiros",(1997–2003),13,44.0,8.3,NaN,147445.0,0,1,0,0,0,0,0,1,1,0,1,0,0,0,0,0,0,0,0,0
21,Caballero Luna,(2022),16,NaN,7.3,NaN,226025.0,0,1,1,0,0,0,0,0,0,0,1,0,0,1,0,0,0,0,0,0
22,Carnival Row,(2019–2023),16,56.0,7.8,NaN,63342.0,0,0,0,0,0,1,0,1,1,0,1,0,0,0,0,0,0,0,0,0
23,Casa Búho,(2020–2023),TP,22.0,8.4,NaN,12055.0,0,1,1,1,0,0,0,0,0,0,0,0,0,0,0,0,0,1,0,0
24,Cazafantasmas: Más allá,(2021),12,124.0,7.1,45.0,180506.0,1,0,1,0,1,0,0,0,0,0,1,0,0,0,0,0,0,0,0,0
25,Chainsaw Man,(2022– ),,NaN,8.8,NaN,10974.0,0,1,1,1,0,0,0,0,1,0,0,0,0,0,0,0,0,0,0,0
26,Charlie y la fábrica de chocolate,(2005),A,115.0,6.7,72.0,480814.0,0,0,1,0,1,0,0,0,0,1,0,0,0,0,0,0,0,1,0,0
27,Coco,(I) (2017),A,105.0,8.4,81.0,503416.0,0,0,1,1,1,0,0,0,0,0,0,0,0,1,0,0,0,0,0,0
28,Constantine,(2005),18,121.0,7.0,50.0,347965.0,0,1,0,0,0,0,0,0,0,0,1,1,0,0,0,0,0,1,0,0
29,Crepúsculo,(I) (2008),12,122.0,5.3,56.0,462948.0,1,0,0,0,0,0,0,1,0,0,1,0,0,0,1,0,0,0,0,0
30,Crónicas vampíricas,(2009–2017),16,43.0,7.7,NaN,321308.0,0,0,0,0,0,0,0,1,1,0,1,1,0,0,0,0,0,0,0,0
31,DC Liga de Supermascotas,(2022),TP,105.0,7.3,56.0,60634.0,1,1,1,1,0,0,0,0,0,0,0,0,0,0,0,0,0,0,0,0
32,Daredevil,(2015–2018),18,54.0,8.6,NaN,439572.0,1,1,0,0,0,1,0,1,0,0,0,0,0,0,0,0,0,0,0,0
33,Death Note,(2006–2007),7,24.0,9.0,NaN,321614.0,0,0,0,1,0,1,0,1,0,0,0,0,0,0,0,0,0,1,0,0
34,Del revés (Inside Out),(I) (2015),A,95.0,8.2,94.0,710229.0,1,0,1,1,1,0,0,0,0,0,0,0,0,0,0,0,0,0,0,0
35,Demon Slayer: Kimetsu no Yaiba,(2019– ),Not Rated,24.0,8.7,NaN,101451.0,1,1,1,1,0,0,0,0,0,0,0,0,0,0,0,0,0,0,0,0
36,Dentro del laberinto,(1986),A,101.0,7.3,50.0,138325.0,0,0,1,0,0,0,0,0,0,1,1,0,0,0,0,0,0,1,0,0
37,Desencantada: Vuelve Giselle,(2022),PG,NaN,NaN,NaN,NaN,0,0,1,1,1,0,0,0,1,0,0,0,0,0,0,0,0,0,0,0
38,Destino: La saga Winx,(2021–2022),16,NaN,6.8,NaN,47810.0,1,1,1,0,0,0,0,1,0,0,0,0,0,0,0,0,0,0,0,0
39,Doctor Strange en el multiverso de la locura,(2022),12,126.0,6.9,60.0,403696.0,1,1,1,0,0,0,0,0,0,0,1,0,0,0,0,0,0,0,0,0
40,Doctor Strange. Doctor Extraño,(2016),7,115.0,7.5,72.0,739214.0,1,1,1,0,0,0,0,0,0,0,1,0,0,0,0,0,0,0,0,0
41,Doctor Sueño,(2019),16,152.0,7.3,59.0,193425.0,0,0,0,0,0,0,0,1,0,0,1,1,0,1,0,0,0,0,0,0
42,Drácula de Bram Stoker,(1992),18,128.0,7.4,57.0,219236.0,1,0,0,0,0,0,0,1,0,0,1,1,0,0,0,0,0,0,0,0
43,Dungeons & Dragons: Honor Among Thieves,(2023),,NaN,NaN,NaN,NaN,0,1,1,0,0,0,0,0,0,0,1,0,0,0,0,0,0,1,0,0
44,Eduardo Manostijeras,(1990),A,105.0,7.9,74.0,491112.0,0,0,0,0,0,0,0,1,0,0,1,0,0,0,1,0,0,1,0,0
45,El Dragón de Papá,(2022),PG,99.0,6.7,74.0,731.0,0,0,1,1,1,0,0,0,0,0,0,0,0,0,0,0,0,1,0,0
46,El Grinch,(2000),A,104.0,6.2,46.0,246606.0,0,0,0,0,1,0,0,0,0,1,1,0,0,1,0,0,0,0,0,0
47,El Grinch,(2018),A/i,85.0,6.3,51.0,70816.0,1,0,0,1,1,0,0,0,0,1,0,0,0,0,0,0,0,0,0,0
48,El Pacificador,(2022– ),16,40.0,8.3,NaN,109305.0,0,1,1,0,1,0,0,0,0,0,0,0,0,1,0,0,0,0,0,0
49,El cuervo,(1994),18,102.0,7.5,71.0,185647.0,0,1,0,0,0,1,0,1,0,0,0,0,0,0,0,0,0,1,0,0
50,El descubrimiento de las brujas,(2018–2022),12,60.0,7.9,NaN,53202.0,1,0,0,0,0,0,0,1,0,0,1,0,0,0,1,0,0,0,0,0
51,El faro,(I) (2019),16,109.0,7.4,83.0,216548.0,0,0,0,0,0,0,0,1,0,0,1,1,0,0,0,0,0,1,0,0
52,El hijo bastardo y el mismísimo diablo,(2022– ),16,60.0,7.6,NaN,5032.0,0,1,1,0,0,0,0,1,1,0,0,0,0,0,0,0,0,0,0,0
53,El hobbit: La desolación de Smaug,(2013),12,161.0,7.8,66.0,663192.0,1,0,1,0,0,0,0,0,0,0,1,0,0,0,0,0,0,0,0,0
54,El hobbit: Un viaje inesperado,(2012),7,169.0,7.8,58.0,827059.0,0,0,1,0,0,0,0,0,0,0,1,0,0,1,0,0,0,0,0,0
55,El hombre del norte,(2022),16,137.0,7.1,82.0,189136.0,0,1,1,0,0,0,0,1,1,0,0,0,0,0,0,0,0,0,0,0
56,El laberinto del fauno,(2006),18,118.0,8.2,98.0,668156.0,0,0,0,0,0,0,0,1,0,0,1,0,0,0,0,0,0,1,0,1
57,El mago de Oz,(1939),A,102.0,8.1,92.0,399588.0,0,0,1,0,0,0,0,0,0,1,1,0,0,0,0,0,0,1,0,0
58,El país de los sueños,(2022),PG,117.0,7.4,40.0,47.0,1,0,1,0,1,0,0,0,0,1,0,0,0,0,0,0,0,0,0,0
59,El príncipe dragón,(2018– ),7,26.0,8.3,NaN,23503.0,0,1,1,1,0,0,0,0,1,0,0,0,0,0,0,0,0,0,0,0
60,El reino,(1994–2022),,561.0,8.3,NaN,18628.0,1,0,0,0,1,0,0,1,0,0,1,0,0,0,0,0,0,0,0,0
61,El retorno de las brujas,(1993),7,96.0,6.9,43.0,142826.0,1,0,0,0,1,0,0,0,0,1,1,0,0,0,0,0,0,0,0,0
62,El retorno de las brujas 2,(2022),12,103.0,6.0,56.0,42118.0,1,0,0,0,1,0,0,0,0,1,1,0,0,0,0,0,0,0,0,0
63,El señor de los anillos: El retorno del rey,(2003),12,201.0,9.0,94.0,1835357.0,1,1,1,0,0,0,0,1,0,0,0,0,0,0,0,0,0,0,0,0
64,El señor de los anillos: La comunidad del anillo,(2001),12,178.0,8.8,92.0,1864318.0,0,1,1,0,0,0,0,1,1,0,0,0,0,0,0,0,0,0,0,0
65,El señor de los anillos: Las dos torres,(2002),12,179.0,8.8,87.0,1657236.0,0,1,1,0,0,0,0,1,0,0,0,0,0,1,0,0,0,0,0,0
66,El señor de los anillos: Los anillos de poder,(2022– ),14,NaN,6.9,NaN,286084.0,0,1,1,0,0,0,0,1,1,0,0,0,0,0,0,0,0,0,0,0
67,El viaje de Chihiro,(2001),A,125.0,8.6,96.0,758245.0,0,0,1,1,0,0,0,0,0,1,0,0,0,1,0,0,0,0,0,0
68,El visitante,(2020),16,60.0,7.7,NaN,83076.0,1,0,0,0,0,1,0,1,0,0,1,0,0,0,0,0,0,0,0,0
69,Elf,(2003),A,97.0,7.0,64.0,267060.0,1,0,1,0,1,0,0,0,0,1,0,0,0,0,0,0,0,0,0,0
70,Embrujadas,(1998–2006),7,42.0,7.1,NaN,84495.0,0,0,0,0,0,0,0,1,0,0,1,0,1,1,0,0,0,0,0,0
71,Encantada: La historia de Giselle,(2007),7,107.0,7.1,75.0,200403.0,1,0,1,1,1,0,0,0,0,0,0,0,0,0,0,0,0,0,0,0
72,Encanto,(2021),A/i/fig,102.0,7.2,75.0,218363.0,1,0,0,1,1,0,0,0,0,1,0,0,0,0,0,0,0,0,0,0
73,Entrevista con el vampiro,(1994),18,123.0,7.5,59.0,325167.0,1,0,0,0,0,0,0,1,0,0,1,1,0,0,0,0,0,0,0,0
74,Entrevista con el vampiro,(2022– ),,NaN,6.9,NaN,10131.0,0,0,0,0,0,0,0,1,1,0,1,1,0,0,0,0,0,0,0,0
75,Escuadrón suicida,(2016),12,123.0,5.9,40.0,684676.0,0,1,1,0,0,0,0,0,0,0,1,0,0,0,0,0,0,1,0,0
76,Estación Once,(2021–2022),18,507.0,7.6,NaN,25933.0,1,0,1,0,0,0,0,1,0,0,1,0,0,0,0,0,0,0,0,0
77,Eternals,(2021),12,156.0,6.3,52.0,338209.0,1,1,1,0,0,0,0,0,0,0,1,0,0,0,0,0,0,0,0,0
78,Evil Dead Rise,(2023),18,120.0,NaN,NaN,NaN,1,0,0,0,0,0,0,0,0,0,1,1,0,0,0,0,0,0,1,0
79,Fantasmas,(2019– ),TP,30.0,8.3,NaN,16908.0,1,0,0,0,1,0,0,0,0,0,1,0,0,0,0,0,0,0,0,0
80,Free Guy,(2021),12,115.0,7.1,62.0,366391.0,1,1,1,0,1,0,0,0,0,0,0,0,0,0,0,0,0,0,0,0
81,Frozen: El reino del hielo,(I) (2013),A,102.0,7.4,75.0,623720.0,0,0,1,1,1,0,0,0,0,0,0,0,0,0,0,0,0,1,0,0
82,Ghosts,(2021– ),14,NaN,7.8,NaN,16256.0,0,0,0,0,1,0,0,0,1,0,1,0,0,0,0,0,0,0,0,0
83,God of War,(2018 Video Game),18,NaN,9.6,NaN,28004.0,1,1,1,0,0,0,0,1,0,0,0,0,0,0,0,0,0,0,0,0
84,God of War: Ragnarök,(2022 Video Game),,NaN,9.9,NaN,3239.0,0,1,1,0,0,0,0,1,1,0,0,0,0,0,0,0,0,0,0,0
85,Good Omens,(2019–2023),16,328.0,8.0,NaN,77435.0,0,0,0,0,1,0,0,0,0,0,1,0,0,0,0,0,0,1,0,0
86,Gravity Falls,(2012–2016),TP,23.0,8.9,NaN,107929.0,1,1,1,1,0,0,0,0,0,0,0,0,0,0,0,0,0,0,0,0
87,Grimm,(2011–2017),16,45.0,7.9,NaN,120406.0,0,0,0,0,0,1,0,1,0,0,1,0,0,1,0,0,0,0,0,0
88,Harley Quinn,(2019– ),16,23.0,8.5,NaN,29858.0,0,1,1,1,0,0,0,0,0,0,0,0,0,0,0,0,0,1,0,0
89,Harry Potter y el cáliz de fuego,(2005),7,157.0,7.7,81.0,624127.0,1,0,1,0,0,0,0,0,0,1,1,0,0,0,0,0,0,0,0,0
90,Harry Potter y el misterio del príncipe,(2009),7,153.0,7.6,78.0,543301.0,0,1,1,0,0,0,0,0,0,1,0,0,0,0,0,0,0,1,0,0
91,Harry Potter y el prisionero de Azkaban,(2004),7,142.0,7.9,82.0,631686.0,0,0,1,0,0,0,0,0,0,1,1,0,0,1,0,0,0,0,0,0
92,Harry Potter y la Orden del Fénix,(2007),7,138.0,7.5,71.0,579732.0,0,1,1,0,0,0,0,0,0,1,0,0,0,1,0,0,0,0,0,0
93,Harry Potter y la cámara secreta,(2002),7,161.0,7.4,63.0,632570.0,1,0,1,0,0,0,0,0,0,1,1,0,0,0,0,0,0,0,0,0
94,Harry Potter y la piedra filosofal,(2001),A,152.0,7.6,65.0,775711.0,0,0,1,0,0,0,0,0,1,1,1,0,0,0,0,0,0,0,0,0
95,Harry Potter y las Reliquias de la Muerte: Parte 1,(2010),7,146.0,7.7,65.0,546902.0,0,0,1,0,0,0,0,0,0,1,1,0,0,0,0,0,0,1,0,0
96,Harry Potter y las Reliquias de la Muerte: Parte 2,(2011),7,130.0,8.1,85.0,871049.0,0,0,1,0,0,0,0,0,0,1,1,0,0,1,0,0,0,0,0,0
97,Hoja de los 47 Ronin,(2022),R,107.0,4.7,NaN,696.0,0,1,0,0,0,0,0,1,0,0,1,0,0,1,0,0,0,0,0,0
98,Hook (El capitán Garfio),(1991),A,142.0,6.8,52.0,255270.0,1,0,1,0,1,0,0,0,0,1,0,0,0,0,0,0,0,0,0,0
99,Hora de aventuras,(2010–2018),,11.0,8.6,NaN,95319.0,1,1,1,1,0,0,0,0,0,0,0,0,0,0,0,0,0,0,0,0
100,Hunter x Hunter,(2011–2014),,24.0,9.0,NaN,99264.0,0,1,1,1,0,0,0,0,0,0,0,0,0,1,0,0,0,0,0,0
101,Héroes,(II) (2006–2010),16,45.0,7.5,NaN,241761.0,1,0,0,0,0,0,0,1,0,0,1,0,0,0,0,1,0,0,0,0
102,Immortals,(2011),16,110.0,6.0,46.0,169487.0,1,1,0,0,0,0,0,1,0,0,1,0,0,0,0,0,0,0,0,0
103,Invincible,(2021– ),18,50.0,8.7,NaN,135600.0,0,1,1,1,0,0,0,0,0,0,0,0,0,1,0,0,0,0,0,0
104,It: Capítulo 2,(2019),18,169.0,6.5,58.0,265448.0,0,0,0,0,0,0,0,1,0,0,1,1,0,0,0,0,0,1,0,0
105,Juego de tronos,(2011–2019),18,57.0,9.2,NaN,2082679.0,0,1,1,0,0,0,0,1,1,0,0,0,0,0,0,0,0,0,0,0
106,Jujutsu Kaisen,(2020– ),Not Rated,24.0,8.6,NaN,60444.0,0,1,1,1,0,0,0,0,0,0,0,0,0,0,0,0,0,1,0,0
107,Jumanji: Bienvenidos a la jungla,(2017),7,119.0,6.9,58.0,380127.0,0,1,1,0,1,0,0,0,0,0,0,0,0,0,0,0,0,1,0,0
108,Jumanji: Siguiente nivel,(2019),7,123.0,6.7,58.0,250155.0,1,1,1,0,1,0,0,0,0,0,0,0,0,0,0,0,0,0,0,0
109,La Escuela del Bien y del Mal,(2022),12,147.0,5.8,30.0,21479.0,0,1,0,0,1,0,0,1,1,0,0,0,0,0,0,0,0,0,0,0
110,La Liga de la Justicia de Zack Snyder,(2021),16,242.0,8.0,54.0,395496.0,1,1,1,0,0,0,0,0,0,0,1,0,0,0,0,0,0,0,0,0
111,La bella y la bestia (Beauty and the Beast),(I) (2017),A/i,129.0,7.1,65.0,309320.0,0,0,1,0,0,0,0,0,0,1,1,0,0,0,0,0,0,1,0,0
112,La bruja,(2015),16,92.0,6.9,83.0,262688.0,1,0,0,0,0,0,0,1,0,0,1,1,0,0,0,0,0,0,0,0
113,La casa del dragón,(2022– ),18,NaN,8.5,NaN,256364.0,0,1,1,0,0,0,0,1,1,0,0,0,0,0,0,0,0,0,0,0
114,La dimensión desconocida,(1959–1964),13,51.0,9.1,NaN,83671.0,0,0,0,0,0,0,0,1,0,0,1,1,0,0,0,0,0,1,0,0
115,La familia Addams,(1991),T,99.0,6.9,57.0,158101.0,1,0,0,0,1,0,0,0,0,0,1,0,0,0,0,0,0,0,0,0
116,La familia Addams: La tradición continúa,(1993),13,94.0,6.8,61.0,95395.0,0,0,0,0,1,0,0,0,0,0,1,0,0,1,0,0,0,0,0,0
117,La forma del agua,(2017),12,123.0,7.3,87.0,419620.0,0,0,0,0,0,0,0,1,0,0,1,0,0,0,1,0,0,1,0,0
118,La guerra de las galaxias,(1977),A,121.0,8.6,90.0,1358142.0,0,1,1,0,0,0,0,0,0,0,1,0,0,1,0,0,0,0,0,0
119,La maldición del hombre lobo,(2022 TV Movie),,52.0,7.2,NaN,48286.0,0,1,1,0,0,0,0,1,1,0,0,0,0,0,0,0,0,0,0,0
120,La materia oscura,(2019–2022),16,60.0,7.8,NaN,64656.0,0,0,1,0,0,0,0,1,1,1,0,0,0,0,0,0,0,0,0,0
121,La milla verde,(1999),13,189.0,8.6,61.0,1293397.0,1,0,0,0,0,1,0,1,0,0,1,0,0,0,0,0,0,0,0,0
122,La momia,(2017),12,111.0,5.4,34.0,191047.0,1,1,1,0,0,0,0,0,0,0,1,0,0,0,0,0,0,0,0,0
123,La monja guerrera,(2020– ),16,NaN,6.9,NaN,36977.0,0,1,0,0,0,0,0,1,1,0,1,0,0,0,0,0,0,0,0,0
124,La máscara,(1994),13,101.0,6.9,56.0,386800.0,1,1,0,0,1,1,0,0,0,0,0,0,0,0,0,0,0,0,0,0
125,La novia cadáver,(2005),7,77.0,7.3,83.0,275027.0,0,0,0,1,0,0,0,1,0,1,0,0,0,0,0,0,0,1,0,0
126,La princesa prometida,(1987),A,98.0,8.0,77.0,427473.0,0,0,1,0,0,0,0,0,0,1,1,0,0,1,0,0,0,0,0,0
127,La rueda del tiempo,(2021– ),16,60.0,7.1,NaN,104417.0,1,1,1,0,0,0,0,1,0,0,0,0,0,0,0,0,0,0,0,0
128,La sirenita,(2023),,NaN,NaN,NaN,NaN,1,0,1,0,0,0,0,0,0,1,1,0,0,0,0,0,0,0,0,0
129,"Las crónicas de Narnia: El león, la bruja y el armario",(2005),7,143.0,6.9,75.0,398787.0,0,0,1,0,0,0,0,0,0,1,1,0,0,0,0,0,0,1,0,0
130,Las escalofriantes aventuras de Sabrina,(2018–2020),16,60.0,7.4,NaN,95211.0,1,0,0,0,0,0,0,1,0,0,1,1,0,0,0,0,0,0,0,0
131,Las vidas posibles de Mr. Nobody,(2009),16,141.0,7.8,63.0,234067.0,1,0,0,0,0,0,0,1,0,0,1,0,0,0,1,0,0,0,0,0
132,Legacies,(2018–2022),16,45.0,7.3,NaN,32015.0,0,0,1,0,0,0,0,1,0,0,1,0,0,0,0,0,0,1,0,0
133,Legión,(2010),16,100.0,5.2,32.0,105957.0,1,1,0,0,0,0,0,0,0,0,1,1,0,0,0,0,0,0,0,0
134,Liga de la Justicia,(2017),7,120.0,6.1,45.0,452585.0,1,1,1,0,0,0,0,0,0,0,1,0,0,0,0,0,0,0,0,0
135,"Lilo, mi amigo el cocodrilo",(2022),A,106.0,6.3,51.0,2595.0,0,0,1,1,1,0,0,0,1,0,0,0,0,0,0,0,0,0,0,0
136,Lo que hacemos en las sombras,(2019– ),16,30.0,8.6,NaN,77503.0,0,0,0,0,1,0,0,0,1,0,1,1,0,0,0,0,0,0,0,0
137,Locke & Key,(2020–2022),13,48.0,7.3,NaN,86703.0,0,0,0,0,0,0,0,1,0,0,1,1,0,1,0,0,0,0,0,0
138,Loki,(2021– ),12,53.0,8.2,NaN,312965.0,0,1,1,0,0,0,0,0,0,0,1,0,0,1,0,0,0,0,0,0
139,Los Cazafantasmas,(1984),A,105.0,7.8,71.0,415739.0,0,1,0,0,1,0,0,0,0,0,1,0,0,1,0,0,0,0,0,0
140,Los Imperfectos,(2022),16,45.0,6.4,NaN,5132.0,0,1,1,0,0,0,0,1,0,0,0,0,0,0,0,0,0,1,0,0
141,Los inmortales,(1986),18,116.0,7.1,24.0,136642.0,1,1,1,0,0,0,0,0,0,0,1,0,0,0,0,0,0,0,0,0
142,Los mundos de Coraline,(2009),7,100.0,7.7,80.0,230464.0,0,0,0,1,0,0,0,1,0,1,0,0,0,0,0,0,0,1,0,0
143,Los originales,(2013–2018),12,45.0,8.3,NaN,136188.0,0,0,0,0,0,0,0,1,0,0,1,1,0,1,0,0,0,0,0,0
144,"Love, Death & Robots",(2019– ),18,15.0,8.4,NaN,168177.0,1,1,0,1,0,0,0,0,0,0,0,0,0,0,0,0,1,0,0,0
145,Lucifer,(2016–2021),12,42.0,8.1,NaN,322957.0,0,0,0,0,0,1,0,1,1,0,1,0,0,0,0,0,0,0,0,0
146,Luck,(I) (2022),TP,105.0,6.4,48.0,17658.0,0,0,1,1,1,0,0,0,0,0,0,0,0,0,0,0,0,1,0,0
147,Mandy,(I) (2018),18,121.0,6.5,81.0,79982.0,1,1,0,0,0,0,0,0,0,0,1,1,0,0,0,0,0,0,0,0
148,Matilda,(1996),7,98.0,6.9,72.0,153161.0,0,0,0,0,1,0,0,0,0,1,1,0,0,1,0,0,0,0,0,0
149,"Matilda de Roald Dahl, el musical",(2022),PG,117.0,6.0,67.0,237.0,0,0,0,0,1,0,0,1,0,1,0,0,0,1,0,0,0,0,0,0
150,Men,(2022),16,100.0,6.1,65.0,37193.0,0,0,0,0,0,0,0,1,0,0,1,1,0,1,0,0,0,0,0,0
151,Merlín,(2008–2012),16,45.0,7.9,NaN,82365.0,1,0,1,0,0,0,0,1,0,0,1,0,0,0,0,0,0,0,0,0
152,Miracle Workers,(2019– ),12,22.0,7.1,NaN,14679.0,1,0,0,0,1,0,0,1,0,0,1,0,0,0,0,0,0,0,0,0
153,Misa de medianoche,(2021),16,450.0,7.7,NaN,116164.0,1,0,0,0,0,0,0,1,0,0,1,1,0,0,0,0,0,0,0,0
154,Miércoles,(2022– ),,NaN,8.6,NaN,227.0,0,0,0,0,1,1,0,0,1,1,0,0,0,0,0,0,0,0,0,0
155,Mob Psycho 100,(2016– ),Not Rated,24.0,8.6,NaN,31843.0,0,1,0,1,1,0,0,0,0,0,0,0,0,1,0,0,0,0,0,0
156,Ms. Marvel,(2022),7,271.0,6.2,NaN,101198.0,1,1,1,0,1,0,0,0,0,0,0,0,0,0,0,0,0,0,0,0
157,Mundo extraño,(2022),PG,102.0,NaN,NaN,NaN,1,1,1,1,0,0,0,0,0,0,0,0,0,0,0,0,0,0,0,0
158,My Hero Academia,(2016– ),12,24.0,8.4,NaN,61992.0,1,1,1,1,0,0,0,0,0,0,0,0,0,0,0,0,0,0,0,0
159,Más allá del jardín,(2014),TP,22.0,8.8,NaN,56841.0,1,0,1,1,0,0,0,0,0,0,0,0,0,0,0,0,1,0,0,0
160,Naruto,(2002–2007),13,24.0,8.4,NaN,101861.0,0,1,1,1,0,0,0,0,0,0,0,0,0,0,0,0,0,1,0,0
161,Naruto: Shippûden,(2007–2017),13,24.0,8.7,NaN,125849.0,0,1,1,1,0,0,0,0,0,0,0,0,0,0,0,0,0,1,0,0
162,Night Sky,(2022),14,55.0,7.4,NaN,17171.0,1,0,1,0,0,0,0,1,0,0,1,0,0,0,0,0,0,0,0,0
163,One Piece,(1999– ),13,24.0,8.9,NaN,125021.0,0,1,1,1,0,0,0,0,1,0,0,0,0,0,0,0,0,0,0,0
164,One Piece Film Red,(2022),12,115.0,6.9,69.0,6463.0,0,1,1,1,0,0,0,0,1,0,0,0,0,0,0,0,0,0,0,0
165,Outlander,(2014– ),16,60.0,8.4,NaN,159777.0,0,0,0,0,0,0,0,1,1,0,1,0,0,0,1,0,0,0,0,0
166,Percy Jackson and the Olympians,(2023– ),,60.0,NaN,NaN,NaN,1,1,1,0,0,0,0,1,0,0,0,0,0,0,0,0,0,0,0,0
167,Perdidos,(2004–2010),16,44.0,8.3,NaN,552044.0,0,0,1,0,0,0,0,1,1,0,1,0,0,0,0,0,0,0,0,0
168,Pesadilla antes de Navidad,(1993),7,76.0,7.9,82.0,339188.0,1,0,0,1,0,0,0,0,0,1,1,0,0,0,0,0,0,0,0,0
169,Pinocho,(I) (2022),12,105.0,5.1,38.0,31235.0,1,0,1,0,1,0,0,1,0,0,0,0,0,0,0,0,0,0,0,0
170,Pinocho de Guillermo del Toro,(II) (2022),PG,117.0,7.9,86.0,569.0,0,0,0,1,0,0,0,1,1,1,0,0,0,0,0,0,0,0,0,0
171,Piratas del Caribe: La maldición de la Perla Negra,(2003),7,143.0,8.1,63.0,1122992.0,0,1,1,0,0,0,0,0,0,0,1,0,0,1,0,0,0,0,0,0
172,Piratas del Caribe: La venganza de Salazar,(2017),12,129.0,6.5,39.0,311927.0,1,1,1,0,0,0,0,0,0,0,1,0,0,0,0,0,0,0,0,0
173,Pokémon,(1997– ),A,24.0,7.5,NaN,43376.0,0,1,1,1,0,0,0,0,0,0,0,0,0,0,0,0,0,1,0,0
174,Polar Express,(2004),A,100.0,6.6,61.0,208007.0,0,0,1,1,1,0,0,0,0,0,0,0,0,1,0,0,0,0,0,0
175,Ponniyin Selvan: Part One,(2022),,167.0,8.0,NaN,27907.0,0,1,0,0,0,0,0,1,0,1,0,0,0,1,0,0,0,0,0,0
176,Prodigiosa: Las aventuras de Ladybug,(2015– ),TP,20.0,7.6,NaN,11660.0,0,1,1,1,0,0,0,0,1,0,0,0,0,0,0,0,0,0,0,0
177,R.I.P.D.: Departamento de policía mortal,(2013),12,96.0,5.6,25.0,134384.0,1,1,1,0,1,0,0,0,0,0,0,0,0,0,0,0,0,0,0,0
178,Raised by Wolves,(2020–2022),16,NaN,7.5,NaN,78857.0,1,0,0,0,0,0,0,1,0,0,1,0,0,0,0,1,0,0,0,0
179,Ratatouille,(2007),A,111.0,8.1,96.0,732760.0,0,0,1,1,1,0,0,0,0,0,0,0,0,0,0,0,0,1,0,0
180,Samaritan,(2022),14,102.0,5.7,45.0,42887.0,0,1,0,0,0,0,0,1,0,0,1,0,0,1,0,0,0,0,0,0
181,Sandman,(2022– ),18,45.0,7.7,NaN,136905.0,0,0,0,0,0,0,0,1,1,0,1,1,0,0,0,0,0,0,0,0
182,Scooby-Doo,(2002),7,89.0,5.2,35.0,114644.0,0,0,1,0,1,0,0,0,0,1,0,0,0,0,0,0,0,1,0,0
183,Scott Pilgrim contra el mundo,(2010),A,112.0,7.5,69.0,426261.0,1,1,0,0,1,0,0,0,0,0,1,0,0,0,0,0,0,0,0,0
184,Shang-Chi y la leyenda de los diez anillos,(2021),12,132.0,7.4,71.0,377512.0,0,1,1,0,0,0,0,0,0,0,1,0,0,0,0,0,0,1,0,0
185,Shazam! Fury of the Gods,(2023),,NaN,NaN,NaN,NaN,1,1,1,0,1,0,0,0,0,0,0,0,0,0,0,0,0,0,0,0
186,Shrek,(2001),A,90.0,7.9,84.0,675285.0,1,0,1,1,1,0,0,0,0,0,0,0,0,0,0,0,0,0,0,0
187,Sleepy Hollow,(1999),13,105.0,7.3,65.0,362044.0,1,0,0,0,0,0,0,0,0,0,1,1,1,0,0,0,0,0,0,0
188,Sobrenatural,(2005–2020),12,44.0,8.4,NaN,444143.0,0,0,0,0,0,0,0,1,1,0,1,1,0,0,0,0,0,0,0,0
189,Sombra y hueso,(2021– ),16,60.0,7.6,NaN,84782.0,1,1,1,0,0,0,0,1,0,0,0,0,0,0,0,0,0,0,0,0
190,Sonic 2: La película,(2022),7,122.0,6.5,47.0,64784.0,0,1,1,0,1,0,0,0,0,0,0,0,0,1,0,0,0,0,0,0
191,Spider-Man: Across the Spider-Verse,(2023),,NaN,NaN,NaN,NaN,0,1,1,1,0,0,0,0,0,0,0,0,0,0,0,0,0,1,0,0
192,Spider-Man: No Way Home,(2021),7,148.0,8.3,71.0,743655.0,0,1,1,0,0,0,0,0,1,0,1,0,0,0,0,0,0,0,0,0
193,Spider-Man: Un nuevo universo,(2018),7,117.0,8.4,87.0,522885.0,0,1,1,1,0,0,0,0,0,0,0,0,0,1,0,0,0,0,0,0
194,Star Wars Rebels,(2014–2018),7,22.0,8.0,NaN,44394.0,1,1,1,1,0,0,0,0,0,0,0,0,0,0,0,0,0,0,0,0
195,Star Wars. Episodio I: La amenaza fantasma,(1999),A,136.0,6.5,51.0,803788.0,1,1,1,0,0,0,0,0,0,0,1,0,0,0,0,0,0,0,0,0
196,Star Wars: El ascenso de Skywalker,(2019),12,141.0,6.5,53.0,449210.0,0,1,1,0,0,0,0,0,0,0,1,0,0,0,0,0,0,1,0,0
197,Star Wars: Las crónicas de Jedi,(2022– ),6+,15.0,8.4,NaN,16193.0,0,1,0,1,0,0,0,0,1,0,0,0,0,0,0,0,1,0,0,0
198,Star Wars: Los últimos jedi,(2017),7,152.0,6.9,84.0,629984.0,1,1,1,0,0,0,0,0,0,0,1,0,0,0,0,0,0,0,0,0
199,Star Wars: The Clone Wars,(2008–2020),7,23.0,8.4,NaN,96983.0,1,1,1,1,0,0,0,0,0,0,0,0,0,0,0,0,0,0,0,0
200,Stardust,(2007),7,127.0,7.6,66.0,273381.0,0,0,1,0,0,0,0,0,0,1,1,0,0,1,0,0,0,0,0,0
201,Stargirl,(2020–2022),12,566.0,7.2,NaN,18136.0,1,1,1,0,0,1,0,0,0,0,0,0,0,0,0,0,0,0,0,0
202,Stranger Things,(2016– ),16,51.0,8.7,NaN,1172600.0,0,0,0,0,0,0,0,1,1,0,1,1,0,0,0,0,0,0,0,0
203,Super Mario Bros.: La película,(2023),PG,NaN,NaN,NaN,NaN,1,0,1,1,1,0,0,0,0,0,0,0,0,0,0,0,0,0,0,0
204,Suspiria,(I) (2018),18,152.0,6.7,64.0,79057.0,0,0,0,0,0,0,0,1,0,0,1,1,0,1,0,0,0,0,0,0
205,Teen Wolf,(2011–2017),16,41.0,7.7,NaN,148454.0,0,1,0,0,0,0,0,1,0,0,1,0,0,1,0,0,0,0,0,0
206,Thank God,(2022),,121.0,6.1,NaN,6799.0,0,0,0,0,1,0,0,0,0,0,1,0,0,0,0,0,0,1,0,0
207,The Acolyte,(2023– ),,NaN,NaN,NaN,NaN,0,1,1,0,0,0,0,1,0,0,0,0,0,1,0,0,0,0,0,0
208,The Flash,(2023),,NaN,NaN,NaN,NaN,0,1,1,0,0,0,0,0,0,0,1,0,0,0,0,0,0,1,0,0
209,The Good Place,(2016–2020),13,22.0,8.2,NaN,159628.0,0,0,0,0,1,0,0,1,0,0,1,0,0,1,0,0,0,0,0,0
210,The Leftovers,(2014–2017),18,60.0,8.3,NaN,98749.0,1,0,0,0,0,0,0,1,0,0,1,0,1,0,0,0,0,0,0,0
211,The Lovely Bones,(2009),13,135.0,6.6,42.0,170603.0,1,0,0,0,0,0,0,1,0,0,1,0,0,0,0,0,0,0,1,0
212,The Mandalorian,(2019– ),12,40.0,8.7,NaN,473924.0,0,1,1,0,0,0,0,0,1,0,1,0,0,0,0,0,0,0,0,0
213,The Mummy (La momia),(1999),7,124.0,7.1,48.0,430274.0,0,1,1,0,0,0,0,0,0,0,1,0,0,1,0,0,0,0,0,0
214,The Munsters,(2022),PG,109.0,4.6,57.0,8705.0,0,0,0,0,1,0,0,0,0,1,1,0,0,1,0,0,0,0,0,0
215,The Nevers,(2021– ),16,58.0,7.4,NaN,23997.0,1,1,0,0,0,0,0,1,0,0,1,0,0,0,0,0,0,0,0,0
216,The Umbrella Academy,(2019–2023),16,60.0,7.9,NaN,247213.0,1,1,1,0,1,0,0,0,0,0,0,0,0,0,0,0,0,0,0,0
217,The VelociPastor,(2018),,75.0,5.0,NaN,6444.0,0,1,1,0,1,0,0,0,0,0,0,0,0,0,0,0,0,1,0,0
218,The Witcher,(2019– ),16,60.0,8.2,NaN,489038.0,0,1,1,0,0,0,0,1,1,0,0,0,0,0,0,0,0,0,0,0
219,The Witcher: Blood Origin,(2022),,NaN,NaN,NaN,NaN,1,1,1,0,0,0,0,1,0,0,0,0,0,0,0,0,0,0,0,0
220,The legend of Maula Jatt,(2022),,153.0,8.9,NaN,8362.0,1,1,0,0,0,0,0,1,0,0,1,0,0,0,0,0,0,0,0,0
221,Thor,(2011),7,115.0,7.0,57.0,847447.0,0,1,1,0,0,0,0,0,0,0,1,0,0,0,0,0,0,1,0,0
222,Thor: Love and Thunder,(2022),12,118.0,6.3,57.0,308095.0,0,1,1,0,1,0,0,0,1,0,0,0,0,0,0,0,0,0,0,0
223,Thor: Ragnarok,(2017),7,130.0,7.9,74.0,747688.0,0,1,1,0,1,0,0,0,0,0,0,0,0,0,0,0,0,1,0,0
224,Thunderbolts,(2024),,NaN,NaN,NaN,NaN,1,1,1,0,0,1,0,0,0,0,0,0,0,0,0,0,0,0,0,0
225,Titanes,(I) (2018– ),16,45.0,7.6,NaN,100155.0,0,1,1,0,0,1,0,0,1,0,0,0,0,0,0,0,0,0,0,0
226,Todo a la vez en todas partes,(2022),12,139.0,8.1,81.0,236687.0,0,1,1,0,1,0,0,0,1,0,0,0,0,0,0,0,0,0,0,0
227,Toy Story,(1995),A,81.0,8.3,95.0,989484.0,1,0,1,1,1,0,0,0,0,0,0,0,0,0,0,0,0,0,0,0
228,Tres mil años esperándote,(2022),12,108.0,6.7,60.0,28593.0,1,0,0,0,0,0,0,1,0,0,1,0,0,0,1,0,0,0,0,0
229,Triangle,(2009),R,99.0,6.9,NaN,117175.0,1,0,0,0,0,0,0,0,0,0,1,0,1,0,0,1,0,0,0,0
230,Troll,(2022),,101.0,NaN,NaN,NaN,0,1,1,0,0,0,0,0,0,0,1,0,0,0,0,0,0,1,0,0
231,True Blood,(2008–2014),18,55.0,7.9,NaN,245992.0,0,0,0,0,0,0,0,1,1,0,1,0,1,0,0,0,0,0,0,0
232,Turno de día,(2022),16,113.0,6.1,51.0,73012.0,0,1,0,0,1,0,0,0,0,0,1,0,0,1,0,0,0,0,0,0
233,Una cuestión de tiempo,(I) (2013),A,123.0,7.8,55.0,350178.0,0,0,0,0,1,0,0,1,0,0,1,0,0,1,0,0,0,0,0,0
234,Vaiana,(I) (2016),A/i/fig,107.0,7.6,81.0,335225.0,1,0,1,1,1,0,0,0,0,0,0,0,0,0,0,0,0,0,0,0
235,Vampire Academy,(2022– ),,NaN,6.3,NaN,5835.0,0,0,0,0,0,0,0,1,0,0,1,0,0,1,0,0,0,0,0,0
236,Vanilla Sky,(2001),13,136.0,6.9,45.0,268533.0,0,0,0,0,0,0,0,0,0,0,1,0,1,0,1,0,0,1,0,0
237,Wendell & Wild,(2022),12,105.0,6.5,69.0,5975.0,0,0,1,1,1,0,0,0,1,0,0,0,0,0,0,0,0,0,0,0
238,Willow,(1988),A,126.0,7.2,47.0,115584.0,0,1,1,0,0,0,0,1,0,0,0,0,0,1,0,0,0,0,0,0
239,Willow,(2022– ),,NaN,NaN,NaN,NaN,0,1,1,0,0,0,0,1,0,0,0,0,0,1,0,0,0,0,0,0
240,Wonder Woman,(2017),12,141.0,7.4,76.0,656585.0,1,1,1,0,0,0,0,0,0,0,1,0,0,0,0,0,0,0,0,0
241,Wonka,(2023),,NaN,NaN,NaN,NaN,0,0,1,0,1,0,0,0,0,1,0,0,0,1,0,0,0,0,0,0
242,Your Name.,(2016),A,106.0,8.4,79.0,266675.0,1,0,0,1,0,0,0,1,0,0,1,0,0,0,0,0,0,0,0,0
243,¡Qué bello es vivir!,(1946),A,130.0,8.6,89.0,454118.0,1,0,0,0,0,0,0,1,0,1,1,0,0,0,0,0,0,0,0,0
244,¡Shazam!,(2019),7,132.0,7.0,71.0,336512.0,0,1,1,0,1,0,0,0,0,0,0,0,0,1,0,0,0,0,0,0
245,¡Vaya Santa Claus!,(1994),T,97.0,6.5,57.0,116920.0,0,0,0,0,1,0,0,1,0,1,0,0,0,0,0,0,0,1,0,0
246,¡Vaya familia Claus!,(2022– ),6+,NaN,6.0,NaN,330.0,0,0,0,0,1,0,0,1,1,1,0,0,0,0,0,0,0,0,0,0
247,¿Conoces a Joe Black?,(1998),T,178.0,7.2,43.0,242900.0,0,0,0,0,0,0,0,1,0,0,1,0,0,0,1,0,0,1,0,0
248,Ángel,(1999–2004),16,44.0,7.9,NaN,71014.0,0,1,0,0,0,0,0,1,0,0,1,0,0,0,0,0,0,1,0,0
249,Érase una vez,(2011–2018),16,60.0,7.7,NaN,224923.0,1,0,1,0,0,0,0,0,0,0,1,0,0,0,1,0,0,0,0,0
