,MOVIE,YEAR,RATING,RUNTIME (min),IMDB,METASCORE,VOTES,ACTION,ADVENTURE,ANIMATION,COMEDY,CRIME,DRAMA,FAMILY,FANTASY,H,HISTORY,HORROR,MUSICAL,MYSTERY,O,R,REALITY-TV,ROMANCE,SCI-FI,SHORT,THRILLER,WESTERN
0,1899,(2022– ),,60.0,9.2,NaN,2363.0,0,0,0,0,0,1,0,0,1,1,1,0,0,0,0,0,0,0,0,0,0
1,28 días después,(2002),18,113.0,7.5,73.0,415543.0,0,0,0,0,0,1,0,0,0,0,1,0,0,1,0,0,0,1,0,0,0
2,28 días paranormales,(2022– ),,30.0,3.4,NaN,1884.0,0,0,0,0,0,0,0,0,0,0,1,0,0,0,1,1,0,0,0,0,0
3,28 semanas después,(2007),18,100.0,6.9,78.0,277877.0,1,1,0,0,0,0,0,0,0,0,1,0,0,0,1,0,0,0,0,0,0
4,A serbian film,(2010),(Banned),104.0,5.0,NaN,65125.0,0,0,0,0,0,0,0,0,0,0,1,0,1,0,1,0,0,0,0,1,0
5,Abbott y Costello contra los fantasmas,(1948),,83.0,7.3,NaN,18007.0,0,0,0,1,0,0,1,1,0,0,0,0,0,0,1,0,0,0,0,0,0
6,Abierto hasta el amanecer,(1996),18,108.0,7.2,48.0,315837.0,1,0,0,0,1,0,0,0,0,0,1,0,0,1,0,0,0,0,0,0,0
7,"Alien, el octavo pasajero",(1979),16,117.0,8.5,89.0,878617.0,0,0,0,0,0,0,0,0,0,0,1,0,0,1,0,0,0,1,0,0,0
8,Alien: Covenant,(2017),16,122.0,6.4,65.0,282350.0,0,0,0,0,0,0,0,0,0,0,1,0,0,1,0,0,0,1,0,1,0
9,Amanecer de los muertos,(2004),18,101.0,7.3,59.0,256731.0,1,0,0,0,0,0,0,0,0,0,1,0,0,1,0,0,0,0,0,0,0
10,American Horror Stories,(2021– ),18,45.0,6.2,NaN,21762.0,0,0,0,0,0,1,0,0,0,0,1,0,1,1,0,0,0,0,0,0,0
11,American Horror Story,(2011– ),18,60.0,8.0,NaN,318187.0,0,0,0,0,0,1,0,0,1,0,1,0,0,0,0,0,0,1,0,0,0
12,American Psycho,(2000),18,102.0,7.6,64.0,612740.0,0,0,0,0,1,1,0,0,1,0,1,0,0,0,0,0,0,0,0,0,0
13,Aniquilación,(I) (2018),16,115.0,6.8,79.0,326473.0,0,1,0,0,0,1,0,0,0,0,1,0,0,0,1,0,0,0,0,0,0
14,Ataque a los titanes,(2013–2023),16,24.0,9.0,NaN,369483.0,1,1,1,0,0,0,0,0,1,0,0,0,0,0,0,0,0,0,0,0,0
15,Babadook,(2014),16,94.0,6.8,86.0,225866.0,0,0,0,0,0,0,0,0,0,0,1,0,1,0,1,0,0,0,0,0,0
16,Barbarian,(2022),R,102.0,7.1,78.0,78539.0,0,0,0,0,0,0,0,0,1,0,1,0,0,0,0,0,0,0,0,1,0
17,Bates Motel,(2013–2017),16,45.0,8.1,NaN,108473.0,0,0,0,0,0,1,0,0,0,0,1,0,1,0,1,0,0,0,0,0,0
18,Beetlejuice 2,,,NaN,NaN,NaN,NaN,0,0,0,1,0,0,0,1,1,0,1,0,0,0,0,0,0,0,0,0,0
19,Black Phone,(2021),16,103.0,6.9,65.0,132209.0,0,0,0,0,0,0,0,0,1,0,1,0,0,0,0,0,0,0,0,1,0
20,Blade,(1998),18,120.0,7.1,47.0,276031.0,1,0,0,0,0,0,0,0,0,0,1,0,0,0,1,0,0,1,0,0,0
21,Bodies Bodies Bodies,(2022),R,94.0,6.3,69.0,28340.0,0,0,0,1,0,0,0,0,1,0,1,0,0,0,0,0,0,0,0,1,0
22,Bone Tomahawk,(2015),18,132.0,7.1,72.0,102860.0,0,0,0,0,0,1,0,0,0,0,1,0,0,1,0,0,0,0,0,0,1
23,"Buenas noches, mamá",(2022),R,92.0,5.6,45.0,8715.0,0,0,0,0,1,1,0,0,0,0,1,0,0,0,1,0,0,0,0,0,0
24,Carrie,(1976),18,98.0,7.4,85.0,189248.0,0,0,0,0,0,0,0,0,0,0,1,0,1,0,1,0,0,0,0,0,0
25,Casa Búho,(2020–2023),TP,22.0,8.4,NaN,12055.0,1,1,1,0,0,0,0,0,0,0,0,0,0,0,1,0,0,0,0,0,0
26,Castlevania,(2017–2021),18,23.0,8.3,NaN,65807.0,1,1,1,0,0,0,0,0,0,0,0,0,0,1,0,0,0,0,0,0,0
27,Cerdita,(2022),16,99.0,6.2,78.0,3309.0,0,0,0,0,0,1,0,0,0,0,1,0,0,0,1,0,0,0,0,1,0
28,Chainsaw Man,(2022– ),,NaN,8.8,NaN,10974.0,1,1,1,0,0,0,0,0,1,0,0,0,0,0,0,0,0,0,0,0,0
29,Chucky,(2021– ),18,42.0,7.3,NaN,20332.0,0,0,0,0,0,0,0,0,1,0,1,0,0,0,0,0,0,0,0,1,0
30,Constantine,(2005),18,121.0,7.0,50.0,347965.0,1,0,0,0,0,0,0,1,0,0,1,0,0,0,1,0,0,0,0,0,0
31,Constantine 2,,,NaN,NaN,NaN,NaN,1,0,0,0,0,0,0,1,0,0,1,0,0,1,0,0,0,0,0,0,0
32,Crudo,(2016),18,99.0,7.0,81.0,78701.0,0,0,0,0,0,1,0,0,0,0,1,0,0,1,0,0,0,0,0,0,0
33,Crímenes del futuro,(2022),18,107.0,5.9,67.0,26204.0,0,0,0,0,0,1,0,0,1,0,1,0,0,0,0,0,0,1,0,0,0
34,Crónicas vampíricas,(2009–2017),16,43.0,7.7,NaN,321308.0,0,0,0,0,0,1,0,1,1,0,1,0,0,0,0,0,0,0,0,0,0
35,Cursed Friends,(2022 TV Movie),,87.0,4.9,NaN,569.0,0,0,0,1,0,0,0,1,0,0,1,0,0,1,0,0,0,0,0,0,0
36,Deadstream,(2022),,87.0,6.6,67.0,6747.0,0,0,0,1,0,0,0,0,0,0,1,0,0,0,1,0,0,0,0,0,0
37,Depredador,(1987),18,107.0,7.8,47.0,423736.0,1,1,0,0,0,0,0,0,0,0,1,0,0,0,1,0,0,0,0,0,0
38,Destino final,(2000),13,98.0,6.7,36.0,257454.0,0,0,0,0,0,0,0,0,0,0,1,0,0,1,0,0,0,0,0,1,0
39,Doctor Strange en el multiverso de la locura,(2022),12,126.0,6.9,60.0,403696.0,1,1,0,0,0,0,0,1,1,0,0,0,0,0,0,0,0,0,0,0,0
40,Doctor Sueño,(2019),16,152.0,7.3,59.0,193425.0,0,0,0,0,0,1,0,1,0,0,1,0,0,1,0,0,0,0,0,0,0
41,Don't Hug Me I'm Scared,(2022– ),,23.0,8.8,NaN,2616.0,0,0,1,1,0,0,0,0,0,0,1,0,0,1,0,0,0,0,0,0,0
42,Drácula,(2020),14,270.0,6.8,NaN,48434.0,1,0,0,0,0,1,0,1,0,0,0,0,0,1,0,0,0,0,0,0,0
43,Drácula de Bram Stoker,(1992),18,128.0,7.4,57.0,219236.0,0,0,0,0,0,1,0,1,0,0,1,0,0,1,0,0,0,0,0,0,0
44,Drácula: La leyenda jamás contada,(2014),16,92.0,6.2,40.0,196696.0,1,0,0,0,0,1,0,1,0,0,0,0,0,1,0,0,0,0,0,0,0
45,Déjame entrar,(2008),13,114.0,7.9,82.0,218350.0,0,0,0,0,0,1,0,1,0,0,1,0,0,0,1,0,0,0,0,0,0
46,Déjame entrar,(I) (2010),16,116.0,7.1,79.0,122574.0,0,0,0,0,0,1,0,1,0,0,1,0,0,1,0,0,0,0,0,0,0
47,Déjame salir,(I) (2017),16,104.0,7.7,85.0,604753.0,0,0,0,0,0,0,0,0,0,0,1,0,1,1,0,0,0,0,0,1,0
48,Ejército de los muertos,(2021),18,148.0,5.7,57.0,172657.0,1,0,0,0,1,0,0,0,0,0,1,0,0,1,0,0,0,0,0,0,0
49,El Espíritu de Bridge Hollow,(2022),12,89.0,5.6,38.0,8206.0,0,1,0,1,0,0,1,0,0,0,0,0,0,1,0,0,0,0,0,0,0
50,El abismo del infierno,(2022),16,91.0,5.7,NaN,3170.0,0,0,0,0,0,0,0,0,0,0,1,0,0,1,0,0,0,0,0,0,0
51,El club de la medianoche,(2022– ),16,60.0,6.6,NaN,20358.0,0,0,0,0,0,1,0,0,1,0,1,0,1,0,0,0,0,0,0,0,0
52,El cuervo,(1994),18,102.0,7.5,71.0,185647.0,1,0,0,0,1,1,0,0,0,0,0,0,0,0,1,0,0,0,0,0,0
53,El diablo en Ohio,(2022),16,356.0,5.9,NaN,13977.0,0,0,0,0,0,1,0,0,0,0,1,0,1,1,0,0,0,0,0,0,0
54,El exorcista,(1973),13,122.0,8.1,81.0,407965.0,0,0,0,0,0,0,0,0,0,0,1,0,0,1,0,0,0,0,0,0,0
55,El faro,(I) (2019),16,109.0,7.4,83.0,216548.0,0,0,0,0,0,1,0,1,0,0,1,0,0,0,1,0,0,0,0,0,0
56,El gabinete de curiosidades de Guillermo del Toro,(2022– ),18,60.0,7.2,NaN,26086.0,0,0,0,0,0,1,0,0,1,0,1,0,1,0,0,0,0,0,0,0,0
57,El hijo,(2019),16,90.0,6.1,44.0,98705.0,0,0,0,0,0,1,0,0,0,0,1,0,1,1,0,0,0,0,0,0,0
58,El hombre invisible,(I) (2020),16,124.0,7.1,72.0,228335.0,0,0,0,0,0,1,0,0,0,0,1,0,1,1,0,0,0,0,0,0,0
59,El hoyo,(2019),18,94.0,7.0,73.0,224215.0,0,0,0,0,0,0,0,0,0,0,1,0,0,0,1,0,0,1,0,1,0
60,El juego de Gerald,(2017),16,103.0,6.5,77.0,111141.0,0,0,0,0,0,1,0,0,0,0,1,0,0,1,0,0,0,0,0,1,0
61,El menú,(2022),7,106.0,7.5,70.0,1299.0,0,0,0,1,0,0,0,0,1,0,1,0,0,0,0,0,0,0,0,1,0
62,El reino,(1994–2022),,561.0,8.3,NaN,18628.0,0,0,0,1,0,1,0,1,0,0,0,0,0,0,1,0,0,0,0,0,0
63,El resplandor,(1980),16,146.0,8.4,66.0,1016992.0,0,0,0,0,0,1,0,0,0,0,1,0,0,1,0,0,0,0,0,0,0
64,El retorno de las brujas,(1993),7,96.0,6.9,43.0,142826.0,0,0,0,1,0,0,1,1,1,0,0,0,0,0,0,0,0,0,0,0,0
65,El sacrificio de un ciervo sagrado,(2017),16,121.0,7.0,73.0,155270.0,0,0,0,0,0,1,0,0,0,0,1,0,1,0,1,0,0,0,0,0,0
66,El teléfono del señor Harrigan,(2022),12,104.0,6.0,55.0,25160.0,0,0,0,0,0,1,0,0,0,0,1,0,1,1,0,0,0,0,0,0,0
67,Entrevista con el vampiro,(1994),18,123.0,7.5,59.0,325167.0,0,0,0,0,0,1,0,1,0,0,1,0,0,1,0,0,0,0,0,0,0
68,Entrevista con el vampiro,(2022– ),,NaN,6.9,NaN,10131.0,0,0,0,0,0,1,0,1,1,0,1,0,0,0,0,0,0,0,0,0,0
69,Estamos muertos,(2022– ),16,60.0,7.5,NaN,49215.0,1,0,0,0,0,1,0,1,0,0,0,0,0,1,0,0,0,0,0,0,0
70,Están vivos,(1988),18,94.0,7.2,55.0,131277.0,1,0,0,0,0,0,0,0,0,0,1,0,0,0,1,0,0,1,0,0,0
71,Evil,(2019– ),16,42.0,7.7,NaN,26958.0,0,0,0,0,1,1,0,0,0,0,1,0,0,0,1,0,0,0,0,0,0
72,Evil Dead Rise,(2023),18,120.0,NaN,NaN,NaN,0,0,0,0,0,0,0,1,0,0,1,0,0,0,1,0,0,0,0,1,0
73,Expediente Warren: El caso Enfield,(2016),16,134.0,7.3,65.0,271553.0,0,0,0,0,0,0,0,0,0,0,1,0,1,1,0,0,0,0,0,1,0
74,Expediente Warren: The Conjuring,(2013),16,112.0,7.5,68.0,508540.0,0,0,0,0,0,0,0,0,0,0,1,0,1,1,0,0,0,0,0,1,0
75,Fear the Walking Dead,(2015– ),16,44.0,6.8,NaN,129913.0,0,0,0,0,0,1,0,0,1,0,1,0,0,0,0,0,0,1,0,0,0
76,Feed,(2022),,100.0,6.8,NaN,6039.0,0,0,0,0,0,0,0,0,0,0,1,0,0,0,1,0,0,0,0,0,0
77,Fresh,(2022),18,114.0,6.7,67.0,53266.0,0,0,0,1,0,0,0,0,0,0,1,0,0,0,1,0,0,0,0,1,0
78,From,(2022– ),,52.0,7.6,NaN,20781.0,0,0,0,0,0,1,0,0,0,0,1,0,1,1,0,0,0,0,0,0,0
79,Gravity Falls,(2012–2016),TP,23.0,8.9,NaN,107929.0,1,1,1,0,0,0,0,0,0,0,0,0,0,0,1,0,0,0,0,0,0
80,Gremlins,(1984),12,106.0,7.3,70.0,225341.0,0,0,0,1,0,0,0,1,0,0,1,0,0,0,1,0,0,0,0,0,0
81,Grimcutty: Asesino implacable,(2022),16,101.0,4.3,NaN,4889.0,0,0,0,0,0,1,0,0,0,0,1,0,1,0,1,0,0,0,0,0,0
82,Grimm,(2011–2017),16,45.0,7.9,NaN,120406.0,0,0,0,0,1,1,0,1,0,0,0,0,0,1,0,0,0,0,0,0,0
83,Guerra mundial Z,(2013),16,116.0,7.0,63.0,665837.0,1,1,0,0,0,0,0,0,0,0,1,0,0,0,1,0,0,0,0,0,0
84,Halloween Kills,(2021),18,105.0,5.5,42.0,86307.0,0,0,0,0,0,0,0,0,0,0,1,0,0,0,1,0,0,0,0,1,0
85,Halloween: El final,(2022),18,111.0,5.0,47.0,49111.0,0,0,0,0,0,0,0,0,1,0,1,0,0,0,0,0,0,0,0,1,0
86,Halloween: El origen,(2007),18,109.0,6.0,47.0,123386.0,0,0,0,0,0,0,0,0,0,0,1,0,0,0,1,0,0,0,0,0,0
87,Hannibal,(2013–2015),18,44.0,8.5,NaN,255135.0,0,0,0,0,1,1,0,0,0,0,1,0,0,1,0,0,0,0,0,0,0
88,Hasta los huesos: Bones and All,(2022),R,130.0,7.1,76.0,1258.0,0,0,0,0,0,1,0,0,1,0,1,0,0,0,0,0,1,0,0,0,0
89,Hellraiser,(2022),R,121.0,6.0,55.0,31702.0,0,0,0,0,0,0,0,0,1,0,1,0,1,0,0,0,0,0,0,1,0
90,Hellraiser: Los que traen el infierno,(1987),18,94.0,6.9,56.0,128489.0,0,0,0,0,0,0,0,0,0,0,1,0,0,1,0,0,0,0,0,1,0
91,Hereditary,(2018),16,127.0,7.3,87.0,314771.0,0,0,0,0,0,1,0,0,0,0,1,0,1,1,0,0,0,0,0,0,0
92,Holocausto caníbal,(1980),18,95.0,5.8,22.0,56418.0,0,1,0,0,0,0,0,0,0,0,1,0,0,0,1,0,0,0,0,0,0
93,Horizonte Final,(1997),13,96.0,6.6,35.0,181981.0,0,0,0,0,0,0,0,0,0,0,1,0,0,0,1,0,0,1,0,1,0
94,Hotel Transilvania,(2012),A/i,91.0,7.0,47.0,256864.0,0,1,1,1,0,0,0,0,0,0,0,0,0,0,1,0,0,0,0,0,0
95,Hotel Transilvania 4: Transformanía,(2022),7,87.0,6.0,46.0,30856.0,0,1,1,1,0,0,0,0,0,0,0,0,0,1,0,0,0,0,0,0,0
96,In the Dark,(2019–2022),X,42.0,7.5,NaN,13188.0,1,0,0,0,1,0,0,0,0,0,1,0,0,1,0,0,0,0,0,0,0
97,Inhumano,(2022),,91.0,4.4,NaN,1635.0,0,0,0,1,0,0,0,0,0,0,1,0,0,1,0,0,0,0,0,1,0
98,Insidious,(I) (2010),16,103.0,6.8,52.0,310200.0,0,0,0,0,0,0,0,0,0,0,1,0,1,0,1,0,0,0,0,1,0
99,It,(1990),13,192.0,6.8,NaN,129947.0,0,0,0,0,0,1,0,0,0,0,1,0,1,0,1,0,0,0,0,0,0
100,It,(I) (2017),16,135.0,7.3,69.0,546665.0,0,0,0,0,0,0,0,0,1,0,1,0,0,0,0,0,0,0,0,0,0
101,It Follows,(2014),16,100.0,6.8,83.0,243631.0,0,0,0,0,0,0,0,0,0,0,1,0,1,0,1,0,0,0,0,1,0
102,It: Capítulo 2,(2019),18,169.0,6.5,58.0,265448.0,0,0,0,0,0,1,0,1,0,0,1,0,0,0,1,0,0,0,0,0,0
103,Jaula,(2022),16,106.0,6.0,NaN,3770.0,0,0,0,0,0,0,0,0,1,0,1,0,1,0,0,0,0,0,0,1,0
104,Jeepers Creepers,(2001),13,90.0,6.2,49.0,130666.0,0,0,0,0,0,0,0,0,0,0,1,0,1,0,1,0,0,0,0,0,0
105,Jeepers Creepers: Reborn,(2022),R,88.0,2.5,NaN,7151.0,0,0,0,0,0,0,0,0,0,0,1,0,1,1,0,0,0,0,0,1,0
106,Jennifer's Body,(2009),13,102.0,5.4,47.0,136357.0,0,0,0,1,0,0,0,0,0,0,1,0,0,0,1,0,0,0,0,0,0
107,JoJo's Bizarre Adventure,(2012– ),16,30.0,8.4,NaN,23823.0,1,1,1,0,0,0,0,0,0,0,0,0,0,0,1,0,0,0,0,0,0
108,Jóvenes ocultos,(1987),13,97.0,7.2,63.0,145462.0,0,0,0,1,0,0,0,0,0,0,1,0,0,0,1,0,0,0,0,0,0
109,Jóvenes y brujas,(1996),13,101.0,6.4,55.0,95706.0,0,0,0,0,0,1,0,1,0,0,1,0,0,0,1,0,0,0,0,0,0
110,Km. 666,(I) (2003),18,84.0,6.1,32.0,121339.0,0,0,0,0,0,0,0,0,0,0,1,0,0,1,0,0,0,0,0,1,0
111,La bestia,(I) (2022),12,93.0,5.6,54.0,22478.0,0,1,0,0,0,1,0,0,0,0,1,0,0,1,0,0,0,0,0,0,0
112,La bruja,(2015),16,92.0,6.9,83.0,262688.0,0,0,0,0,0,1,0,1,0,0,1,0,0,1,0,0,0,0,0,0,0
113,La cabaña en el bosque,(2011),16,95.0,7.0,72.0,418961.0,0,0,0,0,0,0,0,0,0,0,1,0,1,0,1,0,0,0,0,1,0
114,La casa oscura,(2020),16,107.0,6.5,68.0,53511.0,0,0,0,0,0,0,0,0,0,0,1,0,1,1,0,0,0,0,0,1,0
115,La caza,(II) (2020),16,90.0,6.5,50.0,115020.0,1,0,0,0,0,0,0,0,0,0,1,0,0,1,0,0,0,0,0,1,0
116,La cosa (El enigma de otro mundo),(1982),13,109.0,8.2,57.0,424771.0,0,0,0,0,0,0,0,0,0,0,1,0,1,0,1,0,0,1,0,0,0
117,La dimensión desconocida,(1959–1964),13,51.0,9.1,NaN,83671.0,0,0,0,0,0,1,0,1,0,0,1,0,0,0,1,0,0,0,0,0,0
118,La familia Addams,(1964–1966),A,30.0,8.0,NaN,18120.0,0,0,0,1,0,0,1,0,0,0,1,0,0,1,0,0,0,0,0,0,0
119,La familia Addams,(2019),7,86.0,5.8,46.0,39965.0,0,0,1,1,0,0,1,0,0,0,0,0,0,1,0,0,0,0,0,0,0
120,La huérfana,(2009),18,123.0,7.0,42.0,231271.0,0,0,0,0,0,0,0,0,0,0,1,0,1,0,1,0,0,0,0,1,0
121,La huérfana: primer asesinato,(2022),16,99.0,5.9,54.0,29464.0,0,0,0,0,1,1,0,0,0,0,1,0,0,1,0,0,0,0,0,0,0
122,La invitación,(II) (2022),12,105.0,5.2,45.0,13469.0,0,0,0,0,0,0,0,0,0,0,1,0,0,1,0,0,0,0,0,1,0
123,La maldición de Bly Manor,(2020),16,494.0,7.3,NaN,105585.0,0,0,0,0,0,1,0,0,0,0,1,0,1,0,1,0,0,0,0,0,0
124,La maldición de Hill House,(2018),16,572.0,8.6,NaN,243858.0,0,0,0,0,0,1,0,0,1,0,1,0,1,0,0,0,0,0,0,0,0
125,La maldición del hombre lobo,(2022 TV Movie),,52.0,7.2,NaN,48286.0,1,1,0,0,0,1,0,0,1,0,0,0,0,0,0,0,0,0,0,0,0
126,La matanza de Texas,(1974),18,83.0,7.4,78.0,164260.0,0,0,0,0,0,0,0,0,0,0,1,0,0,0,1,0,0,0,0,0,0
127,La matanza de Texas,(2022),18,83.0,4.7,34.0,52987.0,0,0,0,0,1,0,0,0,0,0,1,0,0,0,1,0,0,0,0,1,0
128,La momia,(2017),12,111.0,5.4,34.0,191047.0,1,1,0,0,0,0,0,1,0,0,0,0,0,0,1,0,0,0,0,0,0
129,La monja,(2018),16,96.0,5.3,46.0,141917.0,0,0,0,0,0,0,0,0,0,0,1,0,1,1,0,0,0,0,0,1,0
130,La niebla,(2007),18,126.0,7.1,58.0,312449.0,0,0,0,0,0,0,0,0,0,0,1,0,0,0,1,0,0,1,0,1,0
131,La noche de Halloween,(1978),18,91.0,7.7,87.0,281642.0,0,0,0,0,0,0,0,0,0,0,1,0,0,1,0,0,0,0,0,1,0
132,La noche de Halloween,(I) (2018),16,106.0,6.5,67.0,155959.0,0,0,0,0,1,0,0,0,0,0,1,0,0,0,1,0,0,0,0,1,0
133,La semilla del diablo,(1968),18,137.0,8.0,96.0,217916.0,0,0,0,0,0,1,0,0,0,0,1,0,0,1,0,0,0,0,0,0,0
134,La tienda de los horrores,(1986),A,94.0,7.1,81.0,77926.0,0,0,0,1,0,0,0,0,0,0,1,1,0,1,0,0,0,0,0,0,0
135,La víspera de Halloween,(2013),,83.0,5.1,NaN,8638.0,0,0,0,0,0,0,0,0,0,0,1,0,0,1,0,0,0,0,0,1,0
136,Lamb,(2021),16,106.0,6.3,68.0,28387.0,0,0,0,0,0,1,0,1,0,0,1,0,0,1,0,0,0,0,0,0,0
137,Las brujas de Roald Dahl,(2020),7,106.0,5.3,47.0,41610.0,0,1,0,1,0,0,1,0,0,0,0,0,0,1,0,0,0,0,0,0,0
138,Las escalofriantes aventuras de Sabrina,(2018–2020),16,60.0,7.4,NaN,95211.0,0,0,0,0,0,1,0,1,0,0,1,0,0,0,1,0,0,0,0,0,0
139,Las ruinas,(2008),18,90.0,5.9,44.0,76159.0,0,0,0,0,0,0,0,0,0,0,1,0,0,1,0,0,0,0,0,0,0
140,Legacies,(2018–2022),16,45.0,7.3,NaN,32015.0,0,1,0,0,0,1,0,1,0,0,0,0,0,0,1,0,0,0,0,0,0
141,Legión,(2010),16,100.0,5.2,32.0,105957.0,1,0,0,0,0,0,0,1,0,0,1,0,0,0,1,0,0,0,0,0,0
142,Let the Right One In,(2022– ),,53.0,7.2,NaN,1619.0,0,0,0,0,0,1,0,0,1,0,1,0,0,0,0,0,0,0,0,0,0
143,Life (Vida),(I) (2017),12,104.0,6.6,54.0,232039.0,0,0,0,0,0,0,0,0,0,0,1,0,0,0,1,0,0,1,0,1,0
144,Little Demon,(2022– ),,26.0,6.7,NaN,2811.0,0,0,1,1,0,0,0,0,0,0,1,0,0,1,0,0,0,0,0,0,0
145,Lo que hacemos en las sombras,(2014),16,86.0,7.6,76.0,184910.0,0,0,0,1,0,0,0,0,0,0,1,0,0,0,1,0,0,0,0,0,0
146,Lo que hacemos en las sombras,(2019– ),16,30.0,8.6,NaN,77503.0,0,0,0,1,0,0,0,1,1,0,1,0,0,0,0,0,0,0,0,0,0
147,Locke & Key,(2020–2022),13,48.0,7.3,NaN,86703.0,0,0,0,0,0,1,0,1,0,0,1,0,0,1,0,0,0,0,0,0,0
148,Los ancianos,(2022),16,101.0,5.0,NaN,3707.0,0,0,0,0,0,0,0,0,0,0,1,0,0,0,1,0,0,0,0,0,0
149,Los crímenes de la academia,(2022),R,128.0,NaN,NaN,NaN,0,0,0,0,1,0,0,0,0,0,1,0,1,0,1,0,0,0,0,0,0
150,Los nuevos mutantes,(2020),12,94.0,5.3,43.0,79977.0,1,0,0,0,0,0,0,0,0,0,1,0,1,0,1,0,0,0,0,0,0
151,Los originales,(2013–2018),12,45.0,8.3,NaN,136188.0,0,0,0,0,0,1,0,1,0,0,1,0,0,1,0,0,0,0,0,0,0
152,"Love, Death & Robots",(2019– ),18,15.0,8.4,NaN,168177.0,1,0,1,0,0,0,0,0,0,0,0,0,0,1,0,0,0,0,1,0,0
153,M3GAN,(2023),PG-13,NaN,NaN,NaN,NaN,0,0,0,0,0,0,0,0,0,0,1,0,0,0,1,0,0,1,0,1,0
154,Madre!,(2017),16,121.0,6.6,75.0,226855.0,0,0,0,0,0,1,0,0,0,0,1,0,1,0,1,0,0,0,0,0,0
155,Maligno,(I) (2021),18,111.0,6.2,51.0,90518.0,0,0,0,0,1,0,0,0,0,0,1,0,1,0,1,0,0,0,0,0,0
156,Mandrake,(2022),,85.0,4.7,NaN,354.0,0,0,0,0,0,0,0,0,0,0,1,0,0,1,0,0,0,0,0,0,0
157,Mandy,(I) (2018),18,121.0,6.5,81.0,79982.0,1,0,0,0,0,0,0,1,0,0,1,0,0,0,1,0,0,0,0,0,0
158,Martyrs (Mártires),(2008),Not Rated,99.0,7.0,NaN,95718.0,0,0,0,0,0,0,0,0,0,0,1,0,0,0,1,0,0,0,0,0,0
159,Matriarcado,(2022),,85.0,4.4,NaN,1401.0,0,0,0,0,0,0,0,0,0,0,1,0,0,0,1,0,0,0,0,0,0
160,Men,(2022),16,100.0,6.1,65.0,37193.0,0,0,0,0,0,1,0,1,0,0,1,0,0,1,0,0,0,0,0,0,0
161,Midsommar,(2019),18,148.0,7.1,72.0,319457.0,0,0,0,0,0,1,0,0,1,0,1,0,1,0,0,0,0,0,0,0,0
162,Misa de medianoche,(2021),16,450.0,7.7,NaN,116164.0,0,0,0,0,0,1,0,1,0,0,1,0,0,1,0,0,0,0,0,0,0
163,Mob Psycho 100,(2016– ),Not Rated,24.0,8.6,NaN,31843.0,1,0,1,1,0,0,0,0,0,0,0,0,0,1,0,0,0,0,0,0,0
164,Morbius,(2022),12,104.0,5.2,35.0,119109.0,1,1,0,0,0,0,0,0,1,0,1,0,0,0,0,0,0,0,0,0,0
165,Muñeco diabólico,(1988),13,87.0,6.6,58.0,104553.0,0,0,0,0,0,0,0,0,0,0,1,0,0,1,0,0,0,0,0,1,0
166,Más allá del jardín,(2014),TP,22.0,8.8,NaN,56841.0,0,1,1,0,0,0,0,0,0,0,0,0,0,0,1,0,0,0,1,0,0
167,Múltiple,(IX) (2016),16,117.0,7.3,62.0,496500.0,0,0,0,0,0,0,0,0,0,0,1,0,0,0,1,0,0,0,0,1,0
168,Noche de bodas,(I) (2019),16,95.0,6.8,64.0,151783.0,1,0,0,1,0,0,0,0,0,0,1,0,0,0,1,0,0,0,0,0,0
169,Noche de paz,(2022),R,101.0,NaN,NaN,NaN,1,0,0,1,1,0,0,0,1,0,0,0,0,0,0,0,0,0,0,0,0
170,Nosferatu,(1922),13,94.0,7.9,NaN,98316.0,0,0,0,0,0,0,0,1,0,0,1,0,0,1,0,0,0,0,0,0,0
171,Nosotros,(II) (2019),16,116.0,6.8,81.0,298205.0,0,0,0,0,0,0,0,0,0,0,1,0,1,0,1,0,0,0,0,1,0
172,Pearl,(2022),R,103.0,7.0,73.0,23670.0,0,0,0,0,0,0,0,0,1,0,1,0,0,0,0,0,0,0,0,0,0
173,Pengabdi Setan 2: Communion,(2022),,119.0,7.1,NaN,1615.0,0,0,0,0,0,1,0,0,0,0,1,0,1,1,0,0,0,0,0,0,0
174,Penny Dreadful,(2014–2016),16,60.0,8.2,NaN,122761.0,0,0,0,0,0,1,0,1,0,0,1,0,0,0,1,0,0,0,0,0,0
175,Pesadilla en Elm Street,(1984),18,91.0,7.4,76.0,241576.0,0,0,0,0,0,0,0,0,0,0,1,0,0,1,0,0,0,0,0,0,0
176,Phone Bhoot,(2022),,136.0,7.2,NaN,7086.0,0,0,0,1,0,0,0,0,1,0,1,0,0,0,0,0,0,0,0,0,0
177,Poltergeist. Fenómenos extraños,(1982),14,114.0,7.3,79.0,165877.0,0,0,0,0,0,0,0,0,0,0,1,0,0,0,1,0,0,0,0,1,0
178,Posesión infernal,(1981),18,85.0,7.4,71.0,211294.0,0,0,0,0,0,0,0,0,0,0,1,0,0,0,1,0,0,0,0,0,0
179,Predator: La presa,(I) (2022),18,99.0,7.2,71.0,182936.0,1,1,0,0,0,1,0,0,1,0,0,0,0,0,0,0,0,0,0,0,0
180,Prey for the Devil,(2022),PG-13,93.0,5.2,38.0,3798.0,0,0,0,0,0,0,0,0,1,0,1,0,0,0,0,0,0,0,0,1,0
181,Psicosis,(1960),13,109.0,8.5,97.0,669936.0,0,0,0,0,0,0,0,0,0,0,1,0,1,0,1,0,0,0,0,1,0
182,Reginald the Vampire,(2022– ),,60.0,5.4,NaN,614.0,0,0,0,1,0,0,0,0,0,0,1,0,0,1,0,0,0,0,0,0,0
183,Resident Evil: Bienvenidos a Raccoon City,(2021),16,107.0,5.2,44.0,53751.0,1,0,0,0,0,0,0,0,0,0,1,0,0,1,0,0,0,1,0,0,0
184,Ruido de fondo,(I) (2022),R,136.0,6.6,68.0,571.0,0,0,0,1,0,1,0,0,0,0,1,0,0,0,1,0,0,0,0,0,0
185,Run Sweetheart Run,(2020),R,104.0,5.3,51.0,2991.0,0,0,0,0,0,0,0,0,1,0,1,0,0,0,0,0,0,0,0,1,0
186,Sandman,(2022– ),18,45.0,7.7,NaN,136905.0,0,0,0,0,0,1,0,1,1,0,1,0,0,0,0,0,0,0,0,0,0
187,Saw,(2004),18,103.0,7.6,46.0,422694.0,0,0,0,0,0,0,0,0,0,0,1,0,1,0,1,0,0,0,0,1,0
188,Scream,(I) (2022),16,114.0,6.3,60.0,110841.0,0,0,0,0,0,0,0,0,1,0,1,0,1,0,0,0,0,0,0,1,0
189,Scream 2,(1997),18,120.0,6.3,63.0,185299.0,0,0,0,0,0,0,0,0,0,0,1,0,1,1,0,0,0,0,0,0,0
190,Scream 6,(2023),,NaN,NaN,NaN,NaN,0,0,0,0,0,0,0,0,0,0,1,0,1,1,0,0,0,0,0,1,0
191,Scream: Vigila quién llama,(1996),18,111.0,7.4,65.0,344051.0,0,0,0,0,0,0,0,0,0,0,1,0,1,1,0,0,0,0,0,0,0
192,Servant,(2019– ),15,30.0,7.5,NaN,35191.0,0,0,0,0,0,1,0,0,0,0,1,0,1,0,1,0,0,0,0,0,0
193,Silent Hill,(2006),18,125.0,6.5,31.0,231771.0,0,0,0,0,0,0,0,0,0,0,1,0,1,0,1,0,0,0,0,0,0
194,Sinister,(I) (2012),16,110.0,6.8,53.0,254549.0,0,0,0,0,0,0,0,0,0,0,1,0,1,0,1,0,0,0,0,1,0
195,Sissy,(I) (2022),,102.0,6.2,67.0,2423.0,0,0,0,1,0,1,0,0,0,0,1,0,0,0,1,0,0,0,0,0,0
196,Sleepy Hollow,(1999),13,105.0,7.3,65.0,362044.0,0,0,0,0,0,0,0,1,0,0,1,0,1,0,1,0,0,0,0,0,0
197,Smile,(V) (2022),16,115.0,6.7,68.0,52315.0,0,0,0,0,0,0,0,0,1,0,1,0,1,0,0,0,0,0,0,1,0
198,Sobrenatural,(2005–2020),12,44.0,8.4,NaN,444143.0,0,0,0,0,0,1,0,1,1,0,1,0,0,0,0,0,0,0,0,0,0
199,Soft & Quiet,(2022),R,91.0,6.0,82.0,722.0,0,0,0,0,0,1,0,0,0,0,1,0,1,1,0,0,0,0,0,0,0
200,Speak No Evil,(2022),,97.0,6.6,78.0,15630.0,0,0,0,0,0,1,0,0,0,0,1,0,0,1,0,0,0,0,0,1,0
201,Splice: Experimento mortal,(2009),16,104.0,5.8,66.0,98084.0,0,0,0,0,0,0,0,0,0,0,1,0,0,0,1,0,0,1,0,0,0
202,Stranger Things,(2016– ),16,51.0,8.7,NaN,1172600.0,0,0,0,0,0,1,0,1,1,0,1,0,0,0,0,0,0,0,0,0,0
203,Suspiria,(I) (2018),18,152.0,6.7,64.0,79057.0,0,0,0,0,0,1,0,1,0,0,1,0,0,1,0,0,0,0,0,0,0
204,Sweeney Todd: El barbero diabólico de la calle Fleet,(2007),13,116.0,7.3,83.0,369901.0,0,0,0,0,0,1,0,0,0,0,1,1,0,1,0,0,0,0,0,0,0
205,Tales of the Walking Dead,(2022– ),,44.0,6.0,NaN,3585.0,0,0,0,0,0,1,0,1,0,0,1,0,0,1,0,0,0,0,0,0,0
206,Terrifier,(2016),,85.0,5.6,NaN,31356.0,0,0,0,0,0,0,0,0,1,0,1,0,0,0,0,0,0,0,0,1,0
207,Terrifier 2,(2022),18,138.0,6.3,59.0,18164.0,0,0,0,0,0,0,0,0,1,0,1,0,0,0,0,0,0,0,0,0,0
208,The Faculty,(1998),18,104.0,6.5,61.0,124860.0,0,0,0,0,0,0,0,0,0,0,1,0,1,0,1,0,0,1,0,0,0
209,The Farm,(I) (2018),,80.0,3.7,NaN,3283.0,0,0,0,0,0,0,0,0,0,0,1,0,0,0,1,0,0,0,0,0,0
210,The Girl Next Door,(2007),R,91.0,6.5,29.0,26802.0,0,0,0,0,1,1,0,0,0,0,1,0,0,1,0,0,0,0,0,0,0
211,The Haunting of Margam Castle,(2020),,81.0,2.6,NaN,723.0,0,0,0,0,0,1,0,0,0,0,1,0,1,0,1,0,0,0,0,0,0
212,The Innocents,(2021),16,117.0,7.0,79.0,13997.0,0,0,0,0,0,1,0,1,0,0,1,0,0,1,0,0,0,0,0,0,0
213,The Lair,(2022),,96.0,4.6,NaN,1211.0,1,0,0,0,0,0,0,0,0,0,1,0,0,0,1,0,0,0,0,0,0
214,The Last of Us,(2023– ),,NaN,NaN,NaN,NaN,1,1,0,0,0,1,0,0,1,0,0,0,0,0,0,0,0,0,0,0,0
215,The Munsters,(2022),PG,109.0,4.6,57.0,8705.0,0,0,0,1,0,0,1,1,0,0,0,0,0,1,0,0,0,0,0,0,0
216,The Purge: La noche de las bestias,(I) (2013),16,85.0,5.7,41.0,225271.0,0,0,0,0,0,0,0,0,0,0,1,0,0,1,0,0,0,1,0,1,0
217,The Ring (La señal),(2002),18,115.0,7.1,57.0,351435.0,0,0,0,0,0,0,0,0,0,0,1,0,1,0,1,0,0,0,0,0,0
218,The Rocky Horror Picture Show,(1975),13,100.0,7.4,65.0,153828.0,0,0,0,1,0,0,0,0,0,0,1,1,0,1,0,0,0,0,0,0,0
219,The Stand,(2020–2021),18,510.0,5.6,NaN,26743.0,0,1,0,0,0,1,0,1,0,0,0,0,0,1,0,0,0,0,0,0,0
220,The VelociPastor,(2018),,75.0,5.0,NaN,6444.0,1,1,0,1,0,0,0,0,0,0,0,0,0,0,1,0,0,0,0,0,0
221,The Walking Dead,(2010–2022),18,44.0,8.1,NaN,981816.0,0,0,0,0,0,1,0,0,1,0,1,0,0,0,0,0,0,0,0,1,0
222,The descent,(2005),18,99.0,7.2,71.0,226693.0,0,1,0,0,0,0,0,0,0,0,1,0,0,0,1,0,0,0,0,1,0
223,The human centipede (First sequence),(2009),R,92.0,4.4,33.0,79979.0,0,0,0,0,0,0,0,0,0,0,1,0,0,1,0,0,0,0,0,0,0
224,Them,(2021– ),18,45.0,7.4,NaN,19923.0,0,0,0,0,0,1,0,0,0,0,1,0,0,1,0,0,0,0,0,1,0
225,Tiempo,(2021),16,108.0,5.8,55.0,119586.0,0,0,0,0,0,1,0,0,0,0,1,0,1,1,0,0,0,0,0,0,0
226,Train to Busan,(2016),16,118.0,7.6,73.0,220846.0,1,0,0,0,0,0,0,0,0,0,1,0,0,0,1,0,0,0,0,1,0
227,Tucker & Dale contra el mal,(2010),18,89.0,7.5,65.0,181465.0,0,0,0,1,0,0,0,0,0,0,1,0,0,1,0,0,0,0,0,0,0
228,Turno de día,(2022),16,113.0,6.1,51.0,73012.0,1,0,0,1,0,0,0,1,0,0,0,0,0,1,0,0,0,0,0,0,0
229,Tusk,(I) (2014),16,102.0,5.3,55.0,54989.0,0,0,0,1,0,0,0,0,0,0,1,0,0,1,0,0,0,0,0,0,0
230,Twin Peaks,(2017),16,60.0,8.5,NaN,67915.0,0,0,0,0,1,1,0,0,0,0,1,0,0,0,1,0,0,0,0,0,0
231,Un hombre lobo americano en Londres,(1981),13,97.0,7.5,55.0,109073.0,0,0,0,1,0,0,0,0,0,0,1,0,0,1,0,0,0,0,0,0,0
232,Un lugar tranquilo,(2018),16,90.0,7.5,82.0,526771.0,0,0,0,0,0,1,0,0,0,0,1,0,0,0,1,0,0,1,0,0,0
233,Un lugar tranquilo 2,(2020),12,97.0,7.2,71.0,226423.0,0,0,0,0,0,1,0,0,0,0,1,0,0,0,1,0,0,1,0,0,0
234,Under the skin,(I) (2013),16,108.0,6.3,80.0,144984.0,0,0,0,0,0,1,0,0,0,0,1,0,1,1,0,0,0,0,0,0,0
235,Underwater,(2020),12,95.0,5.8,48.0,83189.0,1,0,0,0,0,0,0,0,0,0,1,0,0,0,1,0,0,1,0,0,0
236,Urban Legend,(2022– ),,42.0,5.4,NaN,185.0,0,0,0,0,0,0,0,0,0,0,1,0,0,0,1,0,0,0,0,0,0
237,V/H/S/99,(2022),,109.0,5.1,58.0,3892.0,0,0,0,0,0,0,0,0,0,0,1,0,0,0,1,0,0,0,0,0,0
238,Viernes 13,(1980),18,95.0,6.4,22.0,141612.0,0,0,0,0,0,0,0,0,0,0,1,0,1,0,1,0,0,0,0,1,0
239,Viernes 13,(2009),18,97.0,5.5,34.0,109140.0,0,0,0,0,0,0,0,0,0,0,1,0,1,1,0,0,0,0,0,1,0
240,Vigilante,(2022– ),16,332.0,6.5,NaN,48127.0,0,0,0,0,0,1,0,0,1,0,1,0,1,0,0,0,0,0,0,0,0
241,Watcher,(I) (2022),R,91.0,6.3,72.0,22986.0,0,0,0,0,0,1,0,0,1,0,1,0,0,0,0,0,0,0,0,1,0
242,Wendell & Wild,(2022),12,105.0,6.5,69.0,5975.0,0,1,1,1,0,0,0,0,1,0,0,0,0,0,0,0,0,0,0,0,0
243,Winnie-the-Pooh: Blood and Honey,(2023),,NaN,NaN,NaN,NaN,0,0,0,0,0,0,0,0,0,0,1,0,0,1,0,0,0,0,0,0,0
244,X,(II) (2022),18,105.0,6.6,79.0,85830.0,0,0,0,0,0,0,0,0,1,0,1,0,1,0,0,0,0,0,0,1,0
245,Yellowjackets,(2021– ),16,60.0,7.9,NaN,46296.0,0,0,0,0,0,1,0,0,0,0,1,0,1,1,0,0,0,0,0,0,0
246,Zombies Party (Una noche... de muerte),(2004),16,99.0,7.9,76.0,558647.0,0,0,0,1,0,0,0,0,0,0,1,0,0,0,1,0,0,0,0,0,0
247,iZombie,(2015–2019),16,42.0,7.8,NaN,68466.0,0,0,0,1,1,1,0,0,0,0,0,0,0,1,0,0,0,0,0,0,0
248,¡Nop!,(2022),12,130.0,6.9,77.0,155619.0,0,0,0,0,0,0,0,0,1,0,1,0,1,0,0,0,0,1,0,0,0
249,Última noche en el Soho,(2021),16,116.0,7.1,65.0,135365.0,0,0,0,0,0,1,0,0,0,0,1,0,1,1,0,0,0,0,0,0,0
