,MOVIE,YEAR,RATING,RUNTIME (min),IMDB,METASCORE,VOTES,A,ACTION,ADVENTURE,ANIMATION,BIOGRAPHY,COMEDY,CRIME,DRAMA,FAMILY,FANTASY,GAME-SHOW,HISTORY,HORROR,M,MUSIC,MUSICAL,MYSTERY,N,O,R,REALITY-TV,ROMANCE,SCI-FI,SHORT,SPORT,THRILLER,WAR,WESTERN
0,10 razones para odiarte,(1999),13,97.0,7.3,70.0,342079.0,0,0,0,0,0,1,0,1,0,0,0,0,0,0,0,0,0,0,1,0,0,1,0,0,0,0,0,0
1,17 otra vez,(2009),13,102.0,6.4,48.0,202216.0,0,0,0,0,0,1,0,1,0,1,0,0,0,0,0,0,0,1,0,0,0,0,0,0,0,0,0,0
2,22.11.63,(2016),,60.0,8.1,NaN,86775.0,1,0,0,0,0,0,0,1,0,0,0,0,0,0,0,0,1,0,0,0,0,1,0,0,0,0,0,0
3,365 días,(2020),18,114.0,3.3,NaN,89925.0,0,0,0,0,0,0,0,1,0,0,0,0,0,0,0,0,0,0,1,0,0,1,0,0,0,0,0,0
4,365 días más,(2022),18,112.0,2.7,NaN,6165.0,1,0,0,0,0,0,0,1,0,0,0,0,0,0,0,0,0,0,0,0,0,1,0,0,0,0,0,0
5,A Cozy Christmas Inn,(2022 TV Movie),,84.0,6.1,NaN,234.0,0,0,0,0,0,1,0,0,0,0,0,0,0,0,0,0,0,0,0,1,0,1,0,0,0,0,0,0
6,A Kismet Christmas,(2022 TV Movie),,84.0,6.7,NaN,246.0,0,0,0,0,0,1,0,1,1,0,0,0,0,0,0,0,0,0,1,0,0,0,0,0,0,0,0,0
7,A Million Little Things,(2018– ),,43.0,7.9,NaN,13751.0,1,0,0,0,0,1,0,1,0,0,0,0,0,0,0,0,0,0,0,0,0,1,0,0,0,0,0,0
8,A por todas,(2000),A,98.0,6.1,52.0,97363.0,0,0,0,0,0,1,0,0,0,0,0,0,0,0,0,0,0,1,0,0,0,1,0,0,1,0,0,0
9,After. Amor Infinito,(2022),12,119.0,4.5,NaN,4356.0,0,0,0,0,0,0,0,1,0,0,0,0,0,0,0,0,0,0,1,0,0,1,0,0,0,0,0,0
10,After. En mil pedazos,(2020),12,105.0,5.0,14.0,32185.0,1,0,0,0,0,0,0,1,0,0,0,0,0,0,0,0,0,0,0,0,0,1,0,0,0,0,0,0
11,After: Aquí empieza todo,(I) (2019),12,105.0,5.3,30.0,55867.0,0,0,0,0,0,0,0,1,0,0,0,0,0,0,0,0,0,0,1,0,0,1,0,0,0,0,0,0
12,Aladdín,(2019),A,128.0,6.9,53.0,265142.0,0,0,1,0,0,1,0,0,1,0,0,0,0,0,0,0,0,1,0,0,0,0,0,0,0,0,0,0
13,Ally McBeal,(1997–2002),13,45.0,6.9,NaN,33751.0,0,0,0,0,0,1,0,1,0,1,0,0,0,0,0,0,0,1,0,0,0,0,0,0,0,0,0,0
14,Amar,(2017),13,105.0,5.1,NaN,4662.0,0,0,0,0,0,0,0,1,0,0,0,0,0,1,0,0,0,0,0,0,0,1,0,0,0,0,0,0
15,Amelie,(2001),A,122.0,8.3,69.0,754471.0,0,0,0,0,0,1,0,0,0,0,0,0,0,0,0,0,0,1,0,0,0,1,0,0,0,0,0,0
16,American Gigolo,(2022– ),,55.0,7.1,NaN,3502.0,0,0,0,0,0,0,1,1,0,0,0,0,0,0,0,0,1,0,0,1,0,0,0,0,0,0,0,0
17,Amor a quemarropa,(1993),18,119.0,7.9,59.0,227366.0,1,0,0,0,0,0,1,1,0,0,0,0,0,0,0,0,0,0,0,0,0,1,0,0,0,0,0,0
18,Amor redentor,(2022),PG-13,134.0,6.7,32.0,7373.0,0,0,0,0,0,0,0,1,0,0,0,0,0,0,0,0,0,1,0,0,0,1,0,0,0,0,0,0
19,Amor zombie,(2014),12,89.0,5.6,50.0,21744.0,0,0,0,0,0,1,0,0,0,1,0,0,1,0,0,0,0,1,0,0,0,0,0,0,0,0,0,0
20,Anatomía de Grey,(2005– ),13,41.0,7.6,NaN,306582.0,0,0,0,0,0,0,0,1,0,0,0,0,0,0,0,0,0,0,0,1,0,1,0,0,0,0,0,0
21,Antes de amanecer,(1995),T,101.0,8.1,77.0,307381.0,0,0,0,0,0,0,0,1,0,0,0,0,0,0,0,0,0,1,0,0,0,1,0,0,0,0,0,0
22,Antes de ti,(2016),12,106.0,7.4,51.0,252811.0,1,0,0,0,0,0,0,1,0,0,0,0,0,0,0,0,0,0,0,0,0,1,0,0,0,0,0,0
23,Aquellos maravillosos 70,(1998–2006),13,22.0,8.1,NaN,171142.0,0,0,0,0,0,1,0,1,0,0,0,0,0,0,0,0,0,0,0,1,0,1,0,0,0,0,0,0
24,Asteroid City,(2022),,NaN,NaN,NaN,NaN,0,0,0,0,0,1,0,0,0,0,0,0,0,0,0,0,0,1,0,0,0,1,0,0,0,0,0,0
25,Barbie,(2023),,NaN,NaN,NaN,NaN,0,0,1,0,0,1,0,0,0,1,0,0,0,0,0,0,0,0,1,0,0,0,0,0,0,0,0,0
26,Big Bang,(2007–2019),7,22.0,8.2,NaN,803413.0,0,0,0,0,0,1,0,0,0,0,0,0,0,0,0,0,0,0,0,1,0,1,0,0,0,0,0,0
27,Big Mouth,(2017– ),16,30.0,7.9,NaN,78513.0,0,0,0,1,0,1,0,0,0,0,0,0,0,0,0,0,0,0,0,1,0,1,0,0,0,0,0,0
28,Blonde,(2022),18,167.0,5.5,50.0,46389.0,0,0,0,0,1,0,0,1,0,0,0,0,0,0,0,0,0,0,0,1,0,1,0,0,0,0,0,0
29,Bones,(2005–2017),12,40.0,7.8,NaN,159279.0,0,0,0,0,0,1,1,1,0,0,0,0,0,0,0,0,0,0,0,1,0,0,0,0,0,0,0,0
30,Bros,(I) (2022),12,115.0,6.4,74.0,17281.0,0,0,0,0,0,1,0,0,0,0,0,0,0,0,0,0,0,0,0,1,0,1,0,0,0,0,0,0
31,Bruja Escarlata y Visión,(2021),9+,350.0,7.9,NaN,319896.0,0,1,0,0,0,1,0,1,0,0,0,0,0,0,0,0,0,0,1,0,0,0,0,0,0,0,0,0
32,"Buffy, cazavampiros",(1997–2003),13,44.0,8.3,NaN,147107.0,0,1,0,0,0,0,0,1,0,1,0,0,0,0,0,0,0,0,0,1,0,0,0,0,0,0,0,0
33,Call Me by Your Name,(2017),12,132.0,7.8,93.0,270915.0,0,0,0,0,0,0,0,1,0,0,0,0,0,0,0,0,0,0,1,0,0,1,0,0,0,0,0,0
34,Casablanca,(1942),A,102.0,8.5,100.0,569567.0,0,0,0,0,0,0,0,1,0,0,0,0,0,0,0,0,0,1,0,0,0,1,0,0,0,0,1,0
35,Castle,(2009–2016),7,43.0,8.1,NaN,162450.0,0,0,0,0,0,1,1,1,0,0,0,0,0,0,0,0,0,0,0,1,0,0,0,0,0,0,0,0
36,Cazadores de sombras: Ciudad de hueso,(2013),12,130.0,5.8,33.0,134773.0,0,1,1,0,0,0,0,0,0,1,0,0,0,0,0,0,0,1,0,0,0,0,0,0,0,0,0,0
37,Cincuenta sombras de Grey,(2015),18,125.0,4.1,46.0,320423.0,0,0,0,0,0,0,0,1,0,0,0,0,0,0,0,0,0,0,1,0,0,1,0,0,0,1,0,0
38,Cincuenta sombras más oscuras,(2017),18,118.0,4.5,33.0,103217.0,0,0,0,0,0,0,0,1,0,0,0,0,0,0,0,0,0,1,0,0,0,1,0,0,0,1,0,0
39,Closer,(I) (2004),18,104.0,7.2,65.0,219545.0,0,0,0,0,0,0,0,1,0,0,0,0,0,0,0,0,0,1,0,0,0,1,0,0,0,0,0,0
40,Clueless (Fuera de onda),(1995),A,97.0,6.9,68.0,218678.0,0,0,0,0,0,1,0,0,0,0,0,0,0,0,0,0,0,0,1,0,0,1,0,0,0,0,0,0
41,College Romance,(2018– ),,30.0,8.4,NaN,26982.0,0,0,0,0,0,1,0,1,0,0,0,0,0,1,0,0,0,0,0,0,0,1,0,0,0,0,0,0
42,Con derecho a roce,(2011),12,109.0,6.5,63.0,369223.0,0,0,0,0,0,1,0,0,0,0,0,0,0,0,0,0,0,1,0,0,0,1,0,0,0,0,0,0
43,Corazones malheridos,(2022),,122.0,6.7,30.0,35623.0,0,0,0,0,0,0,0,1,0,0,0,0,0,1,1,0,0,0,0,0,0,1,0,0,0,0,0,0
44,Crazy Rich Asians,(2018),7,120.0,6.9,74.0,172667.0,0,0,0,0,0,1,0,1,0,0,0,0,0,0,0,0,0,1,0,0,0,1,0,0,0,0,0,0
45,"Crazy, Stupid, Love.",(2011),7,118.0,7.4,68.0,520215.0,0,0,0,0,0,1,0,1,0,0,0,0,0,1,0,0,0,0,0,0,0,1,0,0,0,0,0,0
46,Crepúsculo,(I) (2008),12,122.0,5.3,56.0,461410.0,0,0,0,0,0,0,0,1,0,1,0,0,0,0,0,0,0,0,1,0,0,1,0,0,0,0,0,0
47,Crueles intenciones,(1999),18,97.0,6.8,56.0,192924.0,0,0,0,0,0,0,0,1,0,0,0,0,0,0,0,0,0,1,0,0,0,1,0,0,0,0,0,0
48,Crónicas vampíricas,(2009–2017),16,43.0,7.7,NaN,320567.0,0,0,0,0,0,0,0,1,0,1,0,0,1,0,0,0,0,0,0,1,0,0,0,0,0,0,0,0
49,Cuando Harry encontró a Sally...,(1989),A,95.0,7.7,76.0,220766.0,1,0,0,0,0,1,0,1,0,0,0,0,0,0,0,0,0,0,0,0,0,1,0,0,0,0,0,0
50,Cómo conocí a vuestra madre,(2005–2014),13,22.0,8.3,NaN,680079.0,0,0,0,0,0,1,0,0,0,0,0,0,0,0,0,0,0,0,0,1,0,1,0,0,0,0,0,0
51,Dallas,(1978–1991),,60.0,7.0,NaN,15069.0,0,0,0,0,0,0,0,1,0,0,0,0,0,0,0,0,0,1,0,0,0,1,0,0,0,0,0,0
52,Dando la nota,(2012),12,112.0,7.1,66.0,306455.0,0,0,0,0,0,1,0,0,0,0,0,0,0,1,1,0,0,0,0,0,0,1,0,0,0,0,0,0
53,De boda en boda,(2005),13,119.0,7.0,64.0,356658.0,1,0,0,0,0,1,0,0,0,0,0,0,0,0,0,0,0,0,0,0,0,1,0,0,0,0,0,0
54,Decision to Leave,(2022),,139.0,7.3,84.0,12813.0,0,0,0,0,0,0,1,1,0,0,0,0,0,0,0,0,1,0,0,1,0,0,0,0,0,0,0,0
55,Desencantada: Vuelve Giselle,(2022),PG,NaN,NaN,NaN,NaN,0,0,1,1,0,1,0,0,0,0,0,0,0,0,0,0,0,0,0,1,0,0,0,0,0,0,0,0
56,Destino de caballero,(2001),A,132.0,6.9,56.0,187919.0,0,1,1,0,0,0,0,0,0,0,0,0,0,0,0,0,0,1,0,0,0,1,0,0,0,0,0,0
57,Dirty Dancing,(I) (1987),A,100.0,7.0,65.0,232598.0,1,0,0,0,0,0,0,1,0,0,0,0,0,0,1,0,0,0,0,0,0,1,0,0,0,0,0,0
58,Doc Martin,(2004–2022),,46.0,8.4,NaN,16572.0,0,0,0,0,0,1,0,1,0,0,0,0,0,0,0,0,0,0,0,1,0,1,0,0,0,0,0,0
59,Don Jon,(2013),16,90.0,6.5,66.0,240396.0,0,0,0,0,0,1,0,1,0,0,0,0,0,0,0,0,0,1,0,0,0,1,0,0,0,0,0,0
60,Dos hombres y medio,(2003–2015),12,22.0,7.1,NaN,263195.0,0,0,0,0,0,1,0,0,0,0,0,0,0,0,0,0,0,0,0,1,0,1,0,0,0,0,0,0
61,Dos madres perfectas,(2013),16,112.0,6.2,37.0,34893.0,0,0,0,0,0,0,0,1,0,0,0,0,0,0,0,0,0,1,0,0,0,1,0,0,0,0,0,0
62,Downton Abbey,(2010–2015),7,58.0,8.7,NaN,206283.0,0,0,0,0,0,0,0,1,0,0,0,0,0,0,0,0,0,0,0,1,0,1,0,0,0,0,0,0
63,Downton Abbey: Una nueva era,(2022),PG,124.0,7.4,63.0,20331.0,0,0,0,0,0,0,0,1,0,0,0,0,0,1,0,0,0,0,0,0,0,1,0,0,0,0,0,0
64,Drácula de Bram Stoker,(1992),18,128.0,7.4,57.0,218491.0,0,0,0,0,0,0,0,1,0,1,0,0,1,0,0,0,0,0,0,1,0,0,0,0,0,0,0,0
65,Déjame entrar,(2008),13,114.0,7.9,82.0,217963.0,0,0,0,0,0,0,0,1,0,1,0,0,1,1,0,0,0,0,0,0,0,0,0,0,0,0,0,0
66,Eduardo Manostijeras,(1990),A,105.0,7.9,74.0,489984.0,0,0,0,0,0,0,0,1,0,1,0,0,0,0,0,0,0,0,0,1,0,1,0,0,0,0,0,0
67,El bar Coyote,(2000),13,100.0,5.7,27.0,115804.0,1,0,0,0,0,1,0,1,0,0,0,0,0,0,1,0,0,0,0,0,0,0,0,0,0,0,0,0
68,El curioso caso de Benjamin Button,(2008),A,166.0,7.8,70.0,649007.0,0,0,0,0,0,0,0,1,0,1,0,0,0,0,0,0,0,1,0,0,0,1,0,0,0,0,0,0
69,El descubrimiento de las brujas,(2018–2022),12,60.0,7.9,NaN,53054.0,0,0,0,0,0,0,0,1,0,1,0,0,0,1,0,0,0,0,0,0,0,1,0,0,0,0,0,0
70,El diario de Noa,(2004),A,123.0,7.8,53.0,571320.0,0,0,0,0,0,0,0,1,0,0,0,0,0,1,0,0,0,0,0,0,0,1,0,0,0,0,0,0
71,El fantasma de la ópera de Andrew Lloyd Webber,(2004),PG-13,143.0,7.2,40.0,123676.0,1,0,0,0,0,0,0,1,0,0,0,0,0,0,0,1,0,0,0,0,0,1,0,0,0,0,0,0
72,El gran Gatsby,(2013),12,143.0,7.2,55.0,543089.0,0,0,0,0,0,0,0,1,0,0,0,0,0,1,0,0,0,0,0,0,0,1,0,0,0,0,0,0
73,El indomable Will Hunting,(1997),A,126.0,8.3,70.0,960780.0,0,0,0,0,0,0,0,1,0,0,0,0,0,0,0,0,0,0,1,0,0,1,0,0,0,0,0,0
74,El lado bueno de las cosas,(2012),12,122.0,7.7,81.0,708235.0,0,0,0,0,0,1,0,1,0,0,0,0,0,0,0,0,0,1,0,0,0,1,0,0,0,0,0,0
75,El lago azul,(1980),14,104.0,5.8,31.0,70966.0,0,0,1,0,0,0,0,1,0,0,0,0,0,1,0,0,0,0,0,0,0,1,0,0,0,0,0,0
76,El libro de la vida,(2014),7/i,95.0,7.2,67.0,71960.0,0,0,1,1,0,1,0,0,0,0,0,0,0,0,0,0,0,1,0,0,0,0,0,0,0,0,0,0
77,El poder del perro,(2021),16,126.0,6.8,89.0,172382.0,1,0,0,0,0,0,0,1,0,0,0,0,0,0,0,0,0,0,0,0,0,1,0,0,0,0,0,1
78,El secreto de Adaline,(2015),7,112.0,7.2,51.0,182246.0,0,0,0,0,0,0,0,1,0,1,0,0,0,1,0,0,0,0,0,0,0,1,0,0,0,0,0,0
79,El sueño de mi vida,(2004),TP,98.0,6.2,57.0,192903.0,0,0,0,0,0,1,0,0,0,1,0,0,0,0,0,0,0,1,0,0,0,1,0,0,0,0,0,0
80,El verano en que me enamoré,(2022– ),16,45.0,7.4,NaN,18680.0,0,0,0,0,0,0,0,1,0,0,0,0,0,0,0,0,0,0,1,0,0,1,0,0,0,0,0,0
81,El último hombre en la Tierra,(2015–2018),7,22.0,7.3,NaN,59242.0,0,1,0,0,0,1,0,1,0,0,0,0,0,0,0,0,0,1,0,0,0,0,0,0,0,0,0,0
82,El último tango en París,(1972),(Banned),129.0,6.9,77.0,54407.0,0,0,0,0,0,0,0,1,0,0,0,0,0,0,0,0,0,1,0,0,0,1,0,0,0,0,0,0
83,Ellas dan el golpe,(2022– ),,60.0,7.4,NaN,20925.0,0,0,0,0,0,1,0,1,0,0,0,0,0,1,0,0,0,0,0,0,0,1,0,0,0,0,0,0
84,Emily,(2022),R,130.0,7.3,77.0,731.0,0,0,0,0,1,0,0,1,0,0,0,0,0,1,0,0,0,0,0,0,0,1,0,0,0,0,0,0
85,Emily en París,(2020– ),13,30.0,6.9,NaN,90159.0,0,0,0,0,0,1,0,1,0,0,0,0,0,1,0,0,0,0,0,0,0,1,0,0,0,0,0,0
86,Entergalactic,(2022),16,93.0,7.4,NaN,7019.0,0,0,0,1,0,1,0,0,0,0,0,0,0,0,1,0,0,0,1,0,0,0,0,0,0,0,0,0
87,Estación 19,(2018– ),12,60.0,6.8,NaN,15247.0,0,1,0,0,0,0,0,1,0,0,0,0,0,0,0,0,0,0,0,1,0,1,0,0,0,0,0,0
88,Expiación. Más allá de la pasión,(2007),13,123.0,7.8,85.0,278579.0,1,0,0,0,0,0,0,1,0,0,0,0,0,0,0,0,1,0,0,0,0,1,0,0,0,0,0,0
89,Flames,(2018– ),,20.0,8.9,NaN,29747.0,1,0,0,0,0,1,0,1,0,0,0,0,0,0,0,0,0,0,0,0,0,1,0,0,0,0,0,0
90,Footloose,(1984),13,107.0,6.6,42.0,81626.0,1,0,0,0,0,0,0,1,0,0,0,0,0,0,1,0,0,0,0,0,0,1,0,0,0,0,0,0
91,Forrest Gump,(1994),A,142.0,8.8,82.0,2058686.0,0,0,0,0,0,0,0,1,0,0,0,0,0,0,0,0,0,0,1,0,0,1,0,0,0,0,0,0
92,Four More Shots Please!,(2019–2022),14,60.0,7.1,NaN,34832.0,0,0,0,0,0,1,0,1,0,0,0,0,0,0,0,0,0,0,1,0,0,1,0,0,0,0,0,0
93,Friends,(1994–2004),7,22.0,8.9,NaN,986581.0,0,0,0,0,0,1,0,0,0,0,0,0,0,0,0,0,0,0,0,1,0,1,0,0,0,0,0,0
94,Goofy e hijo,(1995),A,78.0,6.9,53.0,55330.0,0,0,1,1,0,1,0,0,0,0,0,0,0,0,0,0,0,1,0,0,0,0,0,0,0,0,0,0
95,Gossip Girl,(2007–2012),13,42.0,7.5,NaN,174496.0,0,0,0,0,0,0,0,1,0,0,0,0,0,0,0,0,0,0,1,0,0,1,0,0,0,0,0,0
96,Grease,(1978),A,110.0,7.2,70.0,276696.0,0,0,0,0,0,1,0,0,0,0,0,0,0,1,0,1,0,0,0,0,0,1,0,0,0,0,0,0
97,Ha nacido una estrella,(2018),12,136.0,7.6,88.0,382511.0,0,0,0,0,0,0,0,1,0,0,0,0,0,0,1,0,0,1,0,0,0,1,0,0,0,0,0,0
98,Habitación en Roma,(2010),16,107.0,6.1,NaN,24346.0,1,0,0,0,0,0,0,1,0,0,0,0,0,0,0,0,0,0,0,0,0,1,0,0,0,0,0,0
99,Hasta los huesos: Bones and All,(2022),R,130.0,7.0,75.0,948.0,0,0,0,0,0,0,0,1,0,0,0,0,1,0,0,0,0,0,0,1,0,1,0,0,0,0,0,0
100,Heartstopper,(2022– ),12,30.0,8.7,NaN,51272.0,1,0,0,0,0,0,0,1,0,0,0,0,0,0,0,0,0,0,0,0,0,1,0,0,0,0,0,0
101,Her,(2013),12,126.0,8.0,91.0,609979.0,0,0,0,0,0,0,0,1,0,0,0,0,0,1,0,0,0,0,0,0,0,1,1,0,0,0,0,0
102,Historia de un matrimonio,(2019),12,137.0,7.9,94.0,306884.0,1,0,0,0,0,0,0,1,0,0,0,0,0,0,0,0,0,0,0,0,0,1,0,0,0,0,0,0
103,Hotel Desire,(2011),,38.0,5.7,NaN,3375.0,0,0,0,0,0,0,0,1,0,0,0,0,0,0,0,0,0,0,1,0,0,1,0,1,0,0,0,0
104,Hércules,(1997),A,93.0,7.3,74.0,231843.0,0,0,1,1,0,1,0,0,0,0,0,0,0,0,0,0,0,1,0,0,0,0,0,0,0,0,0,0
105,Imperio de la Luz,(2022),R,119.0,6.5,60.0,426.0,1,0,0,0,0,0,0,1,0,0,0,0,0,0,0,0,0,0,0,0,0,1,0,0,0,0,0,0
106,Infiel,(2002),18,125.0,6.7,63.0,90393.0,0,0,0,0,0,0,0,1,0,0,0,0,0,0,0,0,0,1,0,0,0,1,0,0,0,1,0,0
107,Jexi,(2019),16,84.0,6.0,39.0,27539.0,1,0,0,0,0,1,0,0,0,0,0,0,0,0,0,0,0,0,0,0,0,1,1,0,0,0,0,0
108,Juego de amor,(2022),,91.0,2.5,NaN,308.0,0,0,0,0,0,0,0,1,0,0,0,0,0,0,0,0,0,1,0,0,0,1,0,0,0,0,0,0
109,Juegos secretos,(2006),13,137.0,7.5,75.0,112004.0,1,0,0,0,0,0,0,1,0,0,0,0,0,0,0,0,0,0,0,0,0,1,0,0,0,0,0,0
110,Jóvenes altezas,(2021– ),16,50.0,8.3,NaN,31390.0,1,0,0,0,0,0,0,1,0,0,0,0,0,0,0,0,0,0,0,0,0,1,0,0,0,0,0,0
111,L.,(I) (2004–2009),13,50.0,7.7,NaN,26807.0,0,0,0,0,0,0,0,1,0,0,0,0,0,0,0,0,0,1,0,0,0,1,0,0,0,0,0,0
112,La Crónica Francesa,(2021),12,107.0,7.2,74.0,119503.0,0,0,0,0,0,1,0,1,0,0,0,0,0,1,0,0,0,0,0,0,0,1,0,0,0,0,0,0
113,La Emperatriz,(2022– ),,55.0,7.9,NaN,7307.0,0,0,0,0,0,0,0,1,0,0,0,1,0,0,0,0,0,0,0,1,0,1,0,0,0,0,0,0
114,La balada de Buster Scruggs,(2018),16,133.0,7.3,79.0,147774.0,0,0,0,0,0,1,0,1,0,0,0,0,0,1,0,1,0,0,0,0,0,0,0,0,0,0,0,0
115,La bella y la bestia,(I) (2017),A/i,129.0,7.1,65.0,308785.0,0,0,1,0,0,0,0,0,1,1,0,0,0,1,0,0,0,0,0,0,0,0,0,0,0,0,0,0
116,La boda de mi mejor amiga,(I) (2011),12,125.0,6.8,75.0,292730.0,0,0,0,0,0,1,0,0,0,0,0,0,0,1,0,0,0,0,0,0,0,1,0,0,0,0,0,0
117,La casa de la pradera,(1974–1983),Not Rated,60.0,7.5,NaN,23762.0,0,0,0,0,0,0,0,1,1,0,0,0,0,1,0,0,0,0,0,0,0,1,0,0,0,0,0,0
118,La casa del dragón,(2022– ),18,NaN,8.6,NaN,239140.0,0,1,1,0,0,0,0,1,0,0,0,0,0,0,0,0,0,0,0,1,0,0,0,0,0,0,0,0
119,La ciudad de las estrellas (La La Land),(2016),A,128.0,8.0,94.0,583171.0,1,0,0,0,0,1,0,1,0,0,0,0,0,0,1,0,0,0,0,0,0,0,0,0,0,0,0,0
120,La ciudad perdida,(2022),12,112.0,6.1,60.0,111423.0,0,1,1,0,0,1,0,0,0,0,0,0,0,0,0,0,0,0,0,1,0,0,0,0,0,0,0,0
121,La cumbre escarlata,(2015),16,119.0,6.5,66.0,148966.0,0,0,0,0,0,0,0,1,0,0,0,0,1,1,0,0,1,0,0,0,0,0,0,0,0,0,0,0
122,La doncella,(2016),16,145.0,8.1,84.0,146663.0,0,0,0,0,0,0,0,1,0,0,0,0,0,0,0,0,0,0,1,0,0,1,0,0,0,1,0,0
123,La forma del agua,(2017),12,123.0,7.3,87.0,418718.0,0,0,0,0,0,0,0,1,0,1,0,0,0,1,0,0,0,0,0,0,0,1,0,0,0,0,0,0
124,La niñera,(1993–1999),7,22.0,7.0,NaN,43880.0,0,0,0,0,0,1,0,0,1,0,0,0,0,0,0,0,0,1,0,0,0,1,0,0,0,0,0,0
125,La novia cadáver,(2005),7,77.0,7.3,83.0,273984.0,0,0,0,1,0,0,0,1,1,0,0,0,0,0,0,0,0,0,1,0,0,0,0,0,0,0,0,0
126,La peor persona del mundo,(2021),16,128.0,7.8,90.0,63621.0,0,0,0,0,0,1,0,1,0,0,0,0,0,0,0,0,0,0,1,0,0,1,0,0,0,0,0,0
127,La princesa prometida,(1987),A,98.0,8.0,77.0,426956.0,0,0,1,0,0,0,0,0,1,1,0,0,0,0,0,0,0,0,1,0,0,0,0,0,0,0,0,0
128,La proposición,(I) (2009),A,108.0,6.7,48.0,328567.0,1,0,0,0,0,1,0,1,0,0,0,0,0,0,0,0,0,0,0,0,0,1,0,0,0,0,0,0
129,La sirenita,(2023),,NaN,NaN,NaN,NaN,0,0,1,0,0,0,0,0,1,1,0,0,0,0,0,0,0,0,1,0,0,0,0,0,0,0,0,0
130,La teoría del todo,(2014),A,123.0,7.7,71.0,450288.0,0,0,0,0,1,0,0,1,0,0,0,0,0,0,0,0,0,1,0,0,0,1,0,0,0,0,0,0
131,La tienda de los horrores,(1986),A,94.0,7.1,81.0,77591.0,0,0,0,0,0,1,0,0,0,0,0,0,1,0,0,1,0,0,1,0,0,0,0,0,0,0,0,0
132,La vecina de al lado,(2004),18,109.0,6.7,47.0,225904.0,0,0,0,0,0,1,0,1,0,0,0,0,0,1,0,0,0,0,0,0,0,1,0,0,0,0,0,0
133,La vida de Adèle,(2013),16,180.0,7.7,89.0,152832.0,1,0,0,0,0,0,0,1,0,0,0,0,0,0,0,0,0,0,0,0,0,1,0,0,0,0,0,0
134,La vida es bella,(1997),A,116.0,8.6,59.0,690989.0,0,0,0,0,0,1,0,1,0,0,0,0,0,1,0,0,0,0,0,0,0,1,0,0,0,0,0,0
135,Laal Singh Chaddha,(2022),7,159.0,5.4,46.0,171038.0,0,0,0,0,0,1,0,1,0,0,0,0,0,0,0,0,0,0,1,0,0,1,0,0,0,0,0,0
136,Langosta,(2015),16,119.0,7.1,82.0,255981.0,0,0,0,0,0,0,0,1,0,0,0,0,0,0,0,0,0,1,0,0,0,1,1,0,0,0,0,0
137,Legend,(1985),,94.0,6.3,30.0,66860.0,0,0,1,0,0,0,0,0,0,1,0,0,0,0,0,0,0,1,0,0,0,1,0,0,0,0,0,0
138,Leyendas de pasión,(1994),13,133.0,7.5,45.0,167174.0,0,0,0,0,0,0,0,1,0,0,0,0,0,0,0,0,0,1,0,0,0,1,0,0,0,0,1,0
139,Licorice Pizza,(2021),12,133.0,7.2,90.0,110346.0,0,0,0,0,0,1,0,1,0,0,0,0,0,0,0,0,0,0,0,1,0,1,0,0,0,0,0,0
140,Lolita de Adrian Lyne,(1997),18,137.0,6.8,46.0,59861.0,0,0,0,0,0,0,0,1,0,0,0,0,0,1,0,0,0,0,0,0,0,1,0,0,0,0,0,0
141,Los Bridgerton,(2020– ),16,60.0,7.4,NaN,135204.0,0,0,0,0,0,0,0,1,0,0,0,1,0,0,0,0,0,0,0,1,0,1,0,0,0,0,0,0
142,Los Médici: Señores de Florencia,(2016–2019),18,60.0,7.9,NaN,19471.0,1,0,0,0,1,0,0,1,0,0,0,1,0,0,0,0,0,0,0,0,0,0,0,0,0,0,0,0
143,Los Tudor,(2007–2010),18,60.0,8.1,NaN,75285.0,0,0,0,0,0,0,0,1,0,0,0,1,0,1,0,0,0,0,0,0,0,1,0,0,0,0,0,0
144,Los Walton,(1972–1981),,60.0,7.6,NaN,7872.0,1,0,0,0,0,0,0,1,1,0,0,0,0,0,0,0,0,0,0,0,0,1,0,0,0,0,0,0
145,Los miserables,(2012),7,158.0,7.5,63.0,330187.0,0,0,0,0,0,0,0,1,0,0,0,0,0,1,0,1,0,0,0,0,0,1,0,0,0,0,0,0
146,Los pájaros,(1963),A,119.0,7.6,90.0,190024.0,1,0,0,0,0,0,0,1,0,0,0,0,1,0,0,0,1,0,0,0,0,0,0,0,0,0,0,0
147,Los rompecorazones,(2022– ),16,50.0,7.7,NaN,5148.0,0,0,0,0,0,0,0,1,0,0,0,0,0,0,0,0,0,0,1,0,0,1,0,0,0,0,0,0
148,Los vigilantes de la playa,(1989–2001),A,60.0,5.4,NaN,28134.0,0,1,1,0,0,0,1,0,0,0,0,0,0,1,0,0,0,0,0,0,0,0,0,0,0,0,0,0
149,Love,(II) (2015),18,135.0,6.1,51.0,59360.0,0,0,0,0,0,0,0,1,0,0,0,0,0,1,0,0,0,0,0,0,0,1,0,0,0,0,0,0
150,Love Actually,(2003),A,135.0,7.6,55.0,479688.0,0,0,0,0,0,1,0,1,0,0,0,0,0,0,0,0,0,0,1,0,0,1,0,0,0,0,0,0
151,Love Is Blind,(2020– ),7,48.0,6.1,NaN,8381.0,0,0,0,0,0,0,0,0,0,0,1,0,0,0,0,0,0,0,0,1,1,1,0,0,0,0,0,0
152,Love is in the Air,(2020–2021),12,120.0,7.1,NaN,10524.0,0,0,0,0,0,1,0,0,0,0,0,0,0,1,0,0,0,0,0,0,0,1,0,0,0,0,0,0
153,Malena,(2000),13,108.0,7.4,54.0,103280.0,0,0,0,0,0,0,0,1,0,0,0,0,0,1,0,0,0,0,0,0,0,1,0,0,0,0,1,0
154,Maléfica,(2014),7,97.0,6.9,56.0,375782.0,1,0,1,0,0,0,0,0,1,1,0,0,0,0,0,0,0,0,0,0,0,0,0,0,0,0,0,0
155,Miracle Workers,(2019– ),12,22.0,7.1,NaN,14601.0,0,0,0,0,0,1,0,1,0,1,0,0,0,0,0,0,0,1,0,0,0,0,0,0,0,0,0,0
156,Mis dos vidas,(2022),12,110.0,6.3,49.0,16982.0,1,0,0,0,0,1,0,1,0,0,0,0,0,0,0,0,0,0,0,0,0,1,0,0,0,0,0,0
157,Mismatched,(2020– ),12,30.0,5.6,NaN,4896.0,0,0,0,0,0,1,0,1,0,0,0,0,0,0,0,0,0,0,0,1,0,1,0,0,0,0,0,0
158,Modern Family,(2009–2020),13,22.0,8.5,NaN,427707.0,0,0,0,0,0,1,0,1,0,0,0,0,0,0,0,0,0,0,0,1,0,1,0,0,0,0,0,0
159,Modern Love,(2019–2021),16,32.0,7.9,NaN,32747.0,1,0,0,0,0,1,0,0,0,0,0,0,0,0,0,0,0,0,0,0,0,1,0,0,0,0,0,0
160,Mom,(2013–2021),12,30.0,7.3,NaN,35460.0,0,0,0,0,0,1,0,1,0,0,0,0,0,0,0,0,0,0,1,0,0,1,0,0,0,0,0,0
161,Mujercitas,(2019),A,135.0,7.8,91.0,203048.0,0,0,0,0,0,0,0,1,0,0,0,0,0,0,0,0,0,0,1,0,0,1,0,0,0,0,0,0
162,Mujeres desesperadas,(2004–2012),12,45.0,7.6,NaN,129019.0,0,0,0,0,0,1,0,1,0,0,0,0,0,0,0,0,1,0,1,0,0,0,0,0,0,0,0,0
163,My Policeman,(2022),R,113.0,6.3,49.0,1091.0,0,0,0,0,0,0,0,1,0,0,0,0,0,0,0,0,0,0,0,1,0,1,0,0,0,0,0,0
164,Navidades en incógnito,(2014 TV Movie),,88.0,6.2,NaN,5422.0,0,0,0,0,0,1,0,1,0,0,0,0,0,1,0,0,0,0,0,0,0,1,0,0,0,0,0,0
165,New Girl,(2011–2018),13,22.0,7.8,NaN,223536.0,0,0,0,0,0,1,0,0,0,0,0,0,0,0,0,0,0,0,0,1,0,1,0,0,0,0,0,0
166,Noel Next Door,(2022 TV Movie),,84.0,6.9,NaN,495.0,0,0,0,0,0,1,0,0,0,0,0,0,0,0,0,0,0,0,1,0,0,1,0,0,0,0,0,0
167,Normal People,(2020),18,339.0,8.4,NaN,65883.0,0,0,0,0,0,0,0,1,0,0,0,0,0,1,0,0,0,0,0,0,0,1,0,0,0,0,0,0
168,Notting Hill,(1999),T,124.0,7.2,68.0,311235.0,1,0,0,0,0,1,0,1,0,0,0,0,0,0,0,0,0,0,0,0,0,1,0,0,0,0,0,0
169,Nuestra bandera significa muerte,(2022– ),16,30.0,7.8,NaN,25543.0,0,1,1,0,1,0,0,0,0,0,0,0,0,0,0,0,0,1,0,0,0,0,0,0,0,0,0,0
170,One Tree Hill,(2003–2012),16,60.0,7.7,NaN,80579.0,0,0,0,0,0,0,0,1,0,0,0,0,0,0,0,0,0,0,0,1,0,1,0,0,1,0,0,0
171,Outer Banks,(2020– ),13,50.0,7.6,NaN,49279.0,1,1,0,0,0,0,1,1,0,0,0,0,0,0,0,0,0,0,0,0,0,0,0,0,0,0,0,0
172,Outlander,(2014– ),16,60.0,8.4,NaN,159428.0,0,0,0,0,0,0,0,1,0,1,0,0,0,0,0,0,0,0,0,1,0,1,0,0,0,0,0,0
173,Pam & Tommy,(2022),18,340.0,7.3,NaN,33327.0,1,0,0,0,1,0,0,1,0,0,0,0,0,0,0,0,0,0,0,0,0,1,0,0,0,0,0,0
174,Panhandle,(2022– ),,49.0,6.8,NaN,328.0,1,0,0,0,0,1,0,0,0,0,0,0,0,0,0,0,0,0,0,0,0,1,0,0,0,0,0,0
175,Pequeñas mentirosas,(2010–2017),13,44.0,7.4,NaN,167392.0,0,0,0,0,0,0,0,1,0,0,0,0,0,0,0,0,1,0,1,0,0,1,0,0,0,0,0,0
176,Persuasión,(I) (2022),18,108.0,5.7,42.0,27664.0,1,0,0,0,0,0,0,1,0,0,0,0,0,0,0,0,0,0,0,0,0,1,0,0,0,0,0,0
177,Pretty Woman,(1990),13,119.0,7.1,51.0,324921.0,0,0,0,0,0,1,0,0,0,0,0,0,0,1,0,0,0,0,0,0,0,1,0,0,0,0,0,0
178,Pride & Prejudice (Orgullo y prejuicio),(2005),A,129.0,7.8,82.0,296125.0,0,0,0,0,0,0,0,1,0,0,0,0,0,1,0,0,0,0,0,0,0,1,0,0,0,0,0,0
179,Prodigiosa: Las aventuras de Ladybug,(2015– ),TP,20.0,7.6,NaN,11531.0,0,1,1,1,0,0,0,0,0,0,0,0,0,0,0,0,0,0,1,0,0,0,0,0,0,0,0,0
180,Prácticamente magia,(1998),7,104.0,6.2,46.0,83946.0,0,0,0,0,0,1,0,1,0,1,0,0,0,0,0,0,0,0,0,1,0,0,0,0,0,0,0,0
181,Ramy,(2019– ),16,30.0,8.0,NaN,14465.0,0,0,0,0,0,1,0,1,0,0,0,0,0,1,0,0,0,0,0,0,0,1,0,0,0,0,0,0
182,Retrato de una mujer en llamas,(2019),7/fig,122.0,8.1,95.0,91073.0,0,0,0,0,0,0,0,1,0,0,0,0,0,0,0,0,0,1,0,0,0,1,0,0,0,0,0,0
183,Risky Business,(1983),13,99.0,6.8,75.0,91997.0,0,0,0,0,0,1,1,1,0,0,0,0,0,0,0,0,0,1,0,0,0,0,0,0,0,0,0,0
184,Riverdale,(2017– ),16,45.0,6.6,NaN,144850.0,0,0,0,0,0,0,1,1,0,0,0,0,0,0,0,0,1,0,1,0,0,0,0,0,0,0,0,0
185,Roma,(2005–2007),18,52.0,8.7,NaN,171715.0,0,1,0,0,0,0,0,1,0,0,0,1,0,0,0,0,0,0,1,0,0,0,0,0,0,0,0,0
186,Romeo y Julieta de William Shakespeare,(1996),18,120.0,6.7,60.0,229935.0,1,0,0,0,0,0,0,1,0,0,0,0,0,0,0,0,0,0,0,0,0,1,0,0,0,0,0,0
187,Rosalina,(2022),16,95.0,6.4,61.0,4229.0,0,0,0,0,0,1,0,0,0,0,0,0,0,0,0,0,0,0,0,1,0,1,0,0,0,0,0,0
188,Sanditon,(2019– ),12,60.0,7.7,NaN,14128.0,0,0,0,0,0,0,0,1,0,0,0,0,0,1,0,0,0,0,0,0,0,1,0,0,0,0,0,0
189,Scott Pilgrim contra el mundo,(2010),A,112.0,7.5,69.0,425573.0,1,1,0,0,0,1,0,0,0,1,0,0,0,0,0,0,0,0,0,0,0,0,0,0,0,0,0,0
190,Secretary,(2002),18,107.0,6.9,63.0,92023.0,1,0,0,0,0,1,0,1,0,0,0,0,0,0,0,0,0,0,0,0,0,1,0,0,0,0,0,0
191,Sensación de vivir,(1990–2000),13,44.0,6.5,NaN,34719.0,0,0,0,0,0,0,0,1,0,0,0,0,0,1,0,0,0,0,0,0,0,1,0,0,0,0,0,0
192,Sexo en Nueva York,(1998–2004),16,30.0,7.3,NaN,127013.0,0,0,0,0,0,1,0,1,0,0,0,0,0,0,0,0,0,0,0,1,0,1,0,0,0,0,0,0
193,Sexo/Vida,(2021– ),18,45.0,5.4,NaN,21400.0,0,0,0,0,0,1,0,1,0,0,0,0,0,0,0,0,0,0,0,1,0,1,0,0,0,0,0,0
194,Shadowhunters: The Mortal Instruments,(2016–2019),13,42.0,6.5,NaN,63655.0,1,1,0,0,0,0,0,1,0,1,0,0,0,0,0,0,0,0,0,0,0,0,0,0,0,0,0,0
195,Shrek,(2001),A,90.0,7.9,84.0,674069.0,1,0,1,1,0,1,0,0,0,0,0,0,0,0,0,0,0,0,0,0,0,0,0,0,0,0,0,0
196,Si fuera fácil,(2012),16,134.0,6.2,59.0,142110.0,0,0,0,0,0,1,0,1,0,0,0,0,0,0,0,0,0,0,1,0,0,1,0,0,0,0,0,0
197,Sin compromiso,(I) (2011),7,108.0,6.2,50.0,231275.0,1,0,0,0,0,1,0,0,0,0,0,0,0,0,0,0,0,0,0,0,0,1,0,0,0,0,0,0
198,Sissy,(2022),,102.0,6.2,67.0,1992.0,0,0,0,0,0,1,0,1,0,0,0,0,1,1,0,0,0,0,0,0,0,0,0,0,0,0,0,0
199,Sita Ramam,(2022),,163.0,8.5,NaN,40727.0,0,1,0,0,0,0,0,1,0,0,0,0,0,0,0,0,1,0,1,0,0,0,0,0,0,0,0,0
200,Sleeping Beauty,(2011),,101.0,5.3,57.0,32922.0,1,0,0,0,0,0,0,1,0,0,0,0,0,0,0,0,1,0,0,0,0,1,0,0,0,0,0,0
201,Sonrisas y lágrimas,(1965),A,172.0,8.1,63.0,234045.0,0,0,0,0,1,0,0,1,1,0,0,0,0,0,0,0,0,1,0,0,0,0,0,0,0,0,0,0
202,Soñadores,(2003),18,115.0,7.1,62.0,122300.0,0,0,0,0,0,0,0,1,0,0,0,0,0,0,0,0,0,0,1,0,0,1,0,0,0,0,0,0
203,Spartacus: Sangre y arena,(2010–2013),18,55.0,8.5,NaN,242190.0,0,1,1,0,1,0,0,0,0,0,0,0,0,0,0,0,0,0,1,0,0,0,0,0,0,0,0,0
204,Stardust,(2007),7,127.0,7.6,66.0,273097.0,0,0,1,0,0,0,0,0,1,1,0,0,0,1,0,0,0,0,0,0,0,0,0,0,0,0,0,0
205,Stars at Noon,(2022),R,135.0,5.4,64.0,1063.0,0,0,0,0,0,0,0,1,0,0,0,0,0,0,0,0,0,0,1,0,0,1,0,0,0,1,0,0
206,Super Mario Bros.: La película,(2023),PG,NaN,NaN,NaN,NaN,0,0,1,1,0,1,0,0,0,0,0,0,0,0,0,0,0,0,0,1,0,0,0,0,0,0,0,0
207,Superman & Lois,(2021– ),12,42.0,7.8,NaN,32373.0,0,1,1,0,0,0,0,1,0,0,0,0,0,1,0,0,0,0,0,0,0,0,0,0,0,0,0,0
208,Sweet Home Alabama,(2002),A,108.0,6.2,45.0,114534.0,0,0,0,0,0,1,0,0,0,0,0,0,0,0,0,0,0,1,0,0,0,1,0,0,0,0,0,0
209,Sígueme el rollo,(2011),A,117.0,6.4,33.0,245367.0,1,0,0,0,0,1,0,0,0,0,0,0,0,0,0,0,0,0,0,0,0,1,0,0,0,0,0,0
210,Tal como éramos,(1973),18,118.0,7.0,61.0,25452.0,1,0,0,0,0,0,0,1,0,0,0,0,0,0,0,0,0,0,0,0,0,1,0,0,0,0,0,0
211,Teen Wolf,(2011–2017),16,41.0,7.7,NaN,148115.0,0,1,0,0,0,0,0,1,0,1,0,0,0,0,0,0,0,0,1,0,0,0,0,0,0,0,0,0
212,Teen Wolf (De pelo en pecho),(1985),A,91.0,6.1,25.0,54305.0,1,0,0,0,0,1,0,0,0,1,0,0,0,0,0,0,0,0,0,0,0,1,0,0,0,0,0,0
213,That '90s Show,,,30.0,NaN,NaN,NaN,0,0,0,0,0,1,0,1,0,0,0,0,0,0,0,0,0,1,0,0,0,1,0,0,0,0,0,0
214,The End of the F***ing World,(2017–2019),16,25.0,8.1,NaN,188830.0,1,0,1,0,0,1,1,0,0,0,0,0,0,0,0,0,0,0,0,0,0,0,0,0,0,0,0,0
215,The Good Place,(2016–2020),13,22.0,8.2,NaN,158909.0,0,0,0,0,0,1,0,1,0,1,0,0,0,0,0,0,0,0,1,0,0,0,0,0,0,0,0,0
216,The King,(I) (2019),16,140.0,7.3,62.0,129330.0,0,0,0,0,1,0,0,1,0,0,0,1,0,1,0,0,0,0,0,0,0,0,0,0,0,0,0,0
217,The Love Witch,(2016),,120.0,6.2,82.0,16750.0,0,0,0,0,0,1,0,0,0,0,0,0,1,0,0,0,0,1,0,0,0,1,0,0,0,0,0,0
218,The O.C.,(2003–2007),13,44.0,7.5,NaN,89944.0,0,0,0,0,0,1,0,1,0,0,0,0,0,1,0,0,0,0,0,0,0,1,0,0,0,0,0,0
219,The Reader (El lector),(2008),13,124.0,7.6,58.0,246014.0,0,0,0,0,0,0,0,1,0,0,0,0,0,0,0,0,0,1,0,0,0,1,0,0,0,0,0,0
220,This Is Us,(2016–2022),12,45.0,8.7,NaN,143413.0,0,0,0,0,0,1,0,1,0,0,0,0,0,0,0,0,0,0,0,1,0,1,0,0,0,0,0,0
221,Thor: Love and Thunder,(2022),12,118.0,6.4,57.0,299293.0,0,1,1,0,0,1,0,0,0,0,0,0,0,0,0,0,0,0,0,1,0,0,0,0,0,0,0,0
222,Titanic,(1997),13,194.0,7.9,75.0,1164706.0,0,0,0,0,0,0,0,1,0,0,0,0,0,0,0,0,0,0,1,0,0,1,0,0,0,0,0,0
223,Tres mil años esperándote,(2022),12,108.0,6.7,60.0,26881.0,0,0,0,0,0,0,0,1,0,1,0,0,0,0,0,0,0,0,1,0,0,1,0,0,0,0,0,0
224,True Blood,(2008–2014),18,55.0,7.9,NaN,245627.0,0,0,0,0,0,0,0,1,0,1,0,0,0,0,0,0,1,0,0,1,0,0,0,0,0,0,0,0
225,Tú a Londres y yo a California,(1998),T,128.0,6.6,64.0,138667.0,1,0,1,0,0,1,0,1,0,0,0,0,0,0,0,0,0,0,0,0,0,0,0,0,0,0,0,0
226,Un hombre llamado Ove,(2015),7,116.0,7.7,70.0,55844.0,0,0,0,0,0,1,0,1,0,0,0,0,0,1,0,0,0,0,0,0,0,1,0,0,0,0,0,0
227,Un lugar para soñar,(2019– ),13,44.0,7.4,NaN,41958.0,0,0,0,0,0,0,0,1,0,0,0,0,0,0,0,0,0,0,1,0,0,1,0,0,0,0,0,0
228,Una chica del siglo XX,(2022),,119.0,7.3,NaN,2020.0,0,0,0,0,0,0,0,1,0,0,0,0,0,0,0,0,0,0,0,1,0,1,0,0,0,0,0,0
229,Una cuestión de tiempo,(I) (2013),A,123.0,7.8,55.0,349198.0,0,0,0,0,0,1,0,1,0,1,0,0,0,0,0,0,0,0,1,0,0,0,0,0,0,0,0,0
230,Una noche en la vida de Jimmy Reardon,(1988),,90.0,5.5,NaN,2855.0,0,0,0,0,0,1,0,1,0,0,0,0,0,1,0,0,0,0,0,0,0,1,0,0,0,0,0,0
231,Una rubia muy legal,(2001),A,96.0,6.4,59.0,218841.0,0,0,0,0,0,1,0,0,0,0,0,0,0,1,0,0,0,0,0,0,0,1,0,0,0,0,0,0
232,Urgencias,(1994–2009),13,44.0,7.8,NaN,61546.0,0,0,0,0,0,0,0,1,0,0,0,0,0,0,0,0,0,0,0,1,0,1,0,0,0,0,0,0
233,Vacaciones en el mar,(1977–1987),,60.0,6.2,NaN,11824.0,0,0,0,0,0,1,0,1,0,0,0,0,0,1,0,0,0,0,0,0,0,1,0,0,0,0,0,0
234,Vanilla Sky,(2001),13,136.0,6.9,45.0,267966.0,0,0,0,0,0,0,0,0,0,1,0,0,0,0,0,0,1,1,0,0,0,1,0,0,0,0,0,0
235,Viaje al paraíso,(2022),12,104.0,6.2,50.0,16726.0,0,0,0,0,0,1,0,0,0,0,0,0,0,0,0,0,0,0,0,1,0,1,0,0,0,0,0,0
236,Vikingos,(2013–2020),18,44.0,8.5,NaN,528781.0,0,1,1,0,0,0,0,1,0,0,0,0,0,0,0,0,0,0,0,1,0,0,0,0,0,0,0,0
237,Vikingos: Valhalla,(2022– ),,51.0,7.2,NaN,38726.0,0,1,1,0,0,0,0,1,0,0,0,0,0,0,0,0,0,0,1,0,0,0,0,0,0,0,0,0
238,Vértigo (De entre los muertos),(1958),A,128.0,8.3,100.0,401636.0,0,0,0,0,0,0,0,0,0,0,0,0,0,0,0,0,1,1,0,0,0,1,0,0,0,1,0,0
239,We Wish You a Married Christmas,(2022 TV Movie),,84.0,6.0,NaN,423.0,0,0,0,0,0,1,0,0,0,0,0,0,0,0,0,0,0,0,1,0,0,1,0,0,0,0,0,0
240,West Side Story,(2021),12,156.0,7.2,85.0,81996.0,0,0,0,0,0,0,1,1,0,0,0,0,0,0,0,1,0,1,0,0,0,0,0,0,0,0,0,0
241,Will & Grace,(1998–2020),18,22.0,7.3,NaN,56171.0,0,0,0,0,0,1,0,0,0,0,0,0,0,0,0,0,0,0,0,1,0,1,0,0,0,0,0,0
242,Willow,(1988),A,126.0,7.2,47.0,115295.0,1,1,1,0,0,0,0,1,0,0,0,0,0,0,0,0,0,0,0,0,0,0,0,0,0,0,0,0
243,Willow,(2022– ),,NaN,NaN,NaN,NaN,0,1,1,0,0,0,0,1,0,0,0,0,0,0,0,0,0,0,1,0,0,0,0,0,0,0,0,0
244,You,(2018– ),16,45.0,7.7,NaN,237699.0,0,0,0,0,0,0,1,1,0,0,0,0,0,0,0,0,0,0,0,1,0,1,0,0,0,0,0,0
245,Your Name.,(2016),A,106.0,8.4,79.0,265504.0,1,0,0,1,0,0,0,1,0,1,0,0,0,0,0,0,0,0,0,0,0,0,0,0,0,0,0,0
246,iCarly,(2007–2012),TP,30.0,6.7,NaN,39840.0,0,0,0,0,0,1,0,0,1,0,0,0,0,0,0,0,0,1,0,0,0,1,0,0,0,0,0,0
247,¡Olvídate de mí!,(2004),13,108.0,8.3,89.0,1001877.0,0,0,0,0,0,0,0,1,0,0,0,0,0,0,0,0,0,0,1,0,0,1,1,0,0,0,0,0
248,¿Conoces a Joe Black?,(1998),T,178.0,7.2,43.0,242219.0,0,0,0,0,0,0,0,1,0,1,0,0,0,1,0,0,0,0,0,0,0,1,0,0,0,0,0,0
249,Érase una vez,(2011–2018),16,60.0,7.7,NaN,224571.0,0,0,1,0,0,0,0,0,0,1,0,0,0,0,0,0,0,0,0,1,0,1,0,0,0,0,0,0
