,MOVIE,YEAR,RATING,RUNTIME (min),IMDB,METASCORE,VOTES,ACTION,ADVENTURE,ANIMATION,BIOGRAPHY,COMEDY,CRIME,DOCUMENTARY,DRAMA,FAMILY,FANTASY,FILM-NOIR,HISTORY,MUSICAL,MYSTERY,O,P,R,REALITY-TV,ROMANCE,S,SCI-FI,SPORT,T,TALK-SHOW,THRILLER
0,17 otra vez,(2009),13,102.0,6.4,48.0,202653.0,0,0,0,0,1,0,0,1,0,1,0,0,0,0,0,0,0,0,0,1,0,0,0,0,0
1,30 for 30,(2009– ),,60.0,8.8,NaN,5077.0,0,0,0,1,0,0,1,0,0,0,0,1,0,0,0,0,0,0,0,0,0,0,1,0,0
2,42 segundos,(2022),12,106.0,6.8,NaN,463.0,0,1,0,1,0,0,0,1,0,0,0,0,0,0,0,0,0,0,0,0,0,0,1,0,0
3,42: La verdadera historia de una leyenda del deporte,(2013),7,128.0,7.5,62.0,96003.0,0,0,0,1,0,0,0,1,0,0,0,0,0,0,1,0,0,0,0,0,0,1,0,0,0
4,83,(2021),7,162.0,7.5,NaN,37631.0,0,0,0,1,0,0,0,1,0,0,0,1,0,0,0,0,0,0,0,0,0,0,1,0,0
5,A por todas,(2000),A,98.0,6.1,52.0,97478.0,0,0,0,0,1,0,0,0,0,0,0,0,0,0,0,1,0,0,1,0,0,1,0,0,0
6,A por todas: Todo o nada,(2006 Video),13,99.0,5.5,NaN,21109.0,0,0,0,0,1,0,0,0,0,0,0,0,0,0,1,0,0,0,0,0,0,1,0,0,0
7,Acero puro,(2011),A,127.0,7.0,56.0,330151.0,1,0,0,0,0,0,0,1,0,0,0,0,0,0,0,1,0,0,0,0,1,0,0,0,0
8,Ahora o nunca,(2009–2012),,45.0,7.5,NaN,10123.0,0,0,0,0,0,0,0,1,0,0,0,0,0,0,0,0,0,0,0,0,0,1,1,0,0
9,Airborne,(1993),PG,91.0,6.2,28.0,7091.0,0,1,0,0,1,0,0,0,0,0,0,0,0,0,0,0,0,0,0,0,0,1,1,0,0
10,Ali,(2001),13,157.0,6.7,65.0,100401.0,0,0,0,1,0,0,0,1,0,0,0,0,0,0,0,0,0,0,0,0,0,1,1,0,0
11,All American,(2018– ),16,45.0,7.6,NaN,11571.0,0,0,0,0,0,0,0,1,0,0,0,0,0,0,0,0,0,0,0,1,0,1,0,0,0
12,All American: Homecoming,(2022– ),,42.0,6.1,NaN,844.0,0,0,0,0,0,0,0,1,0,0,0,0,0,0,0,1,0,0,0,0,0,1,0,0,0
13,American Underdog,(2021),PG,112.0,7.1,53.0,15142.0,0,0,0,1,0,0,0,1,0,0,0,0,0,0,0,1,0,0,0,0,0,1,0,0,0
14,Aviones,(2013),A,91.0,5.7,39.0,45761.0,0,1,1,0,1,0,0,0,0,0,0,0,0,0,0,0,1,0,0,0,0,0,0,0,0
15,Baki,(2018–2020),,45.0,6.7,NaN,6531.0,1,0,1,0,0,0,0,1,0,0,0,0,0,0,0,0,1,0,0,0,0,0,0,0,0
16,Ballers,(2015–2019),18,30.0,7.6,NaN,44633.0,0,0,0,0,1,0,0,1,0,0,0,0,0,0,0,1,0,0,0,0,0,1,0,0,0
17,Baseketball,(1998),13,103.0,6.5,38.0,62706.0,0,0,0,0,1,0,0,0,0,0,0,0,0,0,0,0,0,0,0,0,0,1,1,0,0
18,Bigger,(2018),PG-13,107.0,6.4,37.0,2787.0,0,0,0,1,0,0,0,1,0,0,0,0,0,0,0,0,1,0,0,0,0,1,0,0,0
19,Billy Lynn,(2016),12,113.0,6.2,53.0,22951.0,1,0,0,0,0,0,0,1,0,0,0,0,0,0,0,0,1,0,0,0,0,1,0,0,0
20,Blue Lock,(2022– ),,22.0,8.4,NaN,1656.0,1,0,1,0,0,0,0,0,0,0,0,0,0,1,0,0,0,0,0,1,0,0,0,0,0
21,Blue Mountain State,(2010–2011),,22.0,8.3,NaN,54172.0,0,0,0,0,1,0,0,0,0,0,0,0,0,0,0,1,0,0,0,0,0,1,0,0,0
22,Boyka: Invicto 4,(2016 Video),R,86.0,6.9,NaN,29517.0,1,0,0,0,0,0,0,1,0,0,0,0,0,0,1,0,0,0,0,0,0,1,0,0,0
23,Bronce,(2015),R,100.0,6.1,44.0,12790.0,0,0,0,0,1,0,0,1,0,0,0,0,0,0,0,0,1,0,0,0,0,1,0,0,0
24,Campeón de campeones,(1989),A,97.0,6.4,26.0,14262.0,1,0,0,0,0,0,0,1,0,0,0,0,0,0,0,0,0,0,0,0,0,1,1,0,0
25,Campo de sueños,(1989),A,107.0,7.5,57.0,120342.0,0,0,0,0,0,0,0,1,1,1,0,0,0,0,1,0,0,0,0,0,0,0,0,0,0
26,Capitanes,(2022),7,38.0,6.3,NaN,137.0,0,0,0,0,0,0,1,0,0,0,0,0,0,0,0,0,0,0,0,0,0,1,1,0,0
27,Carros de fuego,(1981),A,125.0,7.1,78.0,61050.0,0,0,0,1,0,0,0,1,0,0,0,0,0,0,0,0,0,0,0,1,0,1,0,0,0
28,Cars,(2006),A,117.0,7.2,73.0,421607.0,0,1,1,0,1,0,0,0,0,0,0,0,0,0,0,0,0,0,0,1,0,0,0,0,0
29,Cars 2,(2011),A/i,106.0,6.2,57.0,191230.0,0,1,1,0,1,0,0,0,0,0,0,0,0,0,0,1,0,0,0,0,0,0,0,0,0
30,Cars 3,(2017),A,102.0,6.7,59.0,100988.0,0,1,1,0,1,0,0,0,0,0,0,0,0,0,0,1,0,0,0,0,0,0,0,0,0
31,Cars en la carretera,(2022– ),,NaN,7.0,NaN,2305.0,0,1,1,0,1,0,0,0,0,0,0,0,0,0,1,0,0,0,0,0,0,0,0,0,0
32,Challengers,(2023),,NaN,NaN,NaN,NaN,0,0,0,0,0,0,0,1,0,0,0,0,0,0,0,0,0,0,1,0,0,1,1,0,0
33,Children of Heaven,(1997),13,89.0,8.2,77.0,75189.0,0,0,0,0,0,0,0,1,1,0,0,0,0,0,0,0,0,0,0,0,0,1,1,0,0
34,Cinderella Man. El hombre que no se dejó tumbar,(2005),13,144.0,8.0,69.0,188721.0,0,0,0,1,0,0,0,1,0,0,0,0,0,0,1,0,0,0,1,0,0,0,0,0,0
35,Coach Carter,(2005),13,136.0,7.3,57.0,150413.0,0,0,0,1,0,0,0,1,0,0,0,0,0,0,0,1,0,0,0,0,0,1,0,0,0
36,Cobra Kai,(2018– ),13,30.0,8.5,NaN,184581.0,1,0,0,0,1,0,0,1,0,0,0,0,0,0,0,0,0,0,0,1,0,0,0,0,0
37,Contacto sangriento,(1988),18,92.0,6.8,29.0,86053.0,1,0,0,1,0,0,0,1,0,0,0,0,0,0,1,0,0,0,0,0,0,0,0,0,0
38,Creed II. La leyenda de Rocky,(2018),16,130.0,7.1,66.0,126183.0,0,0,0,0,0,0,0,1,0,0,0,0,0,0,0,0,0,0,0,1,0,1,0,0,0
39,Creed III,(2023),,NaN,NaN,NaN,NaN,0,0,0,0,0,0,0,1,0,0,0,0,0,0,0,0,0,0,0,1,0,1,0,0,0
40,Creed. La leyenda de Rocky,(II) (2015),12,133.0,7.6,82.0,274575.0,1,0,0,0,0,0,0,1,0,0,0,0,0,0,0,0,0,0,0,1,0,1,0,0,0
41,Cuestión de pelotas,(2004),13,92.0,6.7,55.0,250899.0,0,0,0,0,1,0,0,0,0,0,0,0,0,0,0,0,0,0,0,1,0,1,0,0,0
42,Dangal,(2016),A,161.0,8.3,NaN,191196.0,1,0,0,1,0,0,0,1,0,0,0,0,0,0,0,0,1,0,0,0,0,0,0,0,0
43,David Beckham: Al rescate del equipo,(2022– ),AL,35.0,6.5,NaN,150.0,0,0,0,0,0,0,1,0,0,0,0,0,0,0,0,0,0,1,0,1,0,1,0,0,0
44,De culo y cuesta abajo,(2009–2013),18,28.0,8.2,NaN,58580.0,0,0,0,0,1,0,0,1,0,0,0,0,0,0,0,1,0,0,0,0,0,1,0,0,0
45,Decisión final,(I) (2014),7,110.0,6.8,54.0,61211.0,0,0,0,0,0,0,0,1,0,0,0,0,0,0,0,1,0,0,0,0,0,1,0,0,0
46,Diario de un rebelde,(1995),13,102.0,7.3,46.0,112313.0,0,0,0,1,0,1,0,1,0,0,0,0,0,0,0,1,0,0,0,0,0,0,0,0,0
47,Doce huérfanos,(2021),12,118.0,6.9,44.0,5371.0,0,0,0,0,0,0,0,0,0,0,0,1,0,0,0,0,0,0,0,0,0,1,1,0,0
48,Driven,(2001),13,116.0,4.6,29.0,41567.0,1,0,0,0,0,0,0,1,0,0,0,0,0,0,0,0,0,0,0,0,0,1,1,0,0
49,Drown,(I) (2015),,93.0,5.6,NaN,1461.0,0,0,0,0,0,0,0,1,0,0,0,0,0,0,1,0,0,0,0,0,0,1,0,0,1
50,Días de trueno,(1990),A,107.0,6.1,60.0,89732.0,1,0,0,0,0,0,0,1,0,0,0,0,0,0,1,0,0,0,0,0,0,1,0,0,0
51,Eddie el Águila,(2015),A,106.0,7.3,54.0,94066.0,0,1,0,1,1,0,0,0,0,0,0,0,0,0,0,0,1,0,0,0,0,0,0,0,0
52,El Míster,(2021– ),9+,NaN,7.5,NaN,4545.0,0,0,0,0,1,0,0,1,0,0,0,0,0,0,0,0,0,0,0,1,0,1,0,0,0
53,El Presidente,(2020– ),16,60.0,7.1,NaN,1409.0,0,0,0,0,1,0,0,1,0,0,0,0,0,0,0,1,0,0,0,0,0,1,0,0,0
54,El aguador,(1998),T,90.0,6.1,41.0,165493.0,0,0,0,0,1,0,0,0,0,0,0,0,0,0,0,1,0,0,0,0,0,1,0,0,0
55,El arte de vivir bajo la lluvia,(2019),A,109.0,7.5,43.0,32057.0,0,0,0,0,1,0,0,1,0,0,0,0,0,0,0,1,0,0,1,0,0,0,0,0,0
56,El buscavidas,(1961),18,134.0,8.0,90.0,82487.0,0,0,0,0,0,0,0,1,0,0,0,0,0,0,0,0,1,0,0,0,0,1,0,0,0
57,El campeón del videojuego,(1989),,96.0,6.0,23.0,15655.0,0,1,0,0,1,0,0,1,0,0,0,0,0,0,0,0,1,0,0,0,0,0,0,0,0
58,El caso Fischer,(2014),7,115.0,7.0,65.0,46060.0,0,0,0,1,0,0,0,1,0,0,0,1,0,0,0,0,1,0,0,0,0,0,0,0,0
59,El castañazo,(1977),18,123.0,7.3,61.0,37939.0,0,0,0,0,1,0,0,1,0,0,0,0,0,0,1,0,0,0,0,0,0,1,0,0,0
60,El cielo puede esperar,(1978),13,101.0,6.9,72.0,21667.0,0,0,0,0,1,0,0,0,0,1,0,0,0,0,0,0,0,0,1,0,0,0,1,0,0
61,El clan de los rompehuesos,(2005),13,113.0,6.4,48.0,180526.0,0,0,0,0,1,1,0,0,0,0,0,0,0,0,0,1,0,0,0,0,0,1,0,0,0
62,El club de los chalados,(1980),,98.0,7.2,48.0,118764.0,0,0,0,0,1,0,0,0,0,0,0,0,0,0,0,0,0,0,0,1,0,1,0,0,0
63,El color del dinero,(1986),A,119.0,7.0,77.0,85395.0,0,0,0,0,0,0,0,1,0,0,0,0,0,0,1,0,0,0,0,0,0,1,0,0,0
64,El equipo redentor,(2022),7,97.0,7.4,76.0,6831.0,0,0,0,0,0,0,1,0,0,0,0,1,0,0,1,0,0,0,0,0,0,1,0,0,0
65,El farsante,(2005),PG-13,94.0,5.8,46.0,37274.0,0,0,0,0,1,0,0,0,0,0,0,0,0,0,0,0,1,0,0,0,0,1,0,0,0
66,El gran Maurice,(2021),PG-13,106.0,7.0,65.0,3769.0,0,0,0,0,1,0,0,1,0,0,0,0,0,0,1,0,0,0,0,0,0,1,0,0,0
67,El gran azul,(1988),13,168.0,7.5,35.0,52107.0,0,1,0,0,0,0,0,1,0,0,0,0,0,0,0,0,1,0,0,0,0,1,0,0,0
68,El luchador,(2008),13,109.0,7.9,80.0,306905.0,0,0,0,0,0,0,0,1,0,0,0,0,0,0,0,0,0,0,0,1,0,1,0,0,0
69,El mejor,(1984),A,138.0,7.4,61.0,49592.0,0,0,0,0,0,0,0,1,0,0,0,0,0,0,0,0,1,0,0,0,0,1,0,0,0
70,El milagro,(2004),PG,135.0,7.4,68.0,55135.0,0,0,0,1,0,0,0,1,0,0,0,1,0,0,1,0,0,0,0,0,0,0,0,0,0
71,El método Williams,(2021),12,144.0,7.5,76.0,111732.0,0,0,0,1,0,0,0,1,0,0,0,0,0,0,0,0,0,0,0,1,0,1,0,0,0
72,El novato del año,(1993),PG,103.0,6.0,53.0,28784.0,0,0,0,0,1,0,0,0,1,1,0,0,0,0,1,0,0,0,0,0,0,0,0,0,0
73,El nuevo Karate Kid,(1994),T,107.0,4.5,36.0,31395.0,1,0,0,0,0,0,0,1,1,0,0,0,0,0,0,0,1,0,0,0,0,0,0,0,0
74,El regreso de los mejores,(1996),7,104.0,5.4,NaN,27295.0,1,0,0,0,1,0,0,1,0,0,0,0,0,0,0,0,1,0,0,0,0,0,0,0,0
75,El relevo,(1979),A,101.0,7.7,91.0,24049.0,0,0,0,0,1,0,0,1,0,0,0,0,0,0,0,0,0,0,0,0,0,1,1,0,0
76,El superviviente de Auschwitz,(2021),R,129.0,6.7,71.0,3696.0,0,0,0,1,0,0,0,1,0,0,0,0,0,0,0,1,0,0,0,0,0,1,0,0,0
77,El último baile,(2020),7,491.0,9.1,NaN,122574.0,0,0,0,1,0,0,1,0,0,0,0,1,0,0,0,1,0,0,0,0,0,0,0,0,0
78,El último dragón,(1985),13,109.0,6.8,58.0,16128.0,1,0,0,0,1,0,0,1,0,0,0,0,0,0,0,0,1,0,0,0,0,0,0,0,0
79,Elegidos para el triunfo,(1993),T,98.0,7.0,60.0,105049.0,0,1,0,0,1,0,0,0,1,0,0,0,0,0,1,0,0,0,0,0,0,0,0,0,0
80,Ella es el chico,(2006),A,105.0,6.3,45.0,160665.0,0,0,0,0,1,0,0,0,0,0,0,0,0,0,0,1,0,0,1,0,0,1,0,0,0
81,Ellas dan el golpe,(1992),A,128.0,7.3,69.0,110195.0,0,0,0,0,1,0,0,1,0,0,0,0,0,0,0,0,0,0,0,1,0,1,0,0,0
82,Ellas dan el golpe,(2022– ),,60.0,7.4,NaN,21265.0,0,0,0,0,1,0,0,1,0,0,0,0,0,0,0,0,0,0,1,1,0,0,0,0,0
83,En el filo de las olas,(2002),A,104.0,5.7,61.0,31714.0,0,0,0,0,0,0,0,1,0,0,0,0,0,0,0,0,1,0,1,0,0,1,0,0,0
84,En lucha,(2020),R,117.0,6.5,56.0,3050.0,1,0,0,0,0,0,0,1,0,0,0,0,0,0,0,0,0,0,0,0,0,1,1,0,0
85,Entre el amor y el juego,(1999),A,137.0,6.6,43.0,35559.0,0,0,0,0,0,0,0,1,0,0,0,0,0,0,0,0,0,0,1,0,0,1,1,0,0
86,Entrenador,(1989–1997),,30.0,7.0,NaN,7591.0,0,0,0,0,1,0,0,0,0,0,0,0,0,0,0,0,1,0,0,0,0,1,0,0,0
87,Equipo Marshall,(2006),PG,131.0,7.0,53.0,62188.0,0,0,0,0,0,0,0,1,0,0,0,0,0,0,0,0,0,0,0,0,0,1,1,0,0
88,Equipo a la fuerza,(2000),7,118.0,6.6,30.0,65723.0,0,0,0,0,1,0,0,0,0,0,0,0,0,0,0,1,0,0,0,0,0,1,0,0,0
89,Flipado sobre ruedas,(2007),PG-13,88.0,6.7,43.0,87418.0,0,0,0,0,1,0,0,0,0,0,0,0,0,0,1,0,0,0,0,0,0,1,0,0,0
90,Foxcatcher,(2014),12,134.0,7.0,81.0,143477.0,0,0,0,1,0,0,0,1,0,0,0,1,0,0,1,0,0,0,0,0,0,0,0,0,0
91,Free Solo,(2018),Not Rated,100.0,8.1,83.0,68828.0,0,1,0,0,0,0,1,0,0,0,0,0,0,0,0,0,1,0,0,0,0,1,0,0,0
92,Friday Night Lights,(2006–2011),13,44.0,8.7,NaN,66851.0,0,0,0,0,0,0,0,1,0,0,0,0,0,0,0,0,0,0,0,1,0,1,0,0,0
93,Fórmula 1: La emoción de un Grand Prix,(2019– ),12,40.0,8.6,NaN,40486.0,0,0,0,0,0,0,1,0,0,0,0,0,0,0,1,0,0,0,0,0,0,1,0,0,0
94,GLOW,(2017–2019),13,35.0,8.0,NaN,46832.0,0,0,0,0,1,0,0,1,0,0,0,0,0,0,0,1,0,0,0,0,0,1,0,0,0
95,Garra,(2022),12,117.0,7.3,68.0,116637.0,0,0,0,0,1,0,0,1,0,0,0,0,0,0,0,0,0,0,0,1,0,1,0,0,0
96,Gladiator,(1992),18,101.0,6.5,49.0,9546.0,1,0,0,0,0,0,0,1,0,0,0,0,0,0,0,0,0,0,0,0,0,1,1,0,0
97,Goles en Contra,(2022– ),,55.0,7.1,NaN,133.0,0,0,0,1,0,0,0,1,0,0,0,0,0,0,0,1,0,0,0,0,0,1,0,0,0
98,Golpe de efecto,(2012),A,111.0,6.8,58.0,64847.0,0,0,0,0,0,0,0,1,0,0,0,0,0,0,0,1,0,0,0,0,0,1,0,0,0
99,Goon,(2011),R,92.0,6.8,64.0,87565.0,0,0,0,0,1,0,0,1,0,0,0,0,0,0,0,0,0,0,0,0,0,1,1,0,0
100,Gran Turismo,(2023),,NaN,NaN,NaN,NaN,1,1,0,0,0,0,0,1,0,0,0,0,0,0,1,0,0,0,0,0,0,0,0,0,0
101,Grind,(2003),PG-13,105.0,5.9,30.0,12687.0,0,1,0,0,1,0,0,0,0,0,0,0,0,0,0,0,0,0,0,0,0,1,1,0,0
102,Guerra de cheerleaders,(2009),PG-13,90.0,6.1,31.0,44603.0,0,0,0,0,1,0,0,0,0,0,0,0,0,0,1,0,0,0,0,0,0,1,0,0,0
103,Haikyu!! Los ases del vóley,(2014–2020),7,24.0,8.7,NaN,25633.0,0,0,1,0,1,0,0,1,0,0,0,0,0,0,0,1,0,0,0,0,0,0,0,0,0
104,Hard Knocks,(2001– ),,55.0,8.4,NaN,2234.0,0,0,0,0,0,0,1,0,0,0,0,0,0,0,0,0,0,1,0,0,0,1,1,0,0
105,Hardball,(2001),13,109.0,6.4,48.0,31838.0,0,0,0,0,1,0,0,1,0,0,0,0,0,0,0,0,1,0,0,0,0,1,0,0,0
106,Heart of Champions,(2021),PG-13,119.0,5.8,NaN,1211.0,0,0,0,0,0,0,0,1,0,0,0,0,0,0,0,0,1,0,0,0,0,1,0,0,0
107,Heels,(2021– ),18,60.0,8.0,NaN,6987.0,0,0,0,0,0,0,0,1,0,0,0,0,0,0,0,1,0,0,0,0,0,1,0,0,0
108,Herbie. A tope,(2005),A,101.0,4.9,47.0,48345.0,0,1,0,0,1,0,0,0,1,0,0,0,0,0,0,0,1,0,0,0,0,0,0,0,0
109,Hooligans,(2005),R,109.0,7.4,55.0,151949.0,0,0,0,0,0,1,0,1,0,0,0,0,0,0,1,0,0,0,0,0,0,1,0,0,0
110,Hoosiers: más que ídolos,(1986),TP,114.0,7.4,76.0,47661.0,0,0,0,0,0,0,0,1,0,0,0,0,0,0,0,1,0,0,0,0,0,1,0,0,0
111,Huracán Carter,(1999),R,146.0,7.6,74.0,97780.0,0,0,0,1,0,0,0,1,0,0,0,0,0,0,0,0,1,0,0,0,0,1,0,0,0
112,In from the Side,(2022),,134.0,7.9,NaN,2667.0,0,0,0,0,0,0,0,1,0,0,0,0,0,0,0,0,0,0,0,1,0,1,0,0,0
113,Intramural,(2014),R,100.0,4.3,58.0,1506.0,0,0,0,0,1,0,0,0,0,0,0,0,0,0,0,0,1,0,0,0,0,1,0,0,0
114,Invencible,(2006),A,105.0,7.0,63.0,71668.0,0,0,0,1,0,0,0,1,0,0,0,0,0,0,0,0,0,0,0,0,0,1,1,0,0
115,Invencible (Unbroken),(I) (2014),12,137.0,7.2,59.0,168928.0,1,0,0,1,0,0,0,1,0,0,0,0,0,0,0,0,0,0,0,1,0,0,0,0,0
116,Invictus,(2009),A,134.0,7.3,74.0,160488.0,1,0,0,1,0,0,0,1,0,0,0,0,0,0,1,0,0,0,0,0,0,0,0,0,0
117,Jerry Maguire,(1996),7,139.0,7.3,77.0,267585.0,0,0,0,0,1,0,0,1,0,0,0,0,0,0,0,0,0,0,1,1,0,0,0,0,0
118,Juego de campeones,(1999),13,106.0,6.5,50.0,46562.0,0,0,0,0,1,0,0,1,0,0,0,0,0,0,1,0,0,0,1,0,0,0,0,0,0
119,Jugar en casa,(2022),7,95.0,6.0,23.0,18877.0,0,0,0,0,1,0,0,0,0,0,0,0,0,0,0,1,0,0,0,0,0,1,0,0,0
120,Karate Kid (El momento de la verdad),(1984),A,126.0,7.3,60.0,226630.0,1,0,0,0,0,0,0,1,1,0,0,0,0,0,0,0,0,0,0,1,0,0,0,0,0
121,Karate Kid II... La historia continúa,(1986),A,113.0,6.1,55.0,91328.0,1,0,0,0,0,0,0,0,1,0,0,0,0,0,0,1,0,0,0,0,0,1,0,0,0
122,Karate Kid III: El desafío final,(1989),A,112.0,5.3,36.0,64446.0,1,0,0,0,0,0,0,1,1,0,0,0,0,0,0,1,0,0,0,0,0,0,0,0,0
123,Kickboxer,(1989),18,97.0,6.4,33.0,56382.0,1,0,0,0,0,0,0,0,0,0,0,0,0,0,0,0,1,0,0,0,0,1,0,0,1
124,Kingdom,(2014–2017),,43.0,8.5,NaN,18326.0,0,0,0,0,0,0,0,1,0,0,0,0,0,0,1,0,0,0,0,0,0,1,0,0,0
125,Kuroko no basket,(2012–2015),12,24.0,8.3,NaN,9016.0,0,0,1,0,1,0,0,0,0,0,0,0,0,0,0,0,0,0,0,0,0,1,1,0,0
126,La aspirante,(2021),13,97.0,6.5,85.0,5332.0,0,0,0,0,0,0,0,1,0,0,0,0,0,0,0,0,1,0,0,0,0,1,0,0,1
127,La batalla de los sexos,(2017),A/fig,121.0,6.7,73.0,56236.0,0,0,0,1,1,0,0,1,0,0,0,0,0,0,0,0,1,0,0,0,0,0,0,0,0
128,La carrera de la muerte del año 2000,(1975),18,80.0,6.2,58.0,28172.0,1,0,0,0,1,0,0,0,0,0,0,0,0,0,0,0,1,0,0,0,1,0,0,0,0
129,La caída,(2022),16,95.0,7.0,NaN,279.0,0,0,0,0,0,0,0,1,0,0,0,0,0,0,0,0,0,0,0,1,0,1,0,0,0
130,La clave del éxito,(1983),13,91.0,5.9,62.0,19163.0,0,0,0,0,0,0,0,1,0,0,0,0,0,0,1,0,0,0,1,0,0,1,0,0,0
131,La liga fantástica,(I) (2009–2015),,22.0,8.3,NaN,49151.0,0,0,0,0,1,0,0,0,0,0,0,0,0,0,0,0,0,0,0,1,0,1,0,0,0
132,La peli del fútbol,(2022),7,73.0,3.1,NaN,402.0,0,0,1,0,1,0,0,0,1,0,0,0,0,0,0,0,0,0,0,1,0,0,0,0,0
133,La verdad duele,(2015),7,123.0,7.1,55.0,95724.0,0,0,0,1,0,0,0,1,0,0,0,0,0,0,0,0,1,0,0,0,0,1,0,0,0
134,La vida en juego,(2006),13,125.0,7.0,52.0,66373.0,0,0,0,1,0,1,0,1,0,0,0,0,0,0,1,0,0,0,0,0,0,0,0,0,0
135,Lagaan: Érase una vez en la India,(2001),PG,224.0,8.1,84.0,114864.0,0,0,0,0,0,0,0,1,0,0,0,0,1,0,0,0,0,0,0,0,0,1,1,0,0
136,Lamborghini,(2022),R,97.0,NaN,NaN,NaN,0,0,0,1,0,0,0,1,0,0,0,0,0,0,0,0,0,0,0,1,0,1,0,0,0
137,LazyTown,(2002–2014),TP,30.0,5.9,NaN,7444.0,0,1,0,0,1,0,0,0,1,0,0,0,0,0,0,0,1,0,0,0,0,0,0,0,0
138,Le Mans '66,(2019),7,152.0,8.1,81.0,390417.0,1,0,0,1,0,0,0,1,0,0,0,0,0,0,0,0,0,0,0,1,0,0,0,0,0
139,Liger,(2022),,140.0,3.0,NaN,45778.0,1,0,0,0,0,0,0,1,0,0,0,0,0,0,0,1,0,0,1,0,0,0,0,0,0
140,Lionheart: El luchador,(1990),18,108.0,6.2,41.0,36892.0,1,0,0,0,0,1,0,1,0,0,0,0,0,0,0,0,1,0,0,0,0,0,0,0,0
141,Lobos universitarios,(1993),18,112.0,6.4,51.0,10836.0,1,0,0,0,0,0,0,1,0,0,0,0,0,0,0,0,0,0,1,0,0,0,1,0,0
142,Loco por ti,(1985),,107.0,6.6,55.0,9092.0,0,0,0,0,0,0,0,1,0,0,0,0,0,0,0,0,1,0,1,0,0,1,0,0,0
143,Locos por el surf,(2007),A,85.0,6.7,64.0,80777.0,0,1,1,0,1,0,0,0,0,0,0,0,0,0,0,0,1,0,0,0,0,0,0,0,0
144,Los amos de Dogtown,(2005),13,107.0,7.1,56.0,55733.0,0,0,0,1,0,0,0,1,0,0,0,0,0,0,1,0,0,0,0,0,0,1,0,0,0
145,Los blancos no la saben meter,(1992),13,115.0,6.8,65.0,87744.0,0,0,0,0,1,0,0,0,0,0,0,0,0,0,1,0,0,0,0,0,0,1,0,0,0
146,Los búfalos de Durham,(1988),13,108.0,7.0,73.0,55280.0,0,0,0,0,1,0,0,0,0,0,0,0,0,0,1,0,0,0,1,0,0,1,0,0,0
147,Los calientabanquillos,(2006),PG-13,85.0,5.5,25.0,51738.0,0,0,0,0,1,0,0,0,0,0,0,0,0,0,0,0,0,0,0,0,0,1,1,0,0
148,Los entresijos de la FIFA,(2022),7,221.0,7.5,NaN,1497.0,0,0,0,0,0,1,1,0,0,0,0,0,0,0,0,0,0,0,0,1,0,1,0,0,0
149,Los locos del Cannonball,(1981),A,95.0,6.2,28.0,36960.0,1,0,0,0,1,0,0,0,0,0,0,0,0,0,1,0,0,0,0,0,0,1,0,0,0
150,Los picarones,(1976),,102.0,7.3,84.0,23141.0,0,0,0,0,1,0,0,1,1,0,0,0,0,0,0,1,0,0,0,0,0,0,0,0,0
151,Love & Basketball,(2000),A,124.0,7.2,70.0,22071.0,0,0,0,0,0,0,0,1,0,0,0,0,0,0,0,0,1,0,1,0,0,1,0,0,0
152,Luces de viernes noche,(2004),PG-13,118.0,7.2,70.0,63812.0,1,0,0,0,0,0,0,1,0,0,0,0,0,0,1,0,0,0,0,0,0,1,0,0,0
153,Manos de Piedra,(2016),13,111.0,6.6,54.0,16685.0,0,0,0,1,0,0,0,1,0,0,0,0,0,0,0,0,0,0,0,0,0,1,1,0,0
154,McFarland,(2015),PG,129.0,7.4,60.0,39350.0,0,0,0,1,0,0,0,1,0,0,0,0,0,0,0,0,0,0,0,0,0,1,1,0,0
155,Me llaman Radio,(2003),A,109.0,6.9,38.0,41466.0,0,0,0,1,0,0,0,1,0,0,0,0,0,0,0,0,0,0,0,0,0,1,1,0,0
156,Mike,(2022),18,25.0,6.8,NaN,3532.0,0,0,0,1,0,0,0,1,0,0,0,0,0,0,0,1,0,0,0,0,0,1,0,0,0
157,Mike Bassett: England Manager,(2001),,89.0,6.8,NaN,6502.0,0,0,0,0,1,0,0,0,0,0,0,0,0,0,0,0,0,0,0,0,0,1,1,0,0
158,Million Dollar Baby,(2004),13,132.0,8.1,86.0,686669.0,0,0,0,0,0,0,0,1,0,0,0,0,0,0,0,1,0,0,0,0,0,1,0,0,0
159,Molly's Game,(2017),16,140.0,7.4,71.0,172760.0,0,0,0,1,0,1,0,1,0,0,0,0,0,0,0,0,0,0,0,1,0,0,0,0,0
160,Moneyball: Rompiendo las reglas,(2011),A,133.0,7.6,87.0,423497.0,0,0,0,1,0,0,0,1,0,0,0,0,0,0,0,0,0,0,0,1,0,1,0,0,0
161,Nadie puede vencerme,(1949),,73.0,7.8,NaN,9231.0,0,0,0,0,0,1,0,0,0,0,1,0,0,0,0,0,0,0,0,0,0,1,1,0,0
162,Next Goal Wins,(2023),PG-13,97.0,NaN,NaN,NaN,0,0,0,0,1,0,0,1,0,0,0,0,0,0,0,0,0,0,0,0,0,1,1,0,0
163,Océanos de fuego (Hidalgo),(2004),A,136.0,6.7,54.0,82736.0,1,1,0,1,0,0,0,0,0,0,0,0,0,0,0,0,0,0,0,0,0,0,1,0,0
164,One Tree Hill,(2003–2012),16,60.0,7.7,NaN,80727.0,0,0,0,0,0,0,0,1,0,0,0,0,0,0,0,0,0,0,1,1,0,1,0,0,0
165,Papá por sorpresa,(2007),7,110.0,6.1,44.0,67105.0,0,0,0,0,1,0,0,0,1,0,0,0,0,0,1,0,0,0,0,0,0,1,0,0,0
166,Pasado de vueltas,(2006),18,108.0,6.6,66.0,185983.0,0,0,0,0,1,0,0,0,0,0,0,0,0,0,0,1,0,0,0,0,0,1,0,0,0
167,Pasión por el triunfo,(1992),T,101.0,6.9,53.0,20844.0,0,0,0,0,1,0,0,1,0,0,0,0,0,0,0,1,0,0,1,0,0,0,0,0,0
168,Patinazo a la gloria,(2007),7,93.0,6.3,64.0,169922.0,0,0,0,0,1,0,0,0,0,0,0,0,0,0,1,0,0,0,0,0,0,1,0,0,0
169,Peleando en familia,(2019),12,108.0,7.1,68.0,81812.0,0,0,0,1,1,0,0,1,0,0,0,0,0,0,0,0,0,0,0,1,0,0,0,0,0
170,Pelotas en juego,(2007),PG-13,90.0,5.3,38.0,43017.0,0,0,0,0,1,1,0,0,0,0,0,0,0,0,0,0,0,0,0,0,0,1,1,0,0
171,Pequeños gigantes,(1994),TP,107.0,6.4,NaN,29096.0,0,0,0,0,1,0,0,0,1,0,0,0,0,0,1,0,0,0,0,0,0,1,0,0,0
172,Peso pesado,(2012),7,105.0,6.4,40.0,92072.0,1,0,0,0,1,0,0,0,0,0,0,0,0,0,1,0,0,0,0,0,0,1,0,0,0
173,Pesos pesados,(1995),PG,100.0,6.6,42.0,28417.0,0,0,0,0,1,0,0,1,1,0,0,0,0,0,1,0,0,0,0,0,0,0,0,0,0
174,Pirados por la nieve,(2001),13,92.0,6.2,22.0,17743.0,0,0,0,0,1,0,0,0,0,0,0,0,0,0,0,0,0,0,0,0,0,1,1,0,0
175,Point Break (Sin límites),(2015),12,114.0,5.3,34.0,63374.0,1,1,0,0,0,1,0,0,0,0,0,0,0,0,1,0,0,0,0,0,0,0,0,0,0
176,Promesa sangrienta,(2009),16,93.0,6.7,NaN,33988.0,1,0,0,0,0,1,0,1,0,0,0,0,0,0,0,0,1,0,0,0,0,0,0,0,0
177,Quiero ser como Beckham,(2002),A,115.0,6.7,66.0,111375.0,0,0,0,0,1,0,0,1,0,0,0,0,0,0,1,0,0,0,1,0,0,0,0,0,0
178,Red Oaks,(2014–2017),18,30.0,7.9,NaN,11931.0,0,0,0,0,1,0,0,1,0,0,0,0,0,0,0,0,1,0,0,0,0,1,0,0,0
179,Redención,(2015),12,124.0,7.3,57.0,238012.0,1,0,0,0,0,1,0,1,0,0,0,0,0,0,0,1,0,0,0,0,0,0,0,0,0
180,Regreso a la escuela,(1986),,96.0,6.6,68.0,33198.0,0,0,0,0,1,0,0,0,0,0,0,0,0,0,0,0,1,0,1,0,0,1,0,0,0
181,Rocky,(1976),18,120.0,8.1,70.0,574518.0,0,0,0,0,0,0,0,1,0,0,0,0,0,0,0,0,0,0,0,1,0,1,0,0,0
182,Rocky Balboa,(2006),7,102.0,7.1,63.0,217460.0,1,0,0,0,0,0,0,1,0,0,0,0,0,0,1,0,0,0,0,0,0,1,0,0,0
183,Rocky II,(1979),14,119.0,7.3,61.0,210530.0,0,0,0,0,0,0,0,1,0,0,0,0,0,0,0,0,1,0,0,0,0,1,0,0,0
184,Rocky III,(1982),14,99.0,6.8,57.0,192050.0,0,0,0,0,0,0,0,1,0,0,0,0,0,0,1,0,0,0,0,0,0,1,0,0,0
185,Rocky IV,(1985),18,91.0,6.8,40.0,206335.0,0,0,0,0,0,0,0,1,0,0,0,0,0,0,0,1,0,0,0,0,0,1,0,0,0
186,Rocky V,(1990),18,104.0,5.3,55.0,138322.0,0,0,0,0,0,0,0,1,0,0,0,0,0,0,1,0,0,0,0,0,0,1,0,0,0
187,"Rollerball, ¿un futuro próximo?",(1975),,125.0,6.6,56.0,25755.0,1,0,0,0,0,0,0,0,0,0,0,0,0,0,0,0,0,0,0,0,1,1,1,0,0
188,Rompehuesos,(1974),,121.0,7.1,61.0,19586.0,0,0,0,0,1,1,0,1,0,0,0,0,0,0,0,1,0,0,0,0,0,0,0,0,0
189,Rompiendo las reglas,(2008),18,113.0,6.5,39.0,102258.0,1,0,0,0,0,0,0,1,0,0,0,0,0,0,0,0,0,0,0,1,0,1,0,0,0
190,Rudy. Reto a la gloria,(1993),T,114.0,7.5,71.0,64328.0,0,0,0,1,0,0,0,1,0,0,0,0,0,0,1,0,0,0,0,0,0,1,0,0,0
191,"Rumble, la liga de los monstruos",(2021),PG,95.0,5.9,48.0,6717.0,0,0,1,0,1,0,0,0,1,0,0,0,0,0,1,0,0,0,0,0,0,0,0,0,0
192,Rush,(I) (2013),12,123.0,8.1,74.0,479534.0,1,0,0,1,0,0,0,1,0,0,0,0,0,0,0,0,0,0,0,1,0,0,0,0,0
193,"Say Hey, Willie Mays!",(2022),,98.0,7.7,NaN,149.0,0,0,0,1,0,0,1,0,0,0,0,0,0,0,1,0,0,0,0,0,0,1,0,0,0
194,"Seabiscuit, más allá de la leyenda",(2003),A,140.0,7.3,72.0,73698.0,0,0,0,0,0,0,0,1,0,0,0,1,0,0,0,0,0,0,0,0,0,1,1,0,0
195,Secretariat,(2010),PG,123.0,7.2,61.0,28879.0,0,0,0,1,0,0,0,1,1,0,0,0,0,0,0,0,0,0,0,0,0,0,1,0,0
196,Semi-Profesional: Un equipo de pelotas,(2008),R,91.0,5.8,47.0,83176.0,0,0,0,0,1,0,0,0,0,0,0,0,0,0,0,0,1,0,0,0,0,1,0,0,0
197,Shaolin Soccer,(2001),PG,113.0,7.3,68.0,81359.0,1,0,0,0,1,0,0,0,0,1,0,0,0,0,0,0,0,0,0,0,0,0,1,0,0
198,Shoresy,(2022),,24.0,8.5,NaN,4310.0,1,0,0,0,1,0,0,1,0,0,0,0,0,0,0,1,0,0,0,0,0,0,0,0,0
199,Sin aliento,(2022),16,118.0,5.8,NaN,2532.0,0,0,0,0,0,0,0,1,0,0,0,0,0,0,0,0,0,0,1,1,0,1,0,0,0
200,Somos los mejores,(1992),A,104.0,6.5,46.0,67143.0,0,0,0,0,1,0,0,1,1,0,0,0,0,0,0,0,0,0,0,1,0,0,0,0,0
201,Somos los mejores: Una nueva era,(2021– ),6+,40.0,7.4,NaN,5067.0,0,0,0,0,1,0,0,1,0,0,0,0,0,0,0,0,0,0,0,1,0,1,0,0,0
202,Soul Surfer: Alma surfera,(2011),A,112.0,7.0,53.0,50159.0,0,0,0,1,0,0,0,1,1,0,0,0,0,0,0,0,1,0,0,0,0,0,0,0,0
203,Space Jam,(1996),A,88.0,6.5,59.0,198613.0,0,1,1,0,1,0,0,0,0,0,0,0,0,0,0,1,0,0,0,0,0,0,0,0,0
204,Space Jam: Nuevas leyendas,(2021),7,115.0,4.5,36.0,71889.0,0,1,1,0,1,0,0,0,0,0,0,0,0,0,0,1,0,0,0,0,0,0,0,0,0
205,Speed Racer,(2008),7,135.0,6.0,37.0,74368.0,1,1,0,0,1,0,0,0,0,0,0,0,0,0,1,0,0,0,0,0,0,0,0,0,0
206,Spinning Out,(2020),13,48.0,7.6,NaN,14878.0,0,0,0,0,0,0,0,1,0,0,0,0,0,0,1,0,0,0,0,0,0,1,0,0,0
207,Spy Kids 4: Todo el tiempo del mundo,(2011),A,89.0,3.5,37.0,25863.0,1,1,0,0,1,0,0,0,0,0,0,0,0,0,0,0,1,0,0,0,0,0,0,0,0
208,Stick It,(2006),A,103.0,6.3,53.0,29302.0,0,0,0,0,1,0,0,1,0,0,0,0,0,0,0,0,0,0,0,0,0,1,1,0,0
209,Super Nacho,(2006),PG,92.0,5.8,52.0,88406.0,0,0,0,0,1,0,0,0,1,0,0,0,0,0,0,1,0,0,0,0,0,1,0,0,0
210,Superación: La historia de la familia Antetokounmpo,(II) (2022),6+,113.0,7.0,74.0,6530.0,0,0,0,1,0,0,0,1,0,0,0,0,0,0,0,0,1,0,0,0,0,1,0,0,0
211,Supercross,(2005),PG-13,80.0,4.3,26.0,4736.0,1,0,0,0,0,0,0,1,0,0,0,0,0,0,0,0,1,0,1,0,0,0,0,0,0
212,Swagger,(2021– ),12,60.0,7.1,NaN,1897.0,0,0,0,0,0,0,0,1,0,0,0,0,0,0,0,0,1,0,0,0,0,1,0,0,0
213,Tales from the Territories,(2022– ),,NaN,8.1,NaN,82.0,0,0,0,0,0,0,1,0,0,0,0,0,0,0,0,0,1,0,0,0,0,1,0,0,0
214,Ted Lasso,(2020– ),12,30.0,8.8,NaN,210220.0,0,0,0,0,1,0,0,1,0,0,0,0,0,0,0,0,0,0,0,1,0,1,0,0,0
215,Terminagolf,(1996),A,92.0,7.0,31.0,226792.0,0,0,0,0,1,0,0,0,0,0,0,0,0,0,0,0,0,0,0,1,0,1,0,0,0
216,The Blind Side: Un sueño posible,(2009),13,129.0,7.6,53.0,332773.0,0,0,0,1,0,0,0,1,0,0,0,0,0,0,0,0,0,0,0,1,0,1,0,0,0
217,The Fastest Woman on Earth,(2022),,104.0,7.6,NaN,278.0,0,0,0,0,0,0,1,0,0,0,0,0,0,0,0,0,0,0,0,0,0,1,1,0,0
218,The Fighter,(I) (2010),12,116.0,7.8,79.0,368612.0,1,0,0,1,0,0,0,1,0,0,0,0,0,0,0,0,0,0,0,1,0,0,0,0,0
219,The Game,(2006–2015),,21.0,6.8,NaN,4526.0,0,0,0,0,1,0,0,1,0,0,0,0,0,0,0,0,1,0,1,0,0,0,0,0,0
220,The Grand Tour,(2016– ),16,60.0,8.7,NaN,75481.0,0,0,0,0,1,0,0,0,0,0,0,0,0,0,0,0,0,0,0,1,0,1,0,1,0
221,The Karate Kid,(2010),7,140.0,6.2,61.0,185054.0,1,0,0,0,0,0,0,1,1,0,0,0,0,0,0,1,0,0,0,0,0,0,0,0,0
222,The Sandlot: Historia de un verano,(1993),A,101.0,7.8,55.0,93115.0,0,0,0,0,1,0,0,1,1,0,0,0,0,0,0,0,0,0,0,1,0,0,0,0,0
223,The Swimmers,(2022),PG-13,134.0,7.6,61.0,144.0,0,0,0,1,0,0,0,1,0,0,0,0,0,0,0,1,0,0,0,0,0,1,0,0,0
224,The Way Back,(I) (2020),12,108.0,6.7,66.0,46864.0,0,0,0,0,0,0,0,1,0,0,0,0,0,0,0,0,0,0,0,0,0,1,1,0,0
225,Tiempo de victoria: La dinastía de Los Lakers,(2022– ),16,59.0,8.3,NaN,19768.0,0,0,0,1,0,0,0,1,0,0,0,0,0,0,0,0,0,0,0,1,0,1,0,0,0
226,Tin Cup,(1996),T,135.0,6.4,60.0,50885.0,0,0,0,0,1,0,0,1,0,0,0,0,0,0,0,0,1,0,1,0,0,0,0,0,0
227,Titanes: Hicieron historia,(2000),7,113.0,7.8,48.0,216496.0,0,0,0,1,0,0,0,1,0,0,0,0,0,0,0,0,0,0,0,1,0,1,0,0,0
228,Toro salvaje,(1980),13,129.0,8.2,89.0,354092.0,0,0,0,1,0,0,0,1,0,0,0,0,0,0,0,1,0,0,0,0,0,1,0,0,0
229,Trautmann,(2018),,120.0,7.2,52.0,5388.0,0,0,0,1,0,0,0,1,0,0,0,0,0,0,0,0,0,0,1,1,0,0,0,0,0
230,Tres pequeños Ninjas,(1992),A,84.0,5.3,36.0,21977.0,1,0,0,0,1,0,0,0,1,0,0,0,0,0,0,0,0,0,0,0,0,0,1,0,0
231,Turbo,(2013),A,96.0,6.4,58.0,98551.0,0,1,1,0,1,0,0,0,0,0,0,0,0,0,0,0,1,0,0,0,0,0,0,0,0
232,Tío Drew,(2018),PG-13,103.0,5.8,57.0,14648.0,0,0,0,0,1,0,0,0,0,0,0,0,0,0,0,0,0,0,0,0,0,1,1,0,0
233,Un domingo cualquiera,(1999),13,162.0,6.9,52.0,120630.0,0,0,0,0,0,0,0,1,0,0,0,0,0,0,0,1,0,0,0,0,0,1,0,0,0
234,Un juego de caballeros,(2020),12,281.0,7.6,NaN,15127.0,0,0,0,0,0,0,0,1,0,0,0,1,0,0,0,0,0,0,0,0,0,1,1,0,0
235,Un momento en el tiempo - Waves,(I) (2019),16,135.0,7.5,80.0,25988.0,0,0,0,0,0,0,0,1,0,0,0,0,0,0,1,0,0,0,1,0,0,1,0,0,0
236,Una mala jugada,(1998),R,136.0,6.9,64.0,48606.0,0,0,0,0,0,0,0,1,0,0,0,0,0,0,0,0,0,0,0,0,0,1,1,0,0
237,Una mujer en la liga,(1989),,107.0,7.2,62.0,70443.0,0,0,0,0,1,0,0,0,0,0,0,0,0,0,0,1,0,0,0,0,0,1,0,0,0
238,Una oración antes del amanecer,(2017),18,116.0,6.8,76.0,23901.0,1,0,0,1,0,1,0,0,0,0,0,0,0,0,1,0,0,0,0,0,0,0,0,0,0
239,Una pandilla de altura,(2002),A,99.0,5.3,47.0,21173.0,0,0,0,0,1,0,0,0,1,1,0,0,0,0,0,0,0,0,0,0,0,0,1,0,0
240,Una pandilla de pelotas,(2005),7,113.0,5.8,65.0,21881.0,0,0,0,0,1,0,0,0,0,0,0,0,0,0,0,0,0,0,0,0,0,1,1,0,0
241,Vaya par de idiotas,(1996),13,114.0,6.9,43.0,85224.0,0,0,0,0,1,0,0,0,0,0,0,0,0,0,0,1,0,0,0,0,0,1,0,0,0
242,Vuelven los mejores,(1994),13,106.0,6.1,NaN,40889.0,0,0,0,0,1,0,0,1,1,0,0,0,0,0,0,1,0,0,0,0,0,0,0,0,0
243,WWE Raw,(1993– ),,60.0,7.7,NaN,9175.0,1,0,0,0,0,0,0,0,0,0,0,0,0,0,0,0,0,0,0,0,0,1,1,0,0
244,Warrior,(2011),12,140.0,8.2,71.0,472372.0,1,0,0,0,0,0,0,1,0,0,0,0,0,0,0,0,0,0,0,1,0,1,0,0,0
245,Welcome to Wrexham,(2022– ),,28.0,8.3,NaN,8064.0,0,0,0,0,0,0,1,0,0,0,0,0,0,0,0,0,0,0,0,1,0,1,0,0,0
246,"Yo, Tonya",(2017),16,119.0,7.5,77.0,216371.0,0,0,0,1,1,0,0,1,0,0,0,0,0,0,0,1,0,0,0,0,0,0,0,0,0
247,"Yo, el Halcón",(1987),A,93.0,5.8,40.0,55339.0,1,0,0,0,0,0,0,1,0,0,0,0,0,0,1,0,0,0,0,0,0,1,0,0,0
248,Youngblood (Forja de campeón),(1986),,110.0,6.2,51.0,14948.0,0,0,0,0,0,0,0,1,0,0,0,0,0,0,0,0,1,0,1,0,0,1,0,0,0
249,Ángeles,(1994),T,102.0,6.2,44.0,32502.0,0,0,0,0,1,0,0,0,1,1,0,0,0,0,0,0,1,0,0,0,0,0,0,0,0
