,MOVIE,YEAR,RATING,RUNTIME (min),IMDB,METASCORE,VOTES,ACTION,ADVENTURE,ANIMATION,BIOGRAPHY,COMEDY,CRIME,DRAMA,E,FAMILY,FANTASY,HISTORY,HORROR,MUSIC,MUSICAL,MYSTERY,REALITY-TV,ROMANCE,S,SCI-FI,SPORT,T,THRILLER,W,WAR,WESTERN
0,1883,(2021–2022),,60.0,8.8,NaN,65173.0,0,0,0,0,0,0,1,0,0,0,0,0,0,0,0,0,0,0,0,0,0,0,1,0,1
1,1923,(2022– ),,NaN,NaN,NaN,NaN,0,0,0,0,0,0,1,0,0,0,0,0,0,0,0,0,0,0,0,0,0,0,1,0,1
2,Almas de metal,(1973),14,88.0,6.9,77.0,59042.0,1,0,0,0,0,0,0,1,0,0,0,0,0,0,0,0,0,0,1,0,0,1,0,0,0
3,Appaloosa,(2008),R,115.0,6.7,64.0,61748.0,1,0,0,0,0,1,1,0,0,0,0,0,0,0,0,0,0,1,0,0,0,0,0,0,0
4,Arma joven,(1988),,107.0,6.8,50.0,62540.0,1,0,0,0,0,0,0,1,0,0,0,0,0,0,0,0,0,0,0,0,0,0,0,0,1
5,Atmósfera cero,(1981),13,109.0,6.6,48.0,30308.0,1,0,0,0,0,1,0,1,0,0,0,0,0,0,0,0,0,0,1,0,0,0,0,0,0
6,Australia,(2008),7,165.0,6.6,53.0,125317.0,0,1,0,0,0,0,1,0,0,0,0,0,0,0,0,0,1,1,0,0,0,0,0,0,0
7,Bacurau,(2019),16,131.0,7.3,82.0,27642.0,0,1,0,0,0,0,0,0,0,0,0,1,0,0,1,0,0,0,0,0,1,0,0,0,0
8,Bailando con lobos,(1990),A,181.0,8.0,72.0,265587.0,0,1,0,0,0,0,1,0,0,0,0,0,0,0,0,0,0,0,0,0,0,0,1,0,1
9,Bandidas,(2006),PG-13,93.0,5.7,NaN,35823.0,1,0,0,0,1,1,0,1,0,0,0,0,0,0,0,0,0,0,0,0,0,0,0,0,0
10,Billy el Niño,(2022– ),,49.0,7.2,NaN,3874.0,0,1,0,1,0,0,1,1,0,0,0,0,0,0,0,0,0,0,0,0,0,0,0,0,0
11,Biohazard 4,(2005 Video Game),18,NaN,9.2,NaN,13349.0,1,1,0,0,0,0,0,0,0,1,0,0,0,0,0,0,0,1,0,0,0,0,0,0,0
12,Bonanza,(1959–1973),A,49.0,7.3,NaN,9671.0,0,0,0,0,0,0,0,0,0,0,0,0,0,0,0,0,0,0,0,0,0,0,1,0,1
13,Bone Tomahawk,(2015),18,132.0,7.1,72.0,102575.0,0,0,0,0,0,0,1,0,0,0,0,1,0,0,0,0,0,0,0,0,0,0,1,0,1
14,Brimstone. La hija del predicador,(2016),18,148.0,7.0,45.0,41713.0,0,0,0,0,0,0,1,0,0,0,0,0,0,0,1,0,0,1,0,0,0,1,0,0,0
15,Bubba Ho-tep,(2002),13,92.0,6.9,57.0,49165.0,0,0,0,0,1,0,0,0,0,1,0,1,0,0,0,0,0,1,0,0,0,0,0,0,0
16,Buck y el farsante,(1972),,102.0,6.5,NaN,2233.0,0,1,0,0,0,0,1,1,0,0,0,0,0,0,0,0,0,0,0,0,0,0,0,0,1
17,Butcher's Crossing,(2022),,105.0,7.0,61.0,80.0,0,0,0,0,0,0,1,1,0,0,0,0,0,0,0,0,0,0,0,0,0,0,0,0,1
18,Caballos salvajes,(1973),,100.0,6.0,NaN,2362.0,1,1,0,0,0,0,1,1,0,0,0,0,0,0,0,0,0,0,0,0,0,0,0,0,0
19,Calibre 44,(1957–1962),,60.0,7.9,NaN,908.0,0,0,0,0,0,0,0,0,0,0,0,0,0,0,0,0,0,1,0,0,0,0,0,0,1
20,Camino de Oregón,(1967),14,122.0,6.2,42.0,3077.0,0,1,0,0,0,0,1,1,0,0,0,0,0,0,0,0,0,0,0,0,0,0,0,0,1
21,Caravana,(1957–1965),,75.0,7.5,NaN,3282.0,0,0,0,0,0,0,0,0,0,0,0,0,0,0,0,0,0,0,0,0,0,0,1,0,1
22,Centauros del desierto,(1956),A,119.0,7.9,94.0,89853.0,0,1,0,0,0,0,1,1,0,0,0,0,0,0,0,0,0,0,0,0,0,0,0,0,1
23,Cheyenne,(1955–1963),,60.0,8.0,NaN,1773.0,0,0,0,0,0,0,0,1,0,0,0,0,0,0,0,0,0,0,0,0,0,0,0,0,1
24,Comanchería,(II) (2016),12,102.0,7.6,88.0,231157.0,0,0,0,0,0,1,1,0,0,0,0,0,0,0,0,0,0,0,0,0,0,1,1,0,0
25,Cometieron dos errores,(1968),18,114.0,7.0,62.0,39743.0,0,0,0,0,0,0,1,1,0,0,0,0,0,0,0,0,0,0,0,0,0,0,0,0,1
26,Cowboy de ciudad,(1980),,132.0,6.4,61.0,15244.0,0,0,0,0,0,0,1,0,0,0,0,0,0,0,0,0,1,0,0,0,1,0,0,0,1
27,Cowboys & Aliens,(2011),12,119.0,6.0,50.0,222015.0,1,0,0,0,0,0,0,0,0,0,0,0,0,0,0,0,0,0,1,0,0,1,1,0,0
28,Cowboys de ciudad,(1991),A,113.0,6.8,70.0,58021.0,0,0,0,0,1,0,0,0,0,0,0,0,0,0,0,0,0,0,0,0,0,0,1,0,1
29,Cry Macho,(2021),12,104.0,5.7,58.0,27365.0,0,0,0,0,0,0,1,1,0,0,0,0,0,0,0,0,0,0,0,0,0,0,0,0,1
30,Cuatro mujeres y un destino,(1994),13,99.0,5.2,NaN,12839.0,1,1,0,0,0,0,0,0,0,0,0,0,0,0,0,0,1,0,0,0,1,0,0,0,0
31,Cuero crudo,(1959–1965),,50.0,7.9,NaN,3965.0,0,0,0,0,0,0,0,1,0,0,0,0,0,0,0,0,0,0,0,0,0,0,0,0,1
32,Damnation,(2017–2018),16,60.0,7.6,NaN,8510.0,0,0,0,0,0,1,1,1,0,0,0,0,0,0,0,0,0,0,0,0,0,0,0,0,1
33,Daniel Boone,(1964–1970),,60.0,7.3,NaN,2102.0,0,1,0,0,0,0,0,0,0,0,0,0,0,0,0,0,0,0,0,0,1,0,0,0,1
34,De ratones y hombres,(1992),13,115.0,7.5,73.0,44147.0,0,0,0,0,0,0,1,0,0,0,0,0,0,0,0,0,0,1,0,0,0,0,0,0,1
35,Dead Man,(1995),13,121.0,7.5,62.0,97759.0,0,1,0,0,0,0,1,0,0,1,0,0,0,0,0,0,0,1,0,0,0,0,0,0,0
36,Dead for a Dollar,(2022),R,107.0,5.2,61.0,1526.0,0,0,0,0,0,0,0,0,0,0,0,0,0,0,0,0,0,0,0,0,0,1,1,0,1
37,Deadwood,(2004–2006),18,55.0,8.6,NaN,107450.0,0,0,0,0,0,1,1,0,0,0,1,0,0,0,0,0,0,0,0,0,0,0,1,0,0
38,Deadwood: La película,(2019 TV Movie),18,110.0,7.4,NaN,23307.0,0,0,0,0,0,0,1,0,0,0,0,0,0,0,0,0,0,1,0,0,0,0,0,0,1
39,Desapariciones,(I) (2003),13,137.0,6.5,55.0,36471.0,0,1,0,0,0,0,0,0,0,0,0,0,0,0,0,0,0,0,0,0,1,1,0,0,1
40,Desperado,(1995),18,104.0,7.1,55.0,186837.0,1,0,0,0,0,1,0,1,0,0,0,0,0,0,0,0,0,0,0,0,0,1,0,0,0
41,Deuda de honor - The Homesman,(2014),16,122.0,6.6,68.0,33461.0,0,0,0,0,0,0,1,1,0,0,0,0,0,0,0,0,0,0,0,0,0,0,0,0,1
42,Django,(1966),12,91.0,7.2,75.0,28293.0,1,0,0,0,0,0,0,1,0,0,0,0,0,0,0,0,0,0,0,0,0,0,0,0,1
43,Django,(2022– ),,NaN,NaN,NaN,NaN,0,0,0,0,0,0,1,0,0,0,0,0,0,0,0,0,0,0,0,0,1,0,0,0,1
44,Django desencadenado,(2012),16,165.0,8.4,81.0,1538985.0,0,0,0,0,0,0,1,0,0,0,0,0,0,0,0,0,0,0,0,0,0,0,1,0,1
45,Django/Zorro,(2022),,NaN,NaN,NaN,NaN,0,1,0,0,0,0,1,1,0,0,0,0,0,0,0,0,0,0,0,0,0,0,0,0,1
46,Dos duros sobre ruedas,(1991),18,98.0,6.1,36.0,20639.0,1,0,0,0,0,1,1,0,0,0,0,0,0,0,0,0,0,0,0,0,1,0,0,0,0
47,Dos hombres y un destino,(1969),14,110.0,8.0,66.0,216290.0,0,0,0,1,0,1,1,1,0,0,0,0,0,0,0,0,0,0,0,0,0,0,0,0,0
48,Dos mulas y una mujer,(1970),18,116.0,7.0,62.0,28181.0,0,1,0,0,0,0,0,0,0,0,0,0,0,0,0,0,1,1,0,0,0,0,0,1,0
49,Duelo de titanes,(1957),A,122.0,7.2,56.0,16007.0,0,0,0,1,0,0,1,1,0,0,0,0,0,0,0,0,0,0,0,0,0,0,0,0,1
50,El Dorado,(1966),A,126.0,7.5,85.0,27556.0,0,0,0,0,0,0,1,0,0,0,0,0,0,0,0,0,1,1,0,0,0,0,0,0,1
51,El Topo,(1970),,125.0,7.2,65.0,29577.0,0,0,0,0,0,0,1,0,0,0,0,0,0,0,0,0,0,1,0,0,0,0,0,0,1
52,El Zorro,(1957–1959),,30.0,8.2,NaN,3676.0,1,1,0,0,1,0,0,0,0,0,0,0,0,0,0,0,0,1,0,0,0,0,0,0,0
53,El asesinato de Jesse James por el cobarde Robert Ford,(2007),12,160.0,7.5,68.0,182415.0,0,0,0,1,0,1,1,1,0,0,0,0,0,0,0,0,0,0,0,0,0,0,0,0,0
54,"El bueno, el feo y el malo",(1966),13,182.0,8.8,90.0,757687.0,0,1,0,0,0,0,0,0,0,0,0,0,0,0,0,0,0,0,0,0,0,0,1,0,1
55,El fuera de la ley,(1976),18,135.0,7.8,69.0,74313.0,0,0,0,0,0,0,0,0,0,0,0,0,0,0,0,0,0,1,0,0,0,0,0,0,1
56,El gran Chaparral,(1967–1971),,60.0,7.6,NaN,2086.0,0,0,0,0,0,0,0,0,0,0,0,0,0,0,0,0,0,1,0,0,0,0,0,0,1
57,El gran Jack,(1971),PG-13,110.0,7.1,57.0,13179.0,0,0,0,0,0,0,0,0,0,0,0,0,0,0,0,0,0,0,0,0,1,0,0,0,1
58,El gran McLintock,(1963),A,126.0,7.1,62.0,15289.0,0,0,0,0,1,0,0,1,0,0,0,0,0,0,0,0,0,0,0,0,0,0,0,0,1
59,El hombre de Río Nevado,(1982),12,102.0,7.2,63.0,9165.0,0,1,0,0,0,0,1,0,0,0,0,0,0,0,0,0,1,0,0,0,1,0,0,0,0
60,El hombre de las pistolas de oro,(1959),,121.0,7.1,NaN,6383.0,0,0,0,0,0,0,1,1,0,0,0,0,0,0,0,0,0,0,0,0,0,0,0,0,1
61,El hombre del rifle,(1958–1963),,30.0,8.3,NaN,4360.0,0,0,0,0,0,0,0,1,1,0,0,0,0,0,0,0,0,0,0,0,0,0,0,0,1
62,El hombre que mató a Liberty Valance,(1962),A,123.0,8.1,94.0,76499.0,0,0,0,0,0,0,1,0,0,0,0,0,0,0,0,0,0,1,0,0,0,0,0,0,1
63,El hombre que susurraba a los caballos,(1998),T,169.0,6.7,65.0,41620.0,0,0,0,0,0,0,1,0,0,0,0,0,0,0,0,0,1,0,0,0,1,0,0,0,1
64,El jinete pálido,(1985),13,115.0,7.3,61.0,60115.0,0,0,0,0,0,0,1,0,0,0,0,0,0,0,0,0,0,1,0,0,0,0,0,0,1
65,El jugador,(1980 TV Movie),,94.0,6.3,NaN,1074.0,0,0,0,0,0,0,0,0,0,0,0,0,0,0,0,0,0,0,0,0,1,0,0,0,1
66,El llanero solitario,(2013),7,150.0,6.4,37.0,235450.0,1,1,0,0,0,0,0,0,0,0,0,0,0,0,0,0,0,1,0,0,0,0,0,0,1
67,El pistolero de San Francisco,(1957–1963),,25.0,8.4,NaN,2914.0,0,0,0,0,0,0,0,0,0,0,0,0,0,0,0,0,0,1,0,0,0,0,0,0,1
68,El poder del perro,(2021),16,126.0,6.8,89.0,172382.0,0,0,0,0,0,0,1,0,0,0,0,0,0,0,0,0,1,0,0,0,0,0,1,0,1
69,El pájaro carpintero,(2020),16,335.0,7.6,NaN,6735.0,0,0,0,0,0,0,1,1,0,0,1,0,0,0,0,0,0,0,0,0,0,0,0,1,0
70,El regreso de Ben Wyatt,(1966),,98.0,6.4,NaN,618.0,0,0,0,0,0,0,0,1,0,0,0,0,0,0,0,0,1,0,0,0,0,0,0,0,1
71,El renacido (The Revenant),(2015),16,156.0,8.0,76.0,798928.0,1,1,0,0,0,0,1,0,0,0,0,0,0,0,0,0,0,0,0,0,0,0,1,0,0
72,El rostro impenetrable,(1961),13,141.0,7.1,NaN,11834.0,0,0,0,0,0,0,1,1,0,0,0,0,0,0,0,0,0,0,0,0,0,0,0,0,1
73,El tesoro de Sierra Madre,(1948),,126.0,8.2,98.0,125304.0,0,1,0,0,0,0,1,0,0,0,0,0,0,0,0,0,0,0,0,0,1,0,0,0,1
74,El tren de las 3:10,(1957),,92.0,7.6,NaN,20034.0,0,0,0,0,0,0,1,0,0,0,0,0,0,0,0,0,0,0,0,0,0,1,1,0,1
75,El tren de las 3:10,(2007),12,122.0,7.7,76.0,312204.0,1,0,0,0,0,1,1,0,0,0,0,0,0,0,0,0,0,0,0,0,0,0,1,0,0
76,El valle de la venganza,(2016),R,104.0,6.1,64.0,19367.0,1,0,0,0,0,0,0,0,0,0,0,0,0,0,0,0,0,0,0,0,1,0,0,0,1
77,El viaje más largo,(2015),7,123.0,7.0,33.0,83585.0,0,0,0,0,1,0,1,1,0,0,0,0,0,0,0,0,1,0,0,0,0,0,0,0,0
78,El viento,(II) (2018),R,88.0,5.6,66.0,8568.0,0,0,0,0,0,0,0,0,0,0,0,1,0,0,1,0,0,1,0,0,0,1,0,0,0
79,El virginiano,(1962–1971),,75.0,7.6,NaN,2772.0,0,0,0,0,0,0,0,0,0,0,0,0,0,0,0,0,0,0,0,0,0,0,1,0,1
80,El último desafío,(2013),16,107.0,6.3,54.0,139623.0,1,0,0,0,0,0,0,0,0,0,0,0,0,0,0,0,0,1,0,0,0,1,0,0,1
81,El último hijo,(2021),R,96.0,4.7,NaN,1494.0,1,1,0,0,0,1,0,1,0,0,0,0,0,0,0,0,0,0,0,0,0,0,0,0,0
82,El último pistolero,(1976),13,100.0,7.6,77.0,24823.0,0,0,0,0,0,0,1,0,0,0,0,0,0,0,0,0,1,0,0,0,1,0,0,0,1
83,Fallout: New Vegas,(2010 Video Game),,NaN,8.9,NaN,12436.0,1,1,0,0,0,0,0,1,0,0,0,0,0,0,0,0,0,0,1,0,0,0,0,0,0
84,Fiel amigo,(1957),,83.0,7.3,84.0,13879.0,0,1,0,0,0,0,1,0,1,0,0,0,0,0,0,0,0,0,0,0,1,0,0,0,0
85,First Cow,(2019),12,122.0,7.1,89.0,18867.0,0,0,0,0,0,0,1,1,0,0,0,0,0,0,0,0,0,0,0,0,0,0,0,0,1
86,Forsaken,(I) (2015),R,90.0,6.3,55.0,12532.0,1,0,0,0,0,0,1,1,0,0,0,0,0,0,0,0,0,0,0,0,0,0,0,0,1
87,Fort Apache,(1948),A,128.0,7.4,NaN,18439.0,0,0,0,0,0,0,0,1,0,0,0,0,0,0,0,0,0,0,0,0,0,0,0,0,1
88,Frontera,(2016–2018),16,60.0,7.1,NaN,21567.0,0,1,0,0,0,0,1,1,0,0,1,0,0,0,0,0,0,0,0,0,0,0,0,0,0
89,"Gerónimo, una leyenda",(1993),T,115.0,6.5,58.0,11998.0,0,0,0,0,0,0,1,1,0,0,1,0,0,0,0,0,0,0,0,0,0,0,0,0,1
90,Gigante,(1956),A,201.0,7.6,84.0,39446.0,0,0,0,0,0,0,1,0,0,0,0,0,0,0,0,0,0,1,0,0,0,0,0,0,1
91,Godless,(2017),16,452.0,8.3,NaN,67506.0,1,0,0,0,0,0,1,0,0,0,0,0,0,0,0,0,0,0,0,0,0,0,1,0,1
92,Golden Kamuy,(2018– ),,24.0,8.1,NaN,1840.0,1,1,1,0,0,0,0,0,0,0,0,0,0,0,0,0,0,0,0,0,1,0,0,0,0
93,Grupo salvaje,(1969),13,145.0,7.9,97.0,85023.0,1,1,0,0,0,0,0,0,0,0,0,0,0,0,0,0,0,1,0,0,0,0,0,0,1
94,Hasta que llegó su hora,(1968),13,165.0,8.5,80.0,328667.0,0,0,0,0,0,0,0,0,0,0,0,0,0,0,0,0,0,0,0,0,0,0,1,0,1
95,Hatfields & McCoys,(2012),14,290.0,7.9,NaN,27217.0,0,0,0,0,0,0,1,0,0,0,1,0,0,0,0,0,1,0,0,0,1,0,0,0,0
96,Hell Hole,(2020),,NaN,7.3,NaN,19.0,1,0,0,0,0,0,0,1,0,0,0,0,0,0,1,0,0,0,0,0,0,1,0,0,0
97,Hombres errantes,(1952),,113.0,7.4,NaN,3218.0,1,0,0,0,0,0,1,0,0,0,0,0,0,0,0,0,0,1,0,1,0,0,0,0,0
98,Hondo,(1953),PG,83.0,7.0,79.0,11251.0,0,0,0,0,0,0,1,0,0,0,0,0,0,0,0,0,1,0,0,0,1,0,0,1,0
99,Honor y venganza,(1954),,95.0,6.6,NaN,1475.0,0,0,0,0,0,0,0,0,0,0,0,0,0,0,0,0,0,0,0,0,1,0,0,0,1
100,Horizon,(VI),,NaN,NaN,NaN,NaN,0,0,0,0,0,0,1,0,0,0,0,0,0,0,0,0,0,1,0,0,0,0,0,0,1
101,Hostile Territory,(2022),R,94.0,4.7,NaN,429.0,0,0,0,0,0,0,1,1,0,0,1,0,0,0,0,0,0,0,0,0,0,0,0,0,1
102,Hostiles,(2017),12,134.0,7.2,65.0,85728.0,0,0,0,0,0,0,1,0,0,0,0,0,0,0,0,0,0,0,0,0,0,0,1,0,1
103,"Hud, el más salvaje entre mil",(1963),13,112.0,7.8,62.0,22128.0,0,0,0,0,0,0,1,0,0,0,0,0,0,0,0,0,0,0,0,0,1,0,0,0,1
104,Héroes por casualidad,(1998),PG-13,90.0,5.7,NaN,16696.0,0,1,0,0,1,0,0,0,0,0,0,0,0,0,0,0,0,0,0,0,0,0,1,0,1
105,Infierno de cobardes,(1973),18,105.0,7.4,69.0,57652.0,0,0,0,0,0,0,1,0,0,0,0,0,0,0,1,0,0,0,0,0,0,0,1,0,1
106,Infierno sobre ruedas,(2011–2016),12,42.0,8.3,NaN,52369.0,0,0,0,0,0,0,1,0,0,0,0,0,0,0,0,0,0,0,0,0,0,0,1,0,1
107,Into the West,(2005),,552.0,8.0,NaN,7057.0,0,1,0,0,0,0,1,0,0,0,0,0,0,0,0,0,1,0,0,0,1,0,0,0,0
108,Intrépidos forajidos,(1990),13,104.0,6.5,47.0,36604.0,1,0,0,0,0,0,0,0,0,0,0,0,0,0,0,0,0,1,0,0,0,0,0,0,1
109,Jim West,(1965–1969),,50.0,8.1,NaN,5424.0,1,1,0,0,0,0,0,1,0,0,0,0,0,0,0,0,0,0,0,0,0,0,0,0,1
110,Joe Kidd,(1972),13,88.0,6.4,52.0,18925.0,0,0,0,0,0,0,0,0,0,0,0,0,0,0,0,0,0,1,0,0,0,0,0,0,1
111,Joe Pickett,(2021– ),,50.0,7.6,NaN,2706.0,0,0,0,0,0,0,1,1,0,0,0,0,0,0,0,0,0,0,0,0,0,0,0,0,1
112,Jonah Hex,(2010),7,81.0,4.7,33.0,59400.0,1,0,0,0,0,0,1,0,0,1,0,0,0,0,0,0,0,0,0,0,1,0,0,0,0
113,Justified: La ley de Raylan,(2010–2015),16,44.0,8.6,NaN,100623.0,1,0,0,0,0,1,1,0,0,0,0,0,0,0,0,0,0,0,0,0,0,0,1,0,0
114,Jóvenes jinetes,(1989–1992),,60.0,7.7,NaN,2170.0,0,0,0,0,0,0,0,0,0,0,0,0,0,0,0,0,1,0,0,0,1,0,0,0,1
115,Killers of the Flower Moon,(2023),,NaN,NaN,NaN,NaN,0,0,0,0,0,1,1,0,0,0,1,0,0,0,0,0,0,0,0,0,0,0,1,0,0
116,Kung Fu,(1972–1975),,60.0,7.6,NaN,6269.0,0,1,0,0,0,0,1,0,0,0,0,0,0,0,0,0,0,1,0,0,0,0,0,0,1
117,La Torre Oscura,(2017),12,95.0,5.6,34.0,139270.0,1,1,0,0,0,0,0,1,0,1,0,0,0,0,0,0,0,0,0,0,0,0,0,0,0
118,La balada de Buster Scruggs,(2018),16,133.0,7.3,79.0,147774.0,0,0,0,0,1,0,1,0,0,0,0,0,0,1,0,0,0,0,0,0,0,0,1,0,0
119,La carrera del siglo,(1965),A,160.0,7.2,71.0,18200.0,1,1,0,0,1,0,0,0,0,0,0,0,0,0,0,0,0,0,0,0,1,0,0,0,0
120,La casa de la pradera,(1974–1983),Not Rated,60.0,7.5,NaN,23762.0,0,0,0,0,0,0,1,0,1,0,0,0,0,0,0,0,1,0,0,0,0,0,1,0,0
121,La conquista del Oeste,(1962),7,164.0,7.0,56.0,21189.0,0,0,0,0,0,0,0,0,0,0,0,0,0,0,0,0,0,0,0,0,1,0,0,0,1
122,La conquista del Oeste,(1976–1979),,NaN,8.3,NaN,2293.0,0,0,0,0,0,0,0,1,0,0,0,0,0,0,0,0,0,0,0,0,0,0,0,0,1
123,La diligencia,(1939),A,96.0,7.8,93.0,49439.0,0,1,0,0,0,0,1,0,0,0,0,0,0,0,0,0,0,0,0,0,1,0,0,0,1
124,La doctora Quinn,(1993–1998),,60.0,6.8,NaN,12363.0,0,0,0,0,0,0,1,0,1,0,0,0,0,0,0,0,0,0,0,0,0,0,1,0,1
125,La letra escarlata,(1995),13,135.0,5.3,NaN,15545.0,0,0,0,0,0,0,1,1,0,0,0,0,0,0,0,0,1,0,0,0,0,0,0,0,1
126,La ley del revólver,(1955–1975),,60.0,8.1,NaN,7306.0,0,0,0,0,0,0,0,0,0,0,0,0,0,0,0,0,0,0,0,0,0,0,1,0,1
127,La leyenda de la ciudad sin nombre,(1969),13,164.0,6.6,50.0,13869.0,0,0,0,0,1,0,1,0,0,0,0,0,0,1,0,0,0,0,0,0,1,0,0,0,0
128,La leyenda del Zorro,(2005),7,129.0,5.9,47.0,102476.0,1,1,0,0,0,0,0,0,0,0,0,0,0,0,0,0,1,1,0,0,0,0,0,0,0
129,La modista,(I) (2015),12,119.0,7.0,47.0,61204.0,0,0,0,0,1,0,1,0,0,0,0,0,0,0,0,0,0,1,0,0,0,0,0,0,1
130,La muerte tenía un precio,(1965),18,132.0,8.2,74.0,256639.0,0,0,0,0,0,0,0,1,0,0,0,0,0,0,0,0,0,0,0,0,0,0,0,0,1
131,La mujer que camina delante,(2017),7,101.0,6.6,51.0,7375.0,0,0,0,1,0,0,1,1,0,0,1,0,0,0,0,0,0,0,0,0,0,0,0,0,0
132,La máscara del Zorro,(1998),T,136.0,6.8,63.0,185071.0,1,1,0,0,1,0,0,1,0,0,0,0,0,0,0,0,0,0,0,0,0,0,0,0,0
133,La propuesta,(2005),18,104.0,7.3,73.0,53005.0,0,0,0,0,0,1,1,1,0,0,0,0,0,0,0,0,0,0,0,0,0,0,0,0,1
134,La puerta del cielo,(1980),,219.0,6.7,57.0,15358.0,0,1,0,0,0,0,1,0,0,0,0,0,0,0,0,0,0,1,0,0,0,0,0,0,1
135,La venganza de Jane,(2015),12,98.0,5.9,49.0,22711.0,1,0,0,0,0,0,1,1,0,0,0,0,0,0,0,0,0,0,0,0,0,0,0,0,1
136,La verdadera historia de la banda de Kelly,(2019),16,124.0,6.0,75.0,11577.0,0,0,0,1,0,1,1,0,0,0,0,0,0,0,0,0,0,1,0,0,0,0,0,0,0
137,La vuelta al mundo en 80 días,(2004),A,120.0,5.8,49.0,90467.0,1,1,0,0,1,0,0,0,0,0,0,0,0,0,0,0,0,0,0,0,1,0,0,0,0
138,Ladrones de trenes,(1973),,92.0,6.4,64.0,6080.0,1,0,0,0,1,0,0,0,0,0,0,0,0,0,0,0,1,1,0,0,0,0,0,0,0
139,Laramie,(1959–1963),,60.0,7.7,NaN,1233.0,0,0,0,0,0,0,0,0,0,0,0,0,0,0,0,0,0,0,0,0,1,0,0,0,1
140,Las aventuras de Brisco County,(1993–1994),,45.0,8.3,NaN,8681.0,1,1,0,0,1,0,0,0,0,0,0,0,0,0,0,0,0,0,0,0,1,0,0,0,0
141,Las aventuras de Jeremiah Johnson,(1972),A,108.0,7.5,75.0,32091.0,0,1,0,0,0,0,1,0,0,0,0,0,0,0,0,0,0,1,0,0,0,0,0,0,1
142,Lawman,(1958–1962),,30.0,8.1,NaN,765.0,0,0,0,0,0,0,0,1,0,0,0,0,0,0,0,0,0,0,0,0,0,0,0,0,1
143,Le llamaban Trinidad,(1970),A,115.0,7.4,NaN,22781.0,0,0,0,0,1,0,0,0,0,0,0,0,0,0,0,0,0,0,0,0,1,0,0,0,1
144,Leyendas de pasión,(1994),13,133.0,7.5,45.0,167174.0,0,0,0,0,0,0,1,0,0,0,0,0,0,0,0,0,1,0,0,0,0,0,1,1,0
145,Longmire,(2012–2017),,60.0,8.3,NaN,35865.0,1,0,0,0,0,1,1,0,0,0,0,0,0,0,0,0,0,0,0,0,0,0,1,0,0
146,Los 100 rifles,(1969),,110.0,6.0,NaN,3527.0,0,1,0,0,0,0,0,0,0,0,0,0,0,0,0,0,1,0,0,0,1,0,0,1,0
147,Los cowboys,(1972),GP,134.0,7.4,52.0,14736.0,0,1,0,0,0,0,1,0,0,0,0,0,0,0,0,0,0,0,0,0,1,0,0,0,1
148,Los desesperados,(1943),,87.0,6.4,NaN,1430.0,0,0,0,0,0,0,0,0,0,0,0,0,0,0,0,0,0,0,0,0,1,0,0,0,1
149,Los dos mosqueteros,(1971–1973),,60.0,7.6,NaN,2103.0,0,0,0,0,0,0,0,1,0,0,0,0,0,0,0,0,0,0,0,0,0,0,0,0,1
150,Los fuertes del fuerte,(1965–1967),,30.0,7.3,NaN,3034.0,0,0,0,0,1,0,0,1,0,0,0,0,0,0,0,0,0,0,0,0,0,0,0,0,1
151,Los hermanos Sisters,(2018),12,122.0,6.9,78.0,65248.0,0,0,0,0,0,0,1,0,0,0,0,0,0,0,0,0,0,1,0,0,0,0,0,0,1
152,Los hombres libres de Jones,(2016),16,139.0,6.9,53.0,58498.0,1,0,0,1,0,0,1,1,0,0,0,0,0,0,0,0,0,0,0,0,0,0,0,0,0
153,Los odiosos ocho,(2015),18,168.0,7.8,68.0,596249.0,0,0,0,0,0,1,1,0,0,0,0,0,0,0,1,0,0,0,0,0,0,0,1,0,0
154,Los profesionales,(1966),PG-13,117.0,7.3,75.0,16794.0,1,1,0,0,0,0,0,0,0,0,0,0,0,0,0,0,0,0,0,0,1,0,0,0,1
155,Los que no perdonan,(1960),,125.0,6.6,NaN,8710.0,0,0,0,0,0,0,1,0,0,0,0,0,0,0,0,0,1,1,0,0,0,0,0,0,1
156,Los renegados del diablo,(2005),18,107.0,6.7,53.0,101167.0,0,0,0,0,0,1,0,0,0,0,0,1,0,0,0,0,0,0,0,0,0,0,1,0,1
157,Los siete magníficos,(1960),TP,128.0,7.7,74.0,95438.0,1,1,0,0,0,0,0,1,0,0,0,0,0,0,0,0,0,0,0,0,0,0,0,0,1
158,Los siete magníficos,(2016),12,132.0,6.8,54.0,212508.0,1,1,0,0,0,0,0,0,0,0,0,0,0,0,0,0,0,0,0,0,0,0,1,0,1
159,Matar a un hombre,(1956),,76.0,6.3,NaN,644.0,0,0,0,0,0,0,0,0,0,0,0,0,0,0,0,0,0,1,0,0,0,0,0,0,1
160,Maverick,(1957–1962),,60.0,8.1,NaN,3246.0,0,0,0,0,1,0,0,0,0,0,0,0,0,0,0,0,0,1,0,0,0,0,0,0,1
161,Maverick,(1994),T,127.0,7.0,62.0,112588.0,1,1,0,0,1,0,0,1,0,0,0,0,0,0,0,0,0,0,0,0,0,0,0,0,0
162,Mi nombre es Ninguno,(1973),13,116.0,7.3,68.0,27359.0,0,0,0,0,1,0,0,1,0,0,0,0,0,0,0,0,0,0,0,0,0,0,0,0,1
163,Mil maneras de morder el polvo,(2014),16,116.0,6.1,44.0,189673.0,0,0,0,0,1,0,0,1,0,0,0,0,0,0,0,0,0,0,0,0,0,0,0,0,1
164,Mountain Men,(2012– ),,42.0,7.3,NaN,1585.0,0,0,0,0,0,0,0,1,0,0,0,0,0,0,0,1,0,0,0,0,0,0,0,0,1
165,Murder at Yellowstone City,(2022),,127.0,5.1,45.0,1213.0,0,0,0,0,0,0,0,1,0,0,0,0,0,0,0,0,0,0,0,0,0,0,0,0,1
166,Más dura será la caída,(2021),16,139.0,6.6,68.0,62535.0,1,0,0,0,0,0,1,0,0,0,0,0,0,0,0,0,0,0,0,0,0,0,1,0,1
167,National Treasure 3,(2024),,NaN,NaN,NaN,NaN,1,1,0,0,0,0,0,1,1,0,0,0,0,0,0,0,0,0,0,0,0,0,0,0,0
168,Nevada Smith,(1966),18,128.0,6.9,NaN,8477.0,0,0,0,0,0,0,0,0,0,0,0,0,0,0,0,0,0,0,0,0,1,0,0,0,1
169,Noticias del gran mundo,(2020),12,118.0,6.8,73.0,86984.0,1,1,0,0,0,0,1,1,0,0,0,0,0,0,0,0,0,0,0,0,0,0,0,0,0
170,Océanos de fuego (Hidalgo),(2004),A,136.0,6.7,54.0,82648.0,1,1,0,1,0,0,0,0,0,0,0,0,0,0,0,0,0,1,0,0,0,0,0,0,0
171,Ojos de fuego,(1983),,90.0,6.3,NaN,1654.0,0,0,0,0,0,0,0,1,0,0,0,1,0,0,0,0,0,0,0,0,0,0,0,0,1
172,Oklahoma,(1955),,145.0,7.0,74.0,13021.0,0,0,0,0,1,0,1,0,0,0,0,0,0,1,0,0,0,0,0,0,1,0,0,0,0
173,Old Henry,(2021),,99.0,7.2,69.0,25686.0,1,0,0,0,0,0,1,0,0,0,0,0,0,0,0,0,0,0,0,0,0,0,1,0,1
174,Open Range,(2003),13,139.0,7.4,67.0,73654.0,1,0,0,0,0,0,1,1,0,0,0,0,0,0,0,0,1,0,0,0,0,0,0,0,0
175,Oye amigo,(1989–1991),,30.0,7.2,NaN,3185.0,0,1,0,0,1,0,0,1,1,0,0,0,0,0,0,0,0,0,0,0,0,0,0,0,0
176,Paloma Solitaria,(1989),,384.0,8.7,NaN,23377.0,0,1,0,0,0,0,1,1,0,0,0,0,0,0,0,0,0,0,0,0,0,0,0,0,1
177,Pequeño gran hombre,(1970),PG-13,139.0,7.6,63.0,35715.0,0,1,0,0,1,0,1,0,0,0,0,0,0,0,0,0,0,0,0,0,1,0,0,0,0
178,Pistolas en la frontera,(1963),,88.0,5.8,NaN,542.0,0,0,0,0,0,0,0,1,0,0,0,0,0,0,0,0,0,0,0,0,0,0,0,0,1
179,Pistoleros,(1947),,87.0,6.3,NaN,796.0,0,0,0,0,0,0,0,1,0,0,0,0,0,0,0,0,0,0,0,0,0,0,0,0,1
180,Por un puñado de dólares,(1964),18,99.0,7.9,65.0,217765.0,1,0,0,0,0,0,1,1,0,0,0,0,0,0,0,0,0,0,0,0,0,0,0,0,1
181,Pure Country,(1992),PG,112.0,7.1,NaN,4864.0,0,0,0,0,0,0,1,1,0,0,0,0,1,0,0,0,1,0,0,0,0,0,0,0,0
182,"Randall, el justiciero",(1958–1961),,30.0,8.0,NaN,2441.0,0,0,0,0,0,0,0,0,0,0,0,0,0,0,0,0,0,0,0,0,1,0,0,0,1
183,Rango,(2011),A,107.0,7.2,75.0,266011.0,1,1,1,0,0,0,0,1,0,0,0,0,0,0,0,0,0,0,0,0,0,0,0,0,0
184,Ravenous,(1999),18,101.0,6.9,46.0,40284.0,0,1,0,0,0,0,0,0,0,0,0,1,0,0,0,0,0,1,0,0,0,0,0,0,1
185,Raíces profundas,(1953),A,118.0,7.6,80.0,41149.0,0,0,0,0,0,0,1,1,0,0,0,0,0,0,0,0,0,0,0,0,0,0,0,0,1
186,Red Dead Redemption,(2010 Video Game),18,NaN,9.5,NaN,26983.0,1,1,0,0,0,1,0,1,0,0,0,0,0,0,0,0,0,0,0,0,0,0,0,0,0
187,Red Dead Redemption II,(2018 Video Game),,NaN,9.7,NaN,37470.0,1,1,0,0,0,1,0,1,0,0,0,0,0,0,0,0,0,0,0,0,0,0,0,0,0
188,Red Headed Stranger,(1986),,105.0,6.4,NaN,711.0,0,0,0,0,0,0,0,0,0,0,0,0,0,0,0,0,0,1,0,0,0,0,0,0,1
189,Regreso al futuro. Parte III,(1990),A,118.0,7.4,55.0,446060.0,0,1,0,0,1,0,0,0,0,0,0,0,0,0,0,0,0,0,1,0,0,0,1,0,0
190,Rust,(VI),,NaN,NaN,NaN,NaN,0,0,0,0,0,0,0,1,0,0,0,0,0,0,0,0,0,0,0,0,0,0,0,0,1
191,Rápida y mortal,(1995),18,108.0,6.5,49.0,95032.0,1,0,0,0,0,0,0,1,0,0,0,0,0,0,0,0,1,0,0,0,0,1,0,0,0
192,Río Bravo,(1959),13,141.0,8.0,93.0,63004.0,0,0,0,0,0,0,0,0,0,0,0,0,0,0,0,0,0,1,0,0,0,0,0,0,1
193,Río Lobo,(1970),A,114.0,6.7,55.0,12594.0,0,0,0,0,0,0,0,0,0,0,0,0,0,0,0,0,0,0,0,0,1,0,0,1,1
194,Río Rojo,(1948),A,133.0,7.8,NaN,31586.0,0,0,0,0,0,0,1,1,0,0,0,0,0,0,0,0,0,0,0,0,0,0,0,0,1
195,Río rojo,(1988 TV Movie),,96.0,6.1,NaN,354.0,0,0,0,0,0,0,0,1,0,0,0,0,0,0,0,0,0,0,0,0,0,0,0,0,1
196,Río sin retorno,(1954),13,91.0,6.6,NaN,11911.0,1,1,0,0,0,0,1,0,0,0,0,0,0,0,0,0,0,1,0,0,0,0,0,0,0
197,Shanghai Kid: Del Este al Oeste,(2000),A,110.0,6.6,77.0,128186.0,1,1,0,0,1,0,0,0,0,0,0,0,0,0,0,0,0,0,0,0,1,0,0,0,0
198,Siete novias para siete hermanos,(1954),,102.0,7.3,75.0,25281.0,0,0,0,0,1,0,1,0,0,0,0,0,0,1,0,0,0,0,0,0,1,0,0,0,0
199,Sillas de montar calientes,(1974),,93.0,7.7,73.0,140152.0,0,0,0,0,1,0,0,0,0,0,0,0,0,0,0,0,0,0,0,0,0,0,1,0,1
200,Silverado,(1985),A,133.0,7.2,64.0,44964.0,1,0,0,0,0,1,1,1,0,0,0,0,0,0,0,0,0,0,0,0,0,0,0,0,0
201,Sin perdón,(1992),18,130.0,8.2,85.0,411556.0,0,0,0,0,0,0,1,0,0,0,0,0,0,0,0,0,0,0,0,0,0,0,1,0,1
202,Slow West,(2015),12,84.0,6.9,72.0,45921.0,1,1,0,0,0,0,1,1,0,0,0,0,0,0,0,0,0,0,0,0,0,0,0,0,0
203,Solo ante el peligro,(1952),13,85.0,8.0,89.0,104770.0,0,0,0,0,0,0,1,1,0,0,0,0,0,0,0,0,0,0,0,0,0,1,0,0,1
204,Spirit: El corcel indomable,(2002),A,86.0,7.1,52.0,76678.0,0,1,1,0,0,0,1,0,0,0,0,0,0,0,0,0,0,1,0,0,0,0,0,0,0
205,Spirit: Indomable,(2021),7/i,88.0,5.5,49.0,3783.0,0,1,1,0,1,0,0,1,0,0,0,0,0,0,0,0,0,0,0,0,0,0,0,0,0
206,Stage to Chino,(1940),,59.0,6.2,NaN,124.0,0,0,0,0,0,0,0,1,0,0,0,0,0,0,0,0,0,0,0,0,0,0,0,0,1
207,También un sheriff necesita ayuda,(1969),A,92.0,7.5,56.0,11624.0,0,0,0,0,1,0,0,1,0,0,0,0,0,0,0,0,0,0,0,0,0,0,0,0,1
208,Temblores 2: La respuesta,(1996 Video),PG-13,100.0,5.9,NaN,30793.0,1,0,0,0,1,0,0,0,0,0,0,1,0,0,0,0,0,0,0,0,1,0,0,0,0
209,Temblores 4: Comienza la leyenda,(2004 Video),PG-13,101.0,5.3,NaN,13237.0,1,1,0,0,1,0,0,1,0,0,0,0,0,0,0,0,0,0,0,0,0,0,0,0,0
210,Terror on the Prairie,(2022),,107.0,5.5,NaN,5540.0,0,0,0,0,0,0,1,0,0,0,0,0,0,0,0,0,0,0,0,0,0,1,1,0,1
211,Texas Rising,(2015),,60.0,6.7,NaN,4228.0,0,0,0,0,0,0,1,1,0,0,1,0,0,0,0,0,0,0,0,0,0,0,0,0,1
212,That Dirty Black Bag,(2022– ),,50.0,7.1,NaN,2651.0,0,0,0,0,0,0,1,0,0,0,0,0,0,0,0,0,0,1,0,0,0,0,0,0,1
213,The English,(2022– ),,NaN,8.2,NaN,18.0,0,0,0,0,0,0,1,0,0,0,0,0,0,0,0,0,0,0,0,0,0,0,1,0,1
214,The Hero,(I) (2017),R,96.0,6.5,61.0,9831.0,0,0,0,0,0,0,1,1,0,0,0,0,0,0,0,0,1,0,0,0,0,0,0,0,1
215,The Last Manhunt,,R,NaN,NaN,NaN,NaN,0,0,0,0,0,0,0,0,0,0,0,0,0,0,0,0,0,0,0,0,1,0,0,0,1
216,The Legend of Molly Johnson,(2021),,109.0,6.1,60.0,808.0,0,0,0,0,0,0,1,1,0,0,1,0,0,0,0,0,0,0,0,0,0,1,0,0,0
217,The Life and Legend of Wyatt Earp,(1955–1961),,30.0,7.6,NaN,973.0,0,0,0,0,0,0,0,1,0,0,0,0,0,0,0,0,0,0,0,0,0,0,0,0,1
218,The Old Way,(2022),R,NaN,NaN,NaN,NaN,1,0,0,0,0,0,0,0,0,0,0,0,0,0,0,0,0,0,0,0,1,0,0,0,1
219,The Ranch,(2016–2020),7,30.0,7.5,NaN,39108.0,0,0,0,0,1,0,1,0,0,0,0,0,0,0,0,0,0,0,0,0,0,0,1,0,1
220,The Rider,(2017),12,104.0,7.4,92.0,19080.0,0,0,0,0,0,0,1,1,0,0,0,0,0,0,0,0,0,0,0,0,0,0,0,0,1
221,The Ridiculous 6,(2015),13,119.0,4.8,18.0,49818.0,1,1,0,0,1,0,0,1,0,0,0,0,0,0,0,0,0,0,0,0,0,0,0,0,0
222,The Salvation,(2014),12,92.0,6.7,64.0,39901.0,1,0,0,0,0,0,1,0,0,0,0,0,0,0,0,0,0,1,0,0,0,1,0,0,0
223,The Son,(2017–2019),16,44.0,7.5,NaN,6533.0,0,0,0,0,0,0,1,1,0,0,1,0,0,0,0,0,0,0,0,0,0,0,0,0,1
224,Tierra de violencia,(2019),16,100.0,6.0,65.0,4080.0,0,0,0,0,0,0,1,1,0,0,0,0,0,0,0,0,0,0,0,0,0,0,0,0,1
225,Tin Man,(2007),,270.0,7.0,NaN,13932.0,0,1,0,0,0,0,0,1,0,1,0,0,0,0,0,0,0,0,1,0,0,0,0,0,0
226,Tombstone: La leyenda de Wyatt Earp,(1993),18,130.0,7.8,50.0,149607.0,0,0,0,1,0,0,1,0,0,0,1,0,0,0,0,0,0,0,0,0,0,0,1,0,0
227,Traición sin límites,(1987),13,105.0,6.6,51.0,7720.0,1,0,0,0,0,1,1,1,0,0,0,0,0,0,0,0,0,0,0,0,0,0,0,0,0
228,Tres amigos,(1986),A,104.0,6.5,52.0,76128.0,0,0,0,0,1,0,0,1,0,0,0,0,0,0,0,0,0,0,0,0,0,0,0,0,1
229,Trío de ases,(1983 TV Movie),,195.0,6.3,NaN,344.0,1,0,0,0,0,0,1,1,0,0,0,0,0,0,0,0,0,0,0,0,0,0,0,0,1
230,Un hombre,(1967),,111.0,7.4,80.0,12808.0,0,0,0,0,0,0,0,0,0,0,0,0,0,0,0,0,0,0,0,0,1,0,0,0,1
231,Un horizonte muy lejano,(1992),13,140.0,6.6,49.0,64468.0,0,1,0,0,0,0,1,0,0,0,0,0,0,0,0,0,1,1,0,0,0,0,0,0,0
232,Un vaquero sin rumbo,(1990),,119.0,6.9,51.0,22579.0,1,1,0,0,0,0,1,0,0,0,0,0,0,0,0,0,0,0,0,0,1,0,0,0,0
233,Valle de pasiones,(1965–1969),,60.0,7.6,NaN,3072.0,0,0,0,0,0,0,1,0,0,0,0,0,0,0,0,0,0,1,0,0,0,0,0,0,1
234,Valor de ley,(1969),T,128.0,7.4,83.0,47898.0,0,1,0,0,0,0,1,0,0,0,0,0,0,0,0,0,0,1,0,0,0,0,0,0,1
235,Valor de ley,(2010),7,110.0,7.6,80.0,339439.0,0,0,0,0,0,0,1,0,0,0,0,0,0,0,0,0,0,0,0,0,0,0,1,0,1
236,Vidas rebeldes,(1961),,125.0,7.2,77.0,21176.0,0,0,0,0,0,0,1,0,0,0,0,0,0,0,0,0,1,1,0,0,0,0,0,0,1
237,Walker,(2021– ),,42.0,6.1,NaN,12039.0,1,0,0,0,0,1,1,0,0,0,0,0,0,0,0,0,0,0,0,0,0,0,1,0,0
238,"Walker, Texas Ranger",(1993–2001),,43.0,5.5,NaN,17146.0,1,1,0,0,0,1,0,1,0,0,0,0,0,0,0,0,0,0,0,0,0,0,0,0,0
239,Walker: Independence,(2022– ),Not Rated,42.0,6.9,NaN,1266.0,1,0,0,0,0,1,1,0,0,0,0,0,0,0,0,0,0,0,0,0,0,0,1,0,0
240,Wild Wild West,(1999),T,106.0,4.9,38.0,161665.0,1,0,0,0,1,0,0,1,0,0,0,0,0,0,0,0,0,0,1,0,0,0,0,0,0
241,Winchester 73,(1950),,92.0,7.6,NaN,20123.0,1,0,0,0,0,0,1,1,0,0,0,0,0,0,0,0,0,0,0,0,0,0,0,0,1
242,Wind River,(2017),18,107.0,7.7,73.0,251320.0,0,0,0,0,0,1,1,0,0,0,0,0,0,0,1,0,0,0,0,0,0,0,1,0,0
243,Wyatt Earp,(1994),18,191.0,6.7,47.0,51590.0,1,1,0,1,0,0,0,0,0,0,0,0,0,0,0,0,0,0,0,0,0,0,1,0,0
244,Wynonna Earp,(2016–2021),16,43.0,7.3,NaN,22997.0,1,0,0,0,0,0,1,1,0,1,0,0,0,0,0,0,0,0,0,0,0,0,0,0,0
245,Yellowstone,(2018– ),16,60.0,8.7,NaN,130929.0,0,0,0,0,0,0,1,0,0,0,0,0,0,0,0,0,0,0,0,0,0,0,1,0,1
246,"Yellowstone Spinoff, 6666",,,NaN,NaN,NaN,NaN,0,0,0,0,0,0,1,0,0,0,0,0,0,0,0,0,0,0,0,0,1,0,0,0,1
247,Young Guns 3: Alias Billy the Kid,(2022),,NaN,NaN,NaN,NaN,0,0,0,0,0,0,0,0,0,0,0,0,0,0,0,0,0,0,0,0,1,0,0,0,1
248,Zafarrancho en el rancho,(2004),PG,76.0,5.3,50.0,23513.0,0,1,1,0,1,0,0,0,0,0,0,0,0,0,0,0,0,0,0,0,1,0,0,0,0
249,"¡Agáchate, maldito!",(1971),18,157.0,7.6,77.0,34979.0,0,0,0,0,0,0,1,1,0,0,0,0,0,0,0,0,0,0,0,0,0,0,0,1,1
